inscription_id	occupation_original	occupation_stripped	translation	category	hisco_code	matched_forms	form_count
4	γραμματεύς	γραμματευς	Scribe	Writing and the Book Trade	30120	γραμματεα	1
12	ἀρχιτέκτων	αρχιτεκτων	Architect	Construction	2120	αρχιτεκτονα	1
16	ἀρχιτέκτων	αρχιτεκτων	Architect	Construction	2120	αρχιτεκτονα	1
17	ἀρχιτέκτων	αρχιτεκτων	Architect	Construction	2120	αρχιτεκτονες	1
17	ἱεροποιός	ιεροποιος	Sacrificer	Miscellaneous	14990	ιεροποιοις	1
18	γραμματεύς	γραμματευς	Scribe	Writing and the Book Trade	30120	γραμματευς	1
19	ἀρχιτέκτων	αρχιτεκτων	Architect	Construction	2120	αρχιτεκτονος	1
20	γραμματεύς	γραμματευς	Scribe	Writing and the Book Trade	30120	γραμματεα	1
22	ἀρχιτέκτων	αρχιτεκτων	Architect	Construction	2120	αρχιτεκτονι	1
22	γραμματεύς	γραμματευς	Scribe	Writing and the Book Trade	30120	γραμματευς	1
24	ἀρχιτέκτων	αρχιτεκτων	Architect	Construction	2120	αρχιτεκτον	1
26	γραμματεύς	γραμματευς	Scribe	Writing and the Book Trade	30120	γραμματεα	1
29	γραμματεύς	γραμματευς	Scribe	Writing and the Book Trade	30120	γραμματεα|γραμματει|γραμματευς	3
31	γραμματεύς	γραμματευς	Scribe	Writing and the Book Trade	30120	γραμματεα	1
32	γραμματεύς	γραμματευς	Scribe	Writing and the Book Trade	30120	γραμματεα	1
35	ἱεροποιός	ιεροποιος	Sacrificer	Miscellaneous	14990	ιεροποιοι	1
37	γραμματεύς	γραμματευς	Scribe	Writing and the Book Trade	30120	γραμματεα	1
39	γραμματεύς	γραμματευς	Scribe	Writing and the Book Trade	30120	γραμματευς	1
40	γραμματεύς	γραμματευς	Scribe	Writing and the Book Trade	30120	γραμματευς	1
43	γραμματεύς	γραμματευς	Scribe	Writing and the Book Trade	30120	γραμματεα|γραμματευς	2
51	γραμματεύς	γραμματευς	Scribe	Writing and the Book Trade	30120	γραμματεα	1
63	ἱεροποιός	ιεροποιος	Sacrificer	Miscellaneous	14990	ιεροποιοις	1
73	χαλκεύς	χαλκευς	Smith	Metalwork	72110	χαλκει	1
74	χαλκεύς	χαλκευς	Smith	Metalwork	72110	χαλκει	1
82	ἀρχιτέκτων	αρχιτεκτων	Architect	Construction	2120	αρχιτεκτονι	1
82	ἰατρός	ιατρος	Doctor	Miscellaneous	6110	ιατροι	1
263	τέκτων	τεκτων	Carpenter/joiner	Woodwork	95110	τεκτον	1
279	κεραμεύς	κεραμευς	Potter	Ceramics	89120	κεραμευς	1
289	κεραμεύς	κεραμευς	Potter	Ceramics	89120	κεραμευς	1
294	κεραμεύς	κεραμευς	Potter	Ceramics	89120	κεραμευς	1
513	κεραμεύς	κεραμευς	Potter	Ceramics	89120	κεραμευς	1
532	γραμματεύς	γραμματευς	Scribe	Writing and the Book Trade	30120	γραμματευς	1
738	κελευστής	κελευστης	Rowing master	Seafaring/Maritime	98110	κελευστης	1
738	κυβερνήτης	κυβερνητης	Helmsman	Seafaring/Maritime	98110	κυβερνητης	1
738	ναυπηγός	ναυπηγος	Shipwright	Woodwork	73210	ναυπηγος	1
738	ναύτης	ναυτης	Sailor	Seafaring/Maritime	98110	ναυται	1
1067	γναφαλλουφάντης	γναφαλλουφαντης	Flock weaver	Textiles	75990	γναφαλλουφαντης	1
1086	ὑλότομος	υλοτομος	Woodcutter	Fuel and Raw Materials	71120	υλοτομον	1
1118	πυκτεύς	πυκτευς	Boxer	Sports and Competition	18990	πυκτει	1
1200	γραμματεύς	γραμματευς	Scribe	Writing and the Book Trade	30120	γραμματεα	1
1201	γραμματεύς	γραμματευς	Scribe	Writing and the Book Trade	30120	γραμματεα	1
1202	γραμματεύς	γραμματευς	Scribe	Writing and the Book Trade	30120	γραμματεα	1
1203	γραμματεύς	γραμματευς	Scribe	Writing and the Book Trade	30120	γραμματεα	1
1204	γραμματεύς	γραμματευς	Scribe	Writing and the Book Trade	30120	γραμματεα	1
1325	γραμματεύς	γραμματευς	Scribe	Writing and the Book Trade	30120	γραμματεα	1
1326	γραμματεύς	γραμματευς	Scribe	Writing and the Book Trade	30120	γραμματεα	1
1327	ἀγαλματοποιός	αγαλματοποιος	Statue maker	Stonework	16120	αγαλματοποιος	1
1327	ἀρτοποιός	αρτοποιος	Baker	Food Preparation and Retail	53120	αρτοποιος	1
1327	γεωργός	γεωργος	Farmer	Agriculture, Animal Husbandry	61110	γεωργος	1
1327	γναφεύς	γναφευς	Fuller	Textiles	75140	γναφευς	1
1327	οἰκοδομος	οικοδομος	Builder	Construction	95110	οικοδομος	1
1327	ὀνοκόμος	ονοκομος	Ass keeper	Transport	98510	ονοκομος	1
1327	τέκτων	τεκτων	Carpenter/joiner	Woodwork	95110	τεκτων	1
1329	γραμματεύς	γραμματευς	Scribe	Writing and the Book Trade	30120	γραμματεα	1
1330	γραμματεύς	γραμματευς	Scribe	Writing and the Book Trade	30120	γραμματεα	1
1333	γραμματεύς	γραμματευς	Scribe	Writing and the Book Trade	30120	γραμματεα	1
1336	γραμματεύς	γραμματευς	Scribe	Writing and the Book Trade	30120	γραμματευς	1
1337	γραμματεύς	γραμματευς	Scribe	Writing and the Book Trade	30120	γραμματεα	1
1339	γραμματεύς	γραμματευς	Scribe	Writing and the Book Trade	30120	γραμματευς	1
1341	γραμματεύς	γραμματευς	Scribe	Writing and the Book Trade	30120	γραμματεα	1
1344	γραμματεύς	γραμματευς	Scribe	Writing and the Book Trade	30120	γραμματεα	1
1349	γραμματεύς	γραμματευς	Scribe	Writing and the Book Trade	30120	γραμματεα|γραμματευς	2
1351	γραμματεύς	γραμματευς	Scribe	Writing and the Book Trade	30120	γραμματεα|γραμματευς	2
1352	γραμματεύς	γραμματευς	Scribe	Writing and the Book Trade	30120	γραμματεα|γραμματει	2
1353	γραμματεύς	γραμματευς	Scribe	Writing and the Book Trade	30120	γραμματεα	1
1355	γραμματεύς	γραμματευς	Scribe	Writing and the Book Trade	30120	γραμματεα	1
1359	ἀρχιτέκτων	αρχιτεκτων	Architect	Construction	2120	αρχιτεκτονας|αρχιτεκτονες|αρχιτεκτοσι	3
1359	γραμματεύς	γραμματευς	Scribe	Writing and the Book Trade	30120	γραμματεα|γραμματει	2
1361	γραμματεύς	γραμματευς	Scribe	Writing and the Book Trade	30120	γραμματεα	1
1362	γραμματεύς	γραμματευς	Scribe	Writing and the Book Trade	30120	γραμματεα	1
1363	γραμματεύς	γραμματευς	Scribe	Writing and the Book Trade	30120	γραμματευς	1
1367	γραμματεύς	γραμματευς	Scribe	Writing and the Book Trade	30120	γραμματεα	1
1368	γραμματεύς	γραμματευς	Scribe	Writing and the Book Trade	30120	γραμματεα	1
1374	γραμματεύς	γραμματευς	Scribe	Writing and the Book Trade	30120	γραμματεα	1
1374	ἱεροποιός	ιεροποιος	Sacrificer	Miscellaneous	14990	ιεροποιοι|ιεροποιον|ιεροποιους	3
1378	ἱεροποιός	ιεροποιος	Sacrificer	Miscellaneous	14990	ιεροποιοι|ιεροποιοις|ιεροποιους|ιεροποιων	4
1381	ἔμπορος	εμπορος	Maritime trader	Seafaring/Maritime	41110	εμποροις	1
1382	γραμματεύς	γραμματευς	Scribe	Writing and the Book Trade	30120	γραμματεα	1
1384	ἔμπορος	εμπορος	Maritime trader	Seafaring/Maritime	41110	εμποροι	1
1384	ναύκληρος	ναυκληρος	Shipmaster	Seafaring/Maritime	98110	ναυκληροι	1
1384	γραμματεύς	γραμματευς	Scribe	Writing and the Book Trade	30120	γραμματεα	1
1385	γραμματεύς	γραμματευς	Scribe	Writing and the Book Trade	30120	γραμματεα	1
1389	ὑποκριτής	υποκριτης	Actor	Drama and Entertainment	17120	υποκριτης	1
1391	γραμματεύς	γραμματευς	Scribe	Writing and the Book Trade	30120	γραμματεα	1
1393	ἱερεύς 	ιερευς 	Priest, sacrificer	Miscellaneous	14990	ιερευς 	1
1399	ἔμπορος	εμπορος	Maritime trader	Seafaring/Maritime	41110	εμπορων	1
1399	γραμματεύς	γραμματευς	Scribe	Writing and the Book Trade	30120	γραμματεα	1
1403	γραμματεύς	γραμματευς	Scribe	Writing and the Book Trade	30120	γραμματεα	1
1406	γραμματεύς	γραμματευς	Scribe	Writing and the Book Trade	30120	γραμματεα	1
1410	γραμματεύς	γραμματευς	Scribe	Writing and the Book Trade	30120	γραμματεα	1
1415	γραμματεύς	γραμματευς	Scribe	Writing and the Book Trade	30120	γραμματεα	1
1423	γραμματεύς	γραμματευς	Scribe	Writing and the Book Trade	30120	γραμματεα	1
1427	ἀρχιτέκτων	αρχιτεκτων	Architect	Construction	2120	αρχιτεκτονα|αρχιτεκτονας|αρχιτεκτονες|αρχιτεκτων	4
1427	γραμματεύς	γραμματευς	Scribe	Writing and the Book Trade	30120	γραμματεα	1
1429	ὑπηρετής	υπηρετης	Architect’s assistant	Construction	95990	υπηρετης	1
1431	γραμματεύς	γραμματευς	Scribe	Writing and the Book Trade	30120	γραμματεα	1
1432	γραμματεύς	γραμματευς	Scribe	Writing and the Book Trade	30120	γραμματεα	1
1435	γραμματεύς	γραμματευς	Scribe	Writing and the Book Trade	30120	γραμματεα	1
1442	γραμματεύς	γραμματευς	Scribe	Writing and the Book Trade	30120	γραμματεα	1
1445	γραμματεύς	γραμματευς	Scribe	Writing and the Book Trade	30120	γραμματεα	1
1447	γραμματεύς	γραμματευς	Scribe	Writing and the Book Trade	30120	γραμματεα	1
1448	γραμματεύς	γραμματευς	Scribe	Writing and the Book Trade	30120	γραμματεα	1
1448	ἱεροποιός	ιεροποιος	Sacrificer	Miscellaneous	14990	ιεροποιοις	1
1449	ἱππικός	ιππικος	Riding trainer	Education and Training	18190	ιππικον	1
1449	μουσικός	μουσικος	Musician	Drama and Entertainment	17320	μουσικον	1
1450	γραμματεύς	γραμματευς	Scribe	Writing and the Book Trade	30120	γραμματεα	1
1461	ἀρχιτέκτων	αρχιτεκτων	Architect	Construction	2120	αρχιτεκτων	1
1462	γραμματεύς	γραμματευς	Scribe	Writing and the Book Trade	30120	γραμματεα	1
1463	φιλόσοφος	φιλοσοφος	Philosopher/sophist	Education and Training	19190	φιλοσοφος	1
1463	γραμματεύς	γραμματευς	Scribe	Writing and the Book Trade	30120	γραμματεα	1
1470	γραμματεύς	γραμματευς	Scribe	Writing and the Book Trade	30120	γραμματεα	1
1471	γραμματεύς	γραμματευς	Scribe	Writing and the Book Trade	30120	γραμματεα	1
1472	γραμματεύς	γραμματευς	Scribe	Writing and the Book Trade	30120	γραμματεα	1
1474	γραμματεύς	γραμματευς	Scribe	Writing and the Book Trade	30120	γραμματεα	1
1476	γραμματεύς	γραμματευς	Scribe	Writing and the Book Trade	30120	γραμματεα	1
1477	γραμματεύς	γραμματευς	Scribe	Writing and the Book Trade	30120	γραμματεα	1
1478	γραμματεύς	γραμματευς	Scribe	Writing and the Book Trade	30120	γραμματεα	1
1479	γραμματεύς	γραμματευς	Scribe	Writing and the Book Trade	30120	γραμματεα	1
1481	γραμματεύς	γραμματευς	Scribe	Writing and the Book Trade	30120	γραμματεα	1
1483	γραμματεύς	γραμματευς	Scribe	Writing and the Book Trade	30120	γραμματεα	1
1484	γραμματεύς	γραμματευς	Scribe	Writing and the Book Trade	30120	γραμματεα	1
1486	γραμματεύς	γραμματευς	Scribe	Writing and the Book Trade	30120	γραμματεα	1
1487	γραμματεύς	γραμματευς	Scribe	Writing and the Book Trade	30120	γραμματεα	1
1488	γραμματεύς	γραμματευς	Scribe	Writing and the Book Trade	30120	γραμματεα	1
1489	γραμματεύς	γραμματευς	Scribe	Writing and the Book Trade	30120	γραμματεα	1
1490	γραμματεύς	γραμματευς	Scribe	Writing and the Book Trade	30120	γραμματεα	1
1491	γραμματεύς	γραμματευς	Scribe	Writing and the Book Trade	30120	γραμματεα	1
1492	γραμματεύς	γραμματευς	Scribe	Writing and the Book Trade	30120	γραμματεα	1
1493	γραμματεύς	γραμματευς	Scribe	Writing and the Book Trade	30120	γραμματεα	1
1494	γραμματεύς	γραμματευς	Scribe	Writing and the Book Trade	30120	γραμματεα	1
1495	γραμματεύς	γραμματευς	Scribe	Writing and the Book Trade	30120	γραμματεα	1
1500	γραμματεύς	γραμματευς	Scribe	Writing and the Book Trade	30120	γραμματεα	1
1501	γραμματεύς	γραμματευς	Scribe	Writing and the Book Trade	30120	γραμματεως	1
1502	γραμματεύς	γραμματευς	Scribe	Writing and the Book Trade	30120	γραμματεα	1
1503	γραμματεύς	γραμματευς	Scribe	Writing and the Book Trade	30120	γραμματεα	1
1505	γραμματεύς	γραμματευς	Scribe	Writing and the Book Trade	30120	γραμματεα	1
1506	γραμματεύς	γραμματευς	Scribe	Writing and the Book Trade	30120	γραμματεα	1
1507	γραμματεύς	γραμματευς	Scribe	Writing and the Book Trade	30120	γραμματεα	1
1509	γραμματεύς	γραμματευς	Scribe	Writing and the Book Trade	30120	γραμματεα	1
1510	διδάσκαλος	διδασκαλος	Teacher	Education and Training	13130	διδασκαλοις|διδασκαλους|διδασκαλων	3
1510	ὁπλομάχος	οπλομαχος	Weapons trainer	Education and Training	18190	οπλομαχον	1
1510	παιδοτρίβης	παιδοτριβης	Physical trainer	Education and Training	18190	παιδοτριβην	1
1510	ὑπηρετής	υπηρετης	Architect’s assistant	Construction	95990	υπηρετην	1
1510	γραμματεύς	γραμματευς	Scribe	Writing and the Book Trade	30120	γραμματεα	1
1511	διδάσκαλος	διδασκαλος	Teacher	Education and Training	13130	διδασκαλους	1
1511	ὁπλομάχος	οπλομαχος	Weapons trainer	Education and Training	18190	οπλομαχον	1
1511	παιδοτρίβης	παιδοτριβης	Physical trainer	Education and Training	18190	παιδοτριβην	1
1511	ὑπηρετής	υπηρετης	Architect’s assistant	Construction	95990	υπηρετην	1
1511	γραμματεύς	γραμματευς	Scribe	Writing and the Book Trade	30120	γραμματεα	1
1514	διδάσκαλος	διδασκαλος	Teacher	Education and Training	13130	διδασκαλοις|διδασκαλους|διδασκαλων	3
1514	ὁπλομάχος	οπλομαχος	Weapons trainer	Education and Training	18190	οπλομαχον	1
1514	παιδοτρίβης	παιδοτριβης	Physical trainer	Education and Training	18190	παιδοτριβην	1
1514	ὑπηρετής	υπηρετης	Architect’s assistant	Construction	95990	υπηρετην	1
1514	φιλόσοφος	φιλοσοφος	Philosopher/sophist	Education and Training	19190	φιλοσοφοις	1
1514	γραμματεύς	γραμματευς	Scribe	Writing and the Book Trade	30120	γραμματεα	1
1515	γραμματικός	γραμματικος	Grammarian	Literature and Scholarship	13920	γραμματικων	1
1515	φιλόσοφος	φιλοσοφος	Philosopher/sophist	Education and Training	19190	φιλοσοφων	1
1518	γραμματεύς	γραμματευς	Scribe	Writing and the Book Trade	30120	γραμματεα	1
1519	γραμματεύς	γραμματευς	Scribe	Writing and the Book Trade	30120	γραμματεα	1
1520	γραμματεύς	γραμματευς	Scribe	Writing and the Book Trade	30120	γραμματευς	1
1522	γραμματεύς	γραμματευς	Scribe	Writing and the Book Trade	30120	γραμματευς	1
1525	γραμματεύς	γραμματευς	Scribe	Writing and the Book Trade	30120	γραμματεα	1
1529	γραμματεύς	γραμματευς	Scribe	Writing and the Book Trade	30120	γραμματευς	1
1529	ἱερεύς 	ιερευς 	Priest, sacrificer	Miscellaneous	14990	ιερευς 	1
1536	ἱερεύς 	ιερευς 	Priest, sacrificer	Miscellaneous	14990	ιερευς 	1
1566	γεωργός	γεωργος	Farmer	Agriculture, Animal Husbandry	61110	γεωργοι	1
1570	γραμματεύς	γραμματευς	Scribe	Writing and the Book Trade	30120	γραμματεα	1
1583	γραμματεύς	γραμματευς	Scribe	Writing and the Book Trade	30120	γραμματεα	1
1583	ἱεροποιός	ιεροποιος	Sacrificer	Miscellaneous	14990	ιεροποιοι	1
1595	χαλκεύς	χαλκευς	Smith	Metalwork	72110	χαλκει	1
1596	ἱπποδρόμος	ιπποδρομος	Charioteer	Sports and Competition	18990	ιπποδρομων	1
1597	χαλκεύς	χαλκευς	Smith	Metalwork	72110	χαλκει	1
1597	γραμματεύς	γραμματευς	Scribe	Writing and the Book Trade	30120	γραμματεα	1
1598	γραμματεύς	γραμματευς	Scribe	Writing and the Book Trade	30120	γραμματεα	1
1608	γραμματεύς	γραμματευς	Scribe	Writing and the Book Trade	30120	γραμματεα	1
1609	μουσικός	μουσικος	Musician	Drama and Entertainment	17320	μουσικους	1
1610	ἱερεύς 	ιερευς 	Priest, sacrificer	Miscellaneous	14990	ιερευς 	1
1613	ἱερεύς 	ιερευς 	Priest, sacrificer	Miscellaneous	14990	ιερευς 	1
1620	ἱεροποιός	ιεροποιος	Sacrificer	Miscellaneous	14990	ιεροποιων	1
1622	ἀρχιτέκτων	αρχιτεκτων	Architect	Construction	2120	αρχιτεκτονι	1
1622	γραμματεύς	γραμματευς	Scribe	Writing and the Book Trade	30120	γραμματει	1
1653	ἀρχιτέκτων	αρχιτεκτων	Architect	Construction	2120	αρχιτεκτων	1
1655	ἀρχιτέκτων	αρχιτεκτων	Architect	Construction	2120	αρχιτεκτων	1
1657	ἀρχιτέκτων	αρχιτεκτων	Architect	Construction	2120	αρχιτεκτονι	1
1657	ἔμπορος	εμπορος	Maritime trader	Seafaring/Maritime	41110	εμπορου	1
1657	πορθμεύς	πορθμευς	Ferryman	Seafaring/Maritime	98110	πορθμει	1
1657	πρίστης	πριστης	Sawyer	Woodwork	73990	πρισταις|πριστων	2
1657	ἱεροποιός	ιεροποιος	Sacrificer	Miscellaneous	14990	ιεροποιοις	1
1658	ἀρχιτέκτων	αρχιτεκτων	Architect	Construction	2120	αρχιτεκτονι	1
1658	στυππειοπλόκος	στυππειοπλοκος	Ropemaker	Textiles	75990	στυππειοπλοκου	1
1658	τέκτων	τεκτων	Carpenter/joiner	Woodwork	95110	τεκτονι	1
1659	ὑπηρετής	υπηρετης	Architect’s assistant	Construction	95990	υπηρεταις	1
1659	χαλκεύς	χαλκευς	Smith	Metalwork	72110	χαλκευσι	1
1661	ἀρχιτέκτων	αρχιτεκτων	Architect	Construction	2120	αρχιτεκτονι	1
1665	ἀρχιτέκτων	αρχιτεκτων	Architect	Construction	2120	αρχιτεκτων	1
1666	ἀρχιτέκτων	αρχιτεκτων	Architect	Construction	2120	αρχιτεκτονα	1
1672	γραμματεύς	γραμματευς	Scribe	Writing and the Book Trade	30120	γραμματεων	1
1673	γραμματεύς	γραμματευς	Scribe	Writing and the Book Trade	30120	γραμματευς	1
1675	γραμματεύς	γραμματευς	Scribe	Writing and the Book Trade	30120	γραμματευς	1
1676	γραμματεύς	γραμματευς	Scribe	Writing and the Book Trade	30120	γραμματευς	1
1680	γραμματεύς	γραμματευς	Scribe	Writing and the Book Trade	30120	γραμματευς	1
1683	γραμματεύς	γραμματευς	Scribe	Writing and the Book Trade	30120	γραμματευς	1
1685	ἱεροποιός	ιεροποιος	Sacrificer	Miscellaneous	14990	ιεροποιους	1
1686	γραμματεύς	γραμματευς	Scribe	Writing and the Book Trade	30120	γραμματευς	1
1687	γραμματεύς	γραμματευς	Scribe	Writing and the Book Trade	30120	γραμματευς	1
1694	γραμματεύς	γραμματευς	Scribe	Writing and the Book Trade	30120	γραμματευς	1
1700	γραμματεύς	γραμματευς	Scribe	Writing and the Book Trade	30120	γραμματευς	1
1700	ἱερεύς 	ιερευς 	Priest, sacrificer	Miscellaneous	14990	ιερευς 	1
1704	γραμματεύς	γραμματευς	Scribe	Writing and the Book Trade	30120	γραμματευς	1
1705	γραμματεύς	γραμματευς	Scribe	Writing and the Book Trade	30120	γραμματευς	1
1709	γραμματεύς	γραμματευς	Scribe	Writing and the Book Trade	30120	γραμματευς	1
1711	γραμματεύς	γραμματευς	Scribe	Writing and the Book Trade	30120	γραμματευς	1
1712	γραμματεύς	γραμματευς	Scribe	Writing and the Book Trade	30120	γραμματευς	1
1713	γραμματεύς	γραμματευς	Scribe	Writing and the Book Trade	30120	γραμματευς	1
1714	γραμματεύς	γραμματευς	Scribe	Writing and the Book Trade	30120	γραμματευς	1
1720	γραμματεύς	γραμματευς	Scribe	Writing and the Book Trade	30120	γραμματευς	1
1721	γραμματεύς	γραμματευς	Scribe	Writing and the Book Trade	30120	γραμματευς	1
1726	γραμματεύς	γραμματευς	Scribe	Writing and the Book Trade	30120	γραμματευς	1
1726	ἱερεύς 	ιερευς 	Priest, sacrificer	Miscellaneous	14990	ιερευς 	1
1727	γραμματεύς	γραμματευς	Scribe	Writing and the Book Trade	30120	γραμματευς	1
1732	γραμματεύς	γραμματευς	Scribe	Writing and the Book Trade	30120	γραμματευς	1
1732	ἱερεύς 	ιερευς 	Priest, sacrificer	Miscellaneous	14990	ιερευς 	1
1733	γραμματεύς	γραμματευς	Scribe	Writing and the Book Trade	30120	γραμματευς	1
1733	ἱερεύς 	ιερευς 	Priest, sacrificer	Miscellaneous	14990	ιερευς 	1
1734	γραμματεύς	γραμματευς	Scribe	Writing and the Book Trade	30120	γραμματευς	1
1734	ἱερεύς 	ιερευς 	Priest, sacrificer	Miscellaneous	14990	ιερευς 	1
1735	γραμματεύς	γραμματευς	Scribe	Writing and the Book Trade	30120	γραμματευς	1
1736	γραμματεύς	γραμματευς	Scribe	Writing and the Book Trade	30120	γραμματευς	1
1736	ἱερεύς 	ιερευς 	Priest, sacrificer	Miscellaneous	14990	ιερευς 	1
1739	ἱερεύς 	ιερευς 	Priest, sacrificer	Miscellaneous	14990	ιερευς 	1
1744	γραμματεύς	γραμματευς	Scribe	Writing and the Book Trade	30120	γραμματευς	1
1744	ἱερεύς 	ιερευς 	Priest, sacrificer	Miscellaneous	14990	ιερευς 	1
1745	γραμματεύς	γραμματευς	Scribe	Writing and the Book Trade	30120	γραμματευς	1
1747	γραμματεύς	γραμματευς	Scribe	Writing and the Book Trade	30120	γραμματευς	1
1756	γραμματεύς	γραμματευς	Scribe	Writing and the Book Trade	30120	γραμματευς	1
1761	γραμματεύς	γραμματευς	Scribe	Writing and the Book Trade	30120	γραμματευς	1
1766	γραμματεύς	γραμματευς	Scribe	Writing and the Book Trade	30120	γραμματευς	1
1771	γραμματεύς	γραμματευς	Scribe	Writing and the Book Trade	30120	γραμματευς	1
1774	ἱερεύς 	ιερευς 	Priest, sacrificer	Miscellaneous	14990	ιερευς 	1
1775	κελευστής	κελευστης	Rowing master	Seafaring/Maritime	98110	κελευστης	1
1775	κυβερνήτης	κυβερνητης	Helmsman	Seafaring/Maritime	98110	κυβερνητης	1
1775	ναυπηγός	ναυπηγος	Shipwright	Woodwork	73210	ναυπηγος	1
1775	ναύτης	ναυτης	Sailor	Seafaring/Maritime	98110	ναυται	1
1777	γραμματεύς	γραμματευς	Scribe	Writing and the Book Trade	30120	γραμματευς	1
1778	παιδοτρίβης	παιδοτριβης	Physical trainer	Education and Training	18190	παιδοτριβην	1
1778	γραμματεύς	γραμματευς	Scribe	Writing and the Book Trade	30120	γραμματεα	1
1780	ὁπλομάχος	οπλομαχος	Weapons trainer	Education and Training	18190	οπλομαχος	1
1786	ὁπλομάχος	οπλομαχος	Weapons trainer	Education and Training	18190	οπλομαχος	1
1786	παιδοτρίβης	παιδοτριβης	Physical trainer	Education and Training	18190	παιδοτριβης	1
1799	διδάσκαλος	διδασκαλος	Teacher	Education and Training	13130	διδασκαλος	1
1799	ὁπλομάχος	οπλομαχος	Weapons trainer	Education and Training	18190	οπλομαχος	1
1799	παιδοτρίβης	παιδοτριβης	Physical trainer	Education and Training	18190	παιδοτριβης	1
1799	καψάριος	καψαριος	Maker of small bags	Leatherwork and Footwear	80110	καψαριος	1
1799	γραμματεύς	γραμματευς	Scribe	Writing and the Book Trade	30120	γραμματευς	1
1799	ἱερεύς 	ιερευς 	Priest, sacrificer	Miscellaneous	14990	ιερευς 	1
1806	πένταθλος	πενταθλος	Pentathlete	Sports and Competition	18990	πενταθλον	1
1807	ἡνίοχος	ηνιοχος	charioteer	Transport	98510	ηνιοχος	1
1807	πένταθλος	πενταθλος	Pentathlete	Sports and Competition	18990	πενταθλον	1
1808	ἡνίοχος	ηνιοχος	charioteer	Transport	98510	ηνιοχος	1
1808	πένταθλος	πενταθλος	Pentathlete	Sports and Competition	18990	πενταθλον	1
1809	ἡνίοχος	ηνιοχος	charioteer	Transport	98510	ηνιοχος	1
1810	ὑποκριτής	υποκριτης	Actor	Drama and Entertainment	17120	υποκριτων	1
1826	κάπηλος	καπηλος	Retailer	Miscellaneous Retail	49190	καπηλος	1
1848	ἱερεύς 	ιερευς 	Priest, sacrificer	Miscellaneous	14990	ιερευς 	1
1852	πρίστης	πριστης	Sawyer	Woodwork	73990	πριστη	1
1883	ἱερεύς 	ιερευς 	Priest, sacrificer	Miscellaneous	14990	ιερευς 	1
1894	ἱερεύς 	ιερευς 	Priest, sacrificer	Miscellaneous	14990	ιερευς 	1
1924	ποιητής	ποιητης	Maker, poet	Literature and Scholarship	17150	ποιητης	1
1924	ὑποκριτής	υποκριτης	Actor	Drama and Entertainment	17120	υποκριτης	1
1938	πένταθλος	πενταθλος	Pentathlete	Sports and Competition	18990	πενταθλον	1
1939	πένταθλος	πενταθλος	Pentathlete	Sports and Competition	18990	πενταθλον	1
1973	ἱερεύς 	ιερευς 	Priest, sacrificer	Miscellaneous	14990	ιερευς 	1
2029	ἀρχιτέκτων	αρχιτεκτων	Architect	Construction	2120	αρχιτεκτονων	1
2039	περιηγητής	περιηγητης	Traveler	Exploration and Travel	43190	περιηγητης	1
2039	ἱερεύς 	ιερευς 	Priest, sacrificer	Miscellaneous	14990	ιερευς 	1
2066	ἱερεύς 	ιερευς 	Priest, sacrificer	Miscellaneous	14990	ιερευς 	1
2087	σοφιστής	σοφιστης	Philosopher/sophist	Education and Training	19190	σοφιστην	1
2113	φιλόσοφος	φιλοσοφος	Philosopher/sophist	Education and Training	19190	φιλοσοφον	1
2116	σοφιστής	σοφιστης	Philosopher/sophist	Education and Training	19190	σοφιστης	1
2116	φιλόσοφος	φιλοσοφος	Philosopher/sophist	Education and Training	19190	φιλοσοφων	1
2150	φιλόσοφος	φιλοσοφος	Philosopher/sophist	Education and Training	19190	φιλοσοφου	1
2169	γραμματεύς	γραμματευς	Scribe	Writing and the Book Trade	30120	γραμματεως	1
2206	ποιητής	ποιητης	Maker, poet	Literature and Scholarship	17150	ποιητης	1
2244	ἱερεύς 	ιερευς 	Priest, sacrificer	Miscellaneous	14990	ιερευς 	1
2247	ἱερεύς 	ιερευς 	Priest, sacrificer	Miscellaneous	14990	ιερευς 	1
2255	ἱερεύς 	ιερευς 	Priest, sacrificer	Miscellaneous	14990	ιερευς 	1
2258	ἱερεύς 	ιερευς 	Priest, sacrificer	Miscellaneous	14990	ιερευς 	1
2269	ἱερεύς 	ιερευς 	Priest, sacrificer	Miscellaneous	14990	ιερευς 	1
2447	γναφαλλουφάντης	γναφαλλουφαντης	Flock weaver	Textiles	75990	γναφαλλουφαντης	1
2725	ἱερεύς 	ιερευς 	Priest, sacrificer	Miscellaneous	14990	ιερευς 	1
2815	ἔμπορος	εμπορος	Maritime trader	Seafaring/Maritime	41110	εμπορον	1
2818	ἀργυροκόπος	αργυροκοπος	Coin minter	Metalwork	72110	αργυροκοπος	1
3242	ἱερεύς 	ιερευς 	Priest, sacrificer	Miscellaneous	14990	ιερευς 	1
3284	διδάσκαλος	διδασκαλος	Teacher	Education and Training	13130	διδασκαλου	1
3379	ἀρχιτέκτων	αρχιτεκτων	Architect	Construction	2120	αρχιτεκτων	1
3394	γραμματεύς	γραμματευς	Scribe	Writing and the Book Trade	30120	γραμματευς	1
3485	ἱερεύς 	ιερευς 	Priest, sacrificer	Miscellaneous	14990	ιερευς 	1
3495	ἱερεύς 	ιερευς 	Priest, sacrificer	Miscellaneous	14990	ιερευς 	1
3640	γραμματεύς	γραμματευς	Scribe	Writing and the Book Trade	30120	γραμματεα	1
3641	φιλόσοφος	φιλοσοφος	Philosopher/sophist	Education and Training	19190	φιλοσοφον	1
3668	τέκτων	τεκτων	Carpenter/joiner	Woodwork	95110	τεκτονων	1
3669	γραμματεύς	γραμματευς	Scribe	Writing and the Book Trade	30120	γραμματεις	1
3809	γραμματεύς	γραμματευς	Scribe	Writing and the Book Trade	30120	γραμματευς	1
3814	ναύτης	ναυτης	Sailor	Seafaring/Maritime	98110	ναυτην	1
3814	ὑπηρετής	υπηρετης	Architect’s assistant	Construction	95990	υπηρετας	1
3814	γραμματεύς	γραμματευς	Scribe	Writing and the Book Trade	30120	γραμματεις|γραμματευσι	2
3819	γραμματεύς	γραμματευς	Scribe	Writing and the Book Trade	30120	γραμματευς	1
3826	γραμματεύς	γραμματευς	Scribe	Writing and the Book Trade	30120	γραμματεα	1
3827	γραμματεύς	γραμματευς	Scribe	Writing and the Book Trade	30120	γραμματεα|γραμματευς	2
3845	πένταθλος	πενταθλος	Pentathlete	Sports and Competition	18990	πενταθλος	1
3849	ἀρχιτέκτων	αρχιτεκτων	Architect	Construction	2120	αρχιτεκτονι|αρχιτεκτων	2
3850	ἀρχιτέκτων	αρχιτεκτων	Architect	Construction	2120	αρχιτεκτον	1
3850	χαλκεύς	χαλκευς	Smith	Metalwork	72110	χαλκεων	1
3853	χαλκεύς	χαλκευς	Smith	Metalwork	72110	χαλκεων	1
3857	χαλκεύς	χαλκευς	Smith	Metalwork	72110	χαλκεων	1
3863	ἀρχιτέκτων	αρχιτεκτων	Architect	Construction	2120	αρχιτεκτονος	1
3869	ὑπηρετής	υπηρετης	Architect’s assistant	Construction	95990	υπηρεταις|υπηρετας	2
3870	ἰατρός	ιατρος	Doctor	Miscellaneous	6110	ιατρων	1
4003	ἱερεύς 	ιερευς 	Priest, sacrificer	Miscellaneous	14990	ιερευς 	1
4059	γραμματεύς	γραμματευς	Scribe	Writing and the Book Trade	30120	γραμματευς	1
4147	ἱερεύς 	ιερευς 	Priest, sacrificer	Miscellaneous	14990	ιερευς 	1
4152	ἱερεύς 	ιερευς 	Priest, sacrificer	Miscellaneous	14990	ιερευς 	1
4153	ἱερεύς 	ιερευς 	Priest, sacrificer	Miscellaneous	14990	ιερευς 	1
4164	ἱερεύς 	ιερευς 	Priest, sacrificer	Miscellaneous	14990	ιερευς 	1
4170	ἱερεύς 	ιερευς 	Priest, sacrificer	Miscellaneous	14990	ιερευς 	1
4173	ἱερεύς 	ιερευς 	Priest, sacrificer	Miscellaneous	14990	ιερευς 	1
4174	ἱερεύς 	ιερευς 	Priest, sacrificer	Miscellaneous	14990	ιερευς 	1
4175	ἱερεύς 	ιερευς 	Priest, sacrificer	Miscellaneous	14990	ιερευς 	1
4176	ἱερεύς 	ιερευς 	Priest, sacrificer	Miscellaneous	14990	ιερευς 	1
4177	ἱερεύς 	ιερευς 	Priest, sacrificer	Miscellaneous	14990	ιερευς 	1
4178	ἱερεύς 	ιερευς 	Priest, sacrificer	Miscellaneous	14990	ιερευς 	1
4183	ἱερεύς 	ιερευς 	Priest, sacrificer	Miscellaneous	14990	ιερευς 	1
4184	ἱερεύς 	ιερευς 	Priest, sacrificer	Miscellaneous	14990	ιερευς 	1
4185	ἱερεύς 	ιερευς 	Priest, sacrificer	Miscellaneous	14990	ιερευς 	1
4186	ἱερεύς 	ιερευς 	Priest, sacrificer	Miscellaneous	14990	ιερευς 	1
4187	ἱερεύς 	ιερευς 	Priest, sacrificer	Miscellaneous	14990	ιερευς 	1
4189	ἱερεύς 	ιερευς 	Priest, sacrificer	Miscellaneous	14990	ιερευς 	1
4190	ἱερεύς 	ιερευς 	Priest, sacrificer	Miscellaneous	14990	ιερευς 	1
4193	ἱερεύς 	ιερευς 	Priest, sacrificer	Miscellaneous	14990	ιερευς 	1
4213	ἱερεύς 	ιερευς 	Priest, sacrificer	Miscellaneous	14990	ιερευς 	1
4226	ἱερεύς 	ιερευς 	Priest, sacrificer	Miscellaneous	14990	ιερευς 	1
4227	ἱερεύς 	ιερευς 	Priest, sacrificer	Miscellaneous	14990	ιερευς 	1
4228	ἱερεύς 	ιερευς 	Priest, sacrificer	Miscellaneous	14990	ιερευς 	1
4234	ἱερεύς 	ιερευς 	Priest, sacrificer	Miscellaneous	14990	ιερευς 	1
4291	ἱερεύς 	ιερευς 	Priest, sacrificer	Miscellaneous	14990	ιερευς 	1
4292	ἱερεύς 	ιερευς 	Priest, sacrificer	Miscellaneous	14990	ιερευς 	1
4306	ἱερεύς 	ιερευς 	Priest, sacrificer	Miscellaneous	14990	ιερευς 	1
4307	ἱερεύς 	ιερευς 	Priest, sacrificer	Miscellaneous	14990	ιερευς 	1
4310	ἱερεύς 	ιερευς 	Priest, sacrificer	Miscellaneous	14990	ιερευς 	1
4323	ἱερεύς 	ιερευς 	Priest, sacrificer	Miscellaneous	14990	ιερευς 	1
4331	ἱερεύς 	ιερευς 	Priest, sacrificer	Miscellaneous	14990	ιερευς 	1
4509	ἱερεύς 	ιερευς 	Priest, sacrificer	Miscellaneous	14990	ιερευς 	1
4516	ἀρχιτέκτων	αρχιτεκτων	Architect	Construction	2120	αρχιτεκτων	1
4517	ἀρχιτέκτων	αρχιτεκτων	Architect	Construction	2120	αρχιτεκτων	1
4521	γραμματεύς	γραμματευς	Scribe	Writing and the Book Trade	30120	γραμματει	1
4532	πένταθλος	πενταθλος	Pentathlete	Sports and Competition	18990	πενταθλος	1
4533	γραμματεύς	γραμματευς	Scribe	Writing and the Book Trade	30120	γραμματεις|γραμματευς	2
4540	γραμματεύς	γραμματευς	Scribe	Writing and the Book Trade	30120	γραμματεα	1
4544	γραμματεύς	γραμματευς	Scribe	Writing and the Book Trade	30120	γραμματευς	1
4546	γραμματεύς	γραμματευς	Scribe	Writing and the Book Trade	30120	γραμματευς	1
4548	γραμματεύς	γραμματευς	Scribe	Writing and the Book Trade	30120	γραμματευς	1
4550	ἱερεύς 	ιερευς 	Priest, sacrificer	Miscellaneous	14990	ιερευς 	1
4551	γραμματεύς	γραμματευς	Scribe	Writing and the Book Trade	30120	γραμματευς	1
4553	γραμματεύς	γραμματευς	Scribe	Writing and the Book Trade	30120	γραμματευς	1
4554	γραμματεύς	γραμματευς	Scribe	Writing and the Book Trade	30120	γραμματευς	1
4554	ἱερεύς 	ιερευς 	Priest, sacrificer	Miscellaneous	14990	ιερευς 	1
4560	γραμματεύς	γραμματευς	Scribe	Writing and the Book Trade	30120	γραμματευς	1
4562	ὑπηρετής	υπηρετης	Architect’s assistant	Construction	95990	υπηρετας	1
4562	γραμματεύς	γραμματευς	Scribe	Writing and the Book Trade	30120	γραμματευς	1
4574	γραμματεύς	γραμματευς	Scribe	Writing and the Book Trade	30120	γραμματευς	1
4584	ὑπηρετής	υπηρετης	Architect’s assistant	Construction	95990	υπηρετης	1
4587	γραμματεύς	γραμματευς	Scribe	Writing and the Book Trade	30120	γραμματευς	1
4590	ὑπηρετής	υπηρετης	Architect’s assistant	Construction	95990	υπηρετης	1
4590	γραμματεύς	γραμματευς	Scribe	Writing and the Book Trade	30120	γραμματευς	1
4609	γραμματεύς	γραμματευς	Scribe	Writing and the Book Trade	30120	γραμματευς	1
4614	γραμματεύς	γραμματευς	Scribe	Writing and the Book Trade	30120	γραμματεις	1
4626	ἱερεύς 	ιερευς 	Priest, sacrificer	Miscellaneous	14990	ιερευς 	1
4627	γραμματεύς	γραμματευς	Scribe	Writing and the Book Trade	30120	γραμματευς	1
4629	γραμματεύς	γραμματευς	Scribe	Writing and the Book Trade	30120	γραμματευς	1
4632	γραμματεύς	γραμματευς	Scribe	Writing and the Book Trade	30120	γραμματευς	1
4633	φιλόσοφος	φιλοσοφος	Philosopher/sophist	Education and Training	19190	φιλοσοφος	1
4633	γραμματεύς	γραμματευς	Scribe	Writing and the Book Trade	30120	γραμματευς	1
4634	φιλόσοφος	φιλοσοφος	Philosopher/sophist	Education and Training	19190	φιλοσοφος	1
4636	γραμματεύς	γραμματευς	Scribe	Writing and the Book Trade	30120	γραμματευς	1
4642	γραμματικός	γραμματικος	Grammarian	Literature and Scholarship	13920	γραμματικος	1
4656	ὑπηρετής	υπηρετης	Architect’s assistant	Construction	95990	υπηρεται	1
4656	γραμματεύς	γραμματευς	Scribe	Writing and the Book Trade	30120	γραμματεις|γραμματευς	2
4660	γραμματεύς	γραμματευς	Scribe	Writing and the Book Trade	30120	γραμματευς	1
4669	γραμματεύς	γραμματευς	Scribe	Writing and the Book Trade	30120	γραμματευς	1
4674	γραμματεύς	γραμματευς	Scribe	Writing and the Book Trade	30120	γραμματευς	1
4682	ἰατρός	ιατρος	Doctor	Miscellaneous	6110	ιατρος	1
4685	γραμματεύς	γραμματευς	Scribe	Writing and the Book Trade	30120	γραμματευς	1
4692	ἀρχιτέκτων	αρχιτεκτων	Architect	Construction	2120	αρχιτεκτων	1
4692	γραμματεύς	γραμματευς	Scribe	Writing and the Book Trade	30120	γραμματεως	1
4698	ὑπηρετής	υπηρετης	Architect’s assistant	Construction	95990	υπηρετην	1
4698	γραμματεύς	γραμματευς	Scribe	Writing and the Book Trade	30120	γραμματευς	1
4703	γραμματεύς	γραμματευς	Scribe	Writing and the Book Trade	30120	γραμματευς	1
4703	ἰατρός	ιατρος	Doctor	Miscellaneous	6110	ιατρος	1
4730	γραμματεύς	γραμματευς	Scribe	Writing and the Book Trade	30120	γραμματευς	1
4732	βαφεύς	βαφευς	Dyer	Textiles	75120	βαφευς	1
4732	ὑπηρετής	υπηρετης	Architect’s assistant	Construction	95990	υπηρετας	1
4732	γραμματεύς	γραμματευς	Scribe	Writing and the Book Trade	30120	γραμματευς	1
4733	ἀρτοκόπος	αρτοκοπος	Baker	Food Preparation and Retail	53120	αρτοκοπος	1
4733	ἀρχιτέκτων	αρχιτεκτων	Architect	Construction	2120	αρχιτεκτων	1
4733	διδάσκαλος	διδασκαλος	Teacher	Education and Training	13130	διδασκαλος	1
4733	κιθαριστής	κιθαριστης	Kithara teacher/player	Education and Training	13920	κιθαριστας	1
4733	ὑπηρετής	υπηρετης	Architect’s assistant	Construction	95990	υπηρετας	1
4733	χρυσώτής	χρυσωτης	Gilder	Metalwork	72110	χρυσωτας	1
4733	ἱερεύς 	ιερευς 	Priest, sacrificer	Miscellaneous	14990	ιερευς 	1
4734	γραμματεύς	γραμματευς	Scribe	Writing and the Book Trade	30120	γραμματευς	1
4735	γραμματεύς	γραμματευς	Scribe	Writing and the Book Trade	30120	γραμματευς	1
4736	γραμματεύς	γραμματευς	Scribe	Writing and the Book Trade	30120	γραμματευς	1
5011	γραμματεύς	γραμματευς	Scribe	Writing and the Book Trade	30120	γραμματεα	1
5032	διδάσκαλος	διδασκαλος	Teacher	Education and Training	13130	διδασκαλοι	1
5074	ὁπλομάχος	οπλομαχος	Weapons trainer	Education and Training	18190	οπλομαχοι	1
5075	διδάσκαλος	διδασκαλος	Teacher	Education and Training	13130	διδασκαλου	1
5095	ὑπηρετής	υπηρετης	Architect’s assistant	Construction	95990	υπηρεται	1
5096	φιλόσοφος	φιλοσοφος	Philosopher/sophist	Education and Training	19190	φιλοσοφω	1
5132	ποιητής	ποιητης	Maker, poet	Literature and Scholarship	17150	ποιητης	1
5137	γραμματεύς	γραμματευς	Scribe	Writing and the Book Trade	30120	γραμματεως	1
5177	γραμματεύς	γραμματευς	Scribe	Writing and the Book Trade	30120	γραμματεως	1
5205	πένταθλος	πενταθλος	Pentathlete	Sports and Competition	18990	πενταθλον	1
5313	ἱεροποιός	ιεροποιος	Sacrificer	Miscellaneous	14990	ιεροποιε	1
5528	ἀρχιτέκτων	αρχιτεκτων	Architect	Construction	2120	αρχιτεκτονι	1
5528	διδάσκαλος	διδασκαλος	Teacher	Education and Training	13130	διδασκαλω	1
5528	ἱππικός	ιππικος	Riding trainer	Education and Training	18190	ιππικων	1
5528	σοφιστής	σοφιστης	Philosopher/sophist	Education and Training	19190	σοφιστη	1
5532	ἰατρός	ιατρος	Doctor	Miscellaneous	6110	ιατρων	1
5563	ἰατρός	ιατρος	Doctor	Miscellaneous	6110	ιατρος	1
5565	ὁπλομάχος	οπλομαχος	Weapons trainer	Education and Training	18190	οπλομαχου	1
5596	ἰατρός	ιατρος	Doctor	Miscellaneous	6110	ιατρον	1
5610	ναύκληρος	ναυκληρος	Shipmaster	Seafaring/Maritime	98110	ναυκληρος	1
5619	ἰατρός	ιατρος	Doctor	Miscellaneous	6110	ιατρος	1
5655	ἱερεύς 	ιερευς 	Priest, sacrificer	Miscellaneous	14990	ιερευς 	1
5707	ὑπηρετής	υπηρετης	Architect’s assistant	Construction	95990	υπηρετης	1
5707	γραμματεύς	γραμματευς	Scribe	Writing and the Book Trade	30120	γραμματευς	1
5708	γραμματεύς	γραμματευς	Scribe	Writing and the Book Trade	30120	γραμματευς	1
5741	σοφιστής	σοφιστης	Philosopher/sophist	Education and Training	19190	σοφιστη	1
5755	ἱερεύς 	ιερευς 	Priest, sacrificer	Miscellaneous	14990	ιερευς 	1
5762	ῥάπτης	ραπτης	Clothes mender	Textiles	79120	ραπτη	1
5762	διφθεράριος	διφθεραριος	Parchment-maker	Writing and the Book Trade	76990	διφθεραριω	1
5762	ἀκονητής	ακονητης	Polisher, furbisher, grinder	Woodwork	73990	ακονητη	1
5762	βρακάριος	βρακαριος	Maker of trousers	Textiles	79120	βρακαριω	1
5785	ἱερεύς 	ιερευς 	Priest, sacrificer	Miscellaneous	14990	ιερευς 	1
5786	γραμματεύς	γραμματευς	Scribe	Writing and the Book Trade	30120	γραμματεα	1
5790	γραμματεύς	γραμματευς	Scribe	Writing and the Book Trade	30120	γραμματευς	1
5810	γραμματεύς	γραμματευς	Scribe	Writing and the Book Trade	30120	γραμματευς	1
5810	ἱερεύς 	ιερευς 	Priest, sacrificer	Miscellaneous	14990	ιερευς 	1
5811	ἱερεύς 	ιερευς 	Priest, sacrificer	Miscellaneous	14990	ιερευς 	1
5829	γραμματεύς	γραμματευς	Scribe	Writing and the Book Trade	30120	γραμματευς	1
5831	γραμματεύς	γραμματευς	Scribe	Writing and the Book Trade	30120	γραμματευς	1
5903	γραμματεύς	γραμματευς	Scribe	Writing and the Book Trade	30120	γραμματευς	1
5903	ἱερεύς 	ιερευς 	Priest, sacrificer	Miscellaneous	14990	ιερευς 	1
5912	ἱερεύς 	ιερευς 	Priest, sacrificer	Miscellaneous	14990	ιερευς 	1
5935	γραμματεύς	γραμματευς	Scribe	Writing and the Book Trade	30120	γραμματευς	1
5941	ἱερεύς 	ιερευς 	Priest, sacrificer	Miscellaneous	14990	ιερευς 	1
5942	παιδοτρίβης	παιδοτριβης	Physical trainer	Education and Training	18190	παιδοτριβην	1
5942	γραμματεύς	γραμματευς	Scribe	Writing and the Book Trade	30120	γραμματεα	1
5942	ἰατρός	ιατρος	Doctor	Miscellaneous	6110	ιατρον	1
5946	ἰατρός	ιατρος	Doctor	Miscellaneous	6110	ιατρος	1
6235	γραμματεύς	γραμματευς	Scribe	Writing and the Book Trade	30120	γραμματεα	1
6376	γραφεύς	γραφευς	Scrivener/copyist	Writing and the Book Trade	30120	γραφεα	1
6378	γραμματεύς	γραμματευς	Scribe	Writing and the Book Trade	30120	γραμματευς	1
6384	γραμματεύς	γραμματευς	Scribe	Writing and the Book Trade	30120	γραμματευς	1
6389	γραμματεύς	γραμματευς	Scribe	Writing and the Book Trade	30120	γραμματευς	1
6400	γραμματεύς	γραμματευς	Scribe	Writing and the Book Trade	30120	γραμματεα|γραμματευς	2
6400	ἱερεύς 	ιερευς 	Priest, sacrificer	Miscellaneous	14990	ιερευς 	1
6448	γραμματεύς	γραμματευς	Scribe	Writing and the Book Trade	30120	γραμματει	1
6465	ἱππικός	ιππικος	Riding trainer	Education and Training	18190	ιππικον	1
6535	χαλκεύς	χαλκευς	Smith	Metalwork	72110	χαλκεας	1
6574	πένταθλος	πενταθλος	Pentathlete	Sports and Competition	18990	πενταθλον	1
6575	πένταθλος	πενταθλος	Pentathlete	Sports and Competition	18990	πενταθλον	1
6606	ἱερεύς 	ιερευς 	Priest, sacrificer	Miscellaneous	14990	ιερευς 	1
6627	γραμματεύς	γραμματευς	Scribe	Writing and the Book Trade	30120	γραμματεα	1
6637	χρυσόχοος	χρυσοχοος	Goldsmith	Metalwork	72110	χρυσοχοω	1
6640	ἱερεύς 	ιερευς 	Priest, sacrificer	Miscellaneous	14990	ιερευς 	1
6641	ἱερεύς 	ιερευς 	Priest, sacrificer	Miscellaneous	14990	ιερευς 	1
6643	ἱερεύς 	ιερευς 	Priest, sacrificer	Miscellaneous	14990	ιερευς 	1
6644	ἱερεύς 	ιερευς 	Priest, sacrificer	Miscellaneous	14990	ιερευς 	1
6645	ἱερεύς 	ιερευς 	Priest, sacrificer	Miscellaneous	14990	ιερευς 	1
6792	ἱερεύς 	ιερευς 	Priest, sacrificer	Miscellaneous	14990	ιερευς 	1
6793	ἱερεύς 	ιερευς 	Priest, sacrificer	Miscellaneous	14990	ιερευς 	1
6820	γραμματεύς	γραμματευς	Scribe	Writing and the Book Trade	30120	γραμματεως	1
6961	μουσικός	μουσικος	Musician	Drama and Entertainment	17320	μουσικε	1
6977	ἀρχιτέκτων	αρχιτεκτων	Architect	Construction	2120	αρχιτεκτονος	1
7258	ὑπηρετής	υπηρετης	Architect’s assistant	Construction	95990	υπηρετας	1
7344	γραμματιστής	γραμματιστης	Elementary school teacher	Education and Training	13130	γραμματιστα	1
7348	γραμματεύς	γραμματευς	Scribe	Writing and the Book Trade	30120	γραμματεως	1
7350	γραμματεύς	γραμματευς	Scribe	Writing and the Book Trade	30120	γραμματεως	1
7352	γραμματεύς	γραμματευς	Scribe	Writing and the Book Trade	30120	γραμματεως	1
7485	γραμματεύς	γραμματευς	Scribe	Writing and the Book Trade	30120	γραμματεως	1
7486	γραμματεύς	γραμματευς	Scribe	Writing and the Book Trade	30120	γραμματεως	1
7525	ἀρχιτέκτων	αρχιτεκτων	Architect	Construction	2120	αρχιτεκτων	1
7532	ἱππικός	ιππικος	Riding trainer	Education and Training	18190	ιππικον	1
7532	μουσικός	μουσικος	Musician	Drama and Entertainment	17320	μουσικον	1
7532	γραμματεύς	γραμματευς	Scribe	Writing and the Book Trade	30120	γραμματευς	1
7541	γραμματεύς	γραμματευς	Scribe	Writing and the Book Trade	30120	γραμματευς	1
7547	ἱππικός	ιππικος	Riding trainer	Education and Training	18190	ιππικον	1
7547	μουσικός	μουσικος	Musician	Drama and Entertainment	17320	μουσικον	1
7548	ἱππικός	ιππικος	Riding trainer	Education and Training	18190	ιππικον	1
7548	μουσικός	μουσικος	Musician	Drama and Entertainment	17320	μουσικον	1
7934	ἱππικός	ιππικος	Riding trainer	Education and Training	18190	ιππικον	1
7934	μουσικός	μουσικος	Musician	Drama and Entertainment	17320	μουσικον	1
7935	γραμματεύς	γραμματευς	Scribe	Writing and the Book Trade	30120	γραμματεις|γραμματεων	2
7975	ἀρτοποιός	αρτοποιος	Baker	Food Preparation and Retail	53120	αρτοποιον	1
8049	ἰατρός	ιατρος	Doctor	Miscellaneous	6110	ιατρον	1
8051	ἰατρός	ιατρος	Doctor	Miscellaneous	6110	ιατρος	1
8159	γραμματεύς	γραμματευς	Scribe	Writing and the Book Trade	30120	γραμματευς	1
8163	κιθαριστής	κιθαριστης	Kithara teacher/player	Education and Training	13920	κιθαριστας	1
8191	ἱεροποιός	ιεροποιος	Sacrificer	Miscellaneous	14990	ιεροποιους	1
8203	ἱεροποιός	ιεροποιος	Sacrificer	Miscellaneous	14990	ιεροποιος	1
8204	ἱεροποιός	ιεροποιος	Sacrificer	Miscellaneous	14990	ιεροποιους	1
8207	γραμματεύς	γραμματευς	Scribe	Writing and the Book Trade	30120	γραμματεα	1
8214	ἱεροποιός	ιεροποιος	Sacrificer	Miscellaneous	14990	ιεροποιοι|ιεροποιων	2
8218	γραμματεύς	γραμματευς	Scribe	Writing and the Book Trade	30120	γραμματει	1
8224	ἱεροποιός	ιεροποιος	Sacrificer	Miscellaneous	14990	ιεροποιων	1
8227	γραμματεύς	γραμματευς	Scribe	Writing and the Book Trade	30120	γραμματει	1
8228	ἀρχιτέκτων	αρχιτεκτων	Architect	Construction	2120	αρχιτεκτονι|αρχιτεκτων	2
8229	ἀρχιτέκτων	αρχιτεκτων	Architect	Construction	2120	αρχιτεκτων	1
8229	σκαφεύς	σκαφευς	Digger	Agriculture, Animal Husbandry	62990	σκαφει	1
8229	γραμματεύς	γραμματευς	Scribe	Writing and the Book Trade	30120	γραμματει	1
8232	γραμματεύς	γραμματευς	Scribe	Writing and the Book Trade	30120	γραμματει	1
8237	ἱεροποιός	ιεροποιος	Sacrificer	Miscellaneous	14990	ιεροποιων	1
8238	ἱεροποιός	ιεροποιος	Sacrificer	Miscellaneous	14990	ιεροποιων	1
8247	γραμματεύς	γραμματευς	Scribe	Writing and the Book Trade	30120	γραμματευς	1
8247	ἱεροποιός	ιεροποιος	Sacrificer	Miscellaneous	14990	ιεροποιοις	1
8248	ἀρχιτέκτων	αρχιτεκτων	Architect	Construction	2120	αρχιτεκτονος	1
8248	γραμματεύς	γραμματευς	Scribe	Writing and the Book Trade	30120	γραμματευς|γραμματεως	2
8249	γραμματεύς	γραμματευς	Scribe	Writing and the Book Trade	30120	γραμματεως	1
8252	ἱεροποιός	ιεροποιος	Sacrificer	Miscellaneous	14990	ιεροποιοις	1
8260	κιθαριστής	κιθαριστης	Kithara teacher/player	Education and Training	13920	κιθαριστης	1
8261	κιθαριστής	κιθαριστης	Kithara teacher/player	Education and Training	13920	κιθαριστης	1
8262	κιθαριστής	κιθαριστης	Kithara teacher/player	Education and Training	13920	κιθαριστης	1
8262	ποιητής	ποιητης	Maker, poet	Literature and Scholarship	17150	ποιηται	1
8263	κιθαριστής	κιθαριστης	Kithara teacher/player	Education and Training	13920	κιθαρισται	1
8265	θαυματοποιός	θαυματοποιος	street fair entertainer/ puppeteer	Drama and Entertainment	17990	θαυματοποιος	1
8267	θαυματοποιός	θαυματοποιος	street fair entertainer/ puppeteer	Drama and Entertainment	17990	θαυματοποιος	1
8267	κιθαριστής	κιθαριστης	Kithara teacher/player	Education and Training	13920	κιθαριστης	1
8268	θαυματοποιός	θαυματοποιος	street fair entertainer/ puppeteer	Drama and Entertainment	17990	θαυματοποιος	1
8268	κιθαριστής	κιθαριστης	Kithara teacher/player	Education and Training	13920	κιθαριστης	1
8270	θαυματοποιός	θαυματοποιος	street fair entertainer/ puppeteer	Drama and Entertainment	17990	θαυματοποιος	1
8275	θαυματοποιός	θαυματοποιος	street fair entertainer/ puppeteer	Drama and Entertainment	17990	θαυματοποιοι	1
8275	κιθαριστής	κιθαριστης	Kithara teacher/player	Education and Training	13920	κιθαρισται	1
8283	κιθαριστής	κιθαριστης	Kithara teacher/player	Education and Training	13920	κιθαριστης	1
8283	ἱεροποιός	ιεροποιος	Sacrificer	Miscellaneous	14990	ιεροποιοι	1
8284	θαυματοποιός	θαυματοποιος	street fair entertainer/ puppeteer	Drama and Entertainment	17990	θαυματοποιος	1
8284	ἱεροποιός	ιεροποιος	Sacrificer	Miscellaneous	14990	ιεροποιων	1
8287	ἱεροποιός	ιεροποιος	Sacrificer	Miscellaneous	14990	ιεροποιων	1
8288	θαυματοποιός	θαυματοποιος	street fair entertainer/ puppeteer	Drama and Entertainment	17990	θαυματοποιοι	1
8288	κιθαριστής	κιθαριστης	Kithara teacher/player	Education and Training	13920	κιθαρισται	1
8288	ἱεροποιός	ιεροποιος	Sacrificer	Miscellaneous	14990	ιεροποιων	1
8289	ἱεροποιός	ιεροποιος	Sacrificer	Miscellaneous	14990	ιεροποιων	1
8290	γραμματεύς	γραμματευς	Scribe	Writing and the Book Trade	30120	γραμματεως	1
8290	ἱεροποιός	ιεροποιος	Sacrificer	Miscellaneous	14990	ιεροποιοις|ιεροποιων	2
8291	ἱεροποιός	ιεροποιος	Sacrificer	Miscellaneous	14990	ιεροποιοις	1
8292	ἱεροποιός	ιεροποιος	Sacrificer	Miscellaneous	14990	ιεροποιοις	1
8293	ἱεροποιός	ιεροποιος	Sacrificer	Miscellaneous	14990	ιεροποιοι	1
8297	ἀρχιτέκτων	αρχιτεκτων	Architect	Construction	2120	αρχιτεκτονος	1
8297	γραμματεύς	γραμματευς	Scribe	Writing and the Book Trade	30120	γραμματεων	1
8297	ἱεροποιός	ιεροποιος	Sacrificer	Miscellaneous	14990	ιεροποιοις	1
8298	ἱεροποιός	ιεροποιος	Sacrificer	Miscellaneous	14990	ιεροποιοι	1
8299	ἀρχιτέκτων	αρχιτεκτων	Architect	Construction	2120	αρχιτεκτονι	1
8299	γραμματεύς	γραμματευς	Scribe	Writing and the Book Trade	30120	γραμματει|γραμματεως	2
8299	ἱεροποιός	ιεροποιος	Sacrificer	Miscellaneous	14990	ιεροποιοι|ιεροποιον|ιεροποιων	3
8300	ἀρχιτέκτων	αρχιτεκτων	Architect	Construction	2120	αρχιτεκτονος	1
8300	τέκτων	τεκτων	Carpenter/joiner	Woodwork	95110	τεκτονι	1
8300	ἱεροποιός	ιεροποιος	Sacrificer	Miscellaneous	14990	ιεροποιοις|ιεροποιον	2
8301	γραμματεύς	γραμματευς	Scribe	Writing and the Book Trade	30120	γραμματεως	1
8302	γεωργός	γεωργος	Farmer	Agriculture, Animal Husbandry	61110	γεωργων	1
8302	γραμματεύς	γραμματευς	Scribe	Writing and the Book Trade	30120	γραμματει	1
8303	ἀρχιτέκτων	αρχιτεκτων	Architect	Construction	2120	αρχιτεκτονι	1
8303	γραμματεύς	γραμματευς	Scribe	Writing and the Book Trade	30120	γραμματεων	1
8303	ἱεροποιός	ιεροποιος	Sacrificer	Miscellaneous	14990	ιεροποιοις|ιεροποιων	2
8305	ἀρχιτέκτων	αρχιτεκτων	Architect	Construction	2120	αρχιτεκτονος	1
8305	γραμματεύς	γραμματευς	Scribe	Writing and the Book Trade	30120	γραμματεων	1
8306	ἱερεύς 	ιερευς 	Priest, sacrificer	Miscellaneous	14990	ιερευς 	1
8307	ἱεροποιός	ιεροποιος	Sacrificer	Miscellaneous	14990	ιεροποιοις	1
8308	γεωργός	γεωργος	Farmer	Agriculture, Animal Husbandry	61110	γεωργων	1
8309	γραμματεύς	γραμματευς	Scribe	Writing and the Book Trade	30120	γραμματει	1
8309	ἱεροποιός	ιεροποιος	Sacrificer	Miscellaneous	14990	ιεροποιον|ιεροποιων	2
8310	γραμματεύς	γραμματευς	Scribe	Writing and the Book Trade	30120	γραμματεων	1
8310	ἱεροποιός	ιεροποιος	Sacrificer	Miscellaneous	14990	ιεροποιοις|ιεροποιων	2
8311	ἀρχιτέκτων	αρχιτεκτων	Architect	Construction	2120	αρχιτεκτονος	1
8311	ἱεροποιός	ιεροποιος	Sacrificer	Miscellaneous	14990	ιεροποιοι|ιεροποιους	2
8313	ἀρχιτέκτων	αρχιτεκτων	Architect	Construction	2120	αρχιτεκτονι|αρχιτεκτονος	2
8313	γραμματεύς	γραμματευς	Scribe	Writing and the Book Trade	30120	γραμματει|γραμματεων	2
8313	ἱεροποιός	ιεροποιος	Sacrificer	Miscellaneous	14990	ιεροποιοις|ιεροποιων	2
8314	ἀρχιτέκτων	αρχιτεκτων	Architect	Construction	2120	αρχιτεκτονι|αρχιτεκτονος	2
8314	γραμματεύς	γραμματευς	Scribe	Writing and the Book Trade	30120	γραμματει|γραμματεων	2
8314	ἱεροποιός	ιεροποιος	Sacrificer	Miscellaneous	14990	ιεροποιοις|ιεροποιον	2
8315	ἱεροποιός	ιεροποιος	Sacrificer	Miscellaneous	14990	ιεροποιοι	1
8316	ἀρχιτέκτων	αρχιτεκτων	Architect	Construction	2120	αρχιτεκτονι|αρχιτεκτονος	2
8316	λιθουργός	λιθουργος	Stonemason	Stonework	82120	λιθουργοις|λιθουργων	2
8316	τέκτων	τεκτων	Carpenter/joiner	Woodwork	95110	τεκτονι	1
8316	γραμματεύς	γραμματευς	Scribe	Writing and the Book Trade	30120	γραμματει|γραμματεων	2
8316	ἱεροποιός	ιεροποιος	Sacrificer	Miscellaneous	14990	ιεροποιοις|ιεροποιον|ιεροποιους|ιεροποιων	4
8317	ἀρχιτέκτων	αρχιτεκτων	Architect	Construction	2120	αρχιτεκτονι	1
8317	λιθουργός	λιθουργος	Stonemason	Stonework	82120	λιθουργοις	1
8317	γραμματεύς	γραμματευς	Scribe	Writing and the Book Trade	30120	γραμματει|γραμματεων	2
8317	ἱεροποιός	ιεροποιος	Sacrificer	Miscellaneous	14990	ιεροποιοι|ιεροποιους|ιεροποιων	3
8318	ἀρχιτέκτων	αρχιτεκτων	Architect	Construction	2120	αρχιτεκτον	1
8318	γραφεύς	γραφευς	Scrivener/copyist	Writing and the Book Trade	30120	γραφει	1
8318	γραμματεύς	γραμματευς	Scribe	Writing and the Book Trade	30120	γραμματεων	1
8318	ἱεροποιός	ιεροποιος	Sacrificer	Miscellaneous	14990	ιεροποιοι|ιεροποιοις|ιεροποιου|ιεροποιους|ιεροποιων	5
8319	ἱεροποιός	ιεροποιος	Sacrificer	Miscellaneous	14990	ιεροποιοι|ιεροποιοις	2
8320	ἀρχιτέκτων	αρχιτεκτων	Architect	Construction	2120	αρχιτεκτονος	1
8320	ἱεροποιός	ιεροποιος	Sacrificer	Miscellaneous	14990	ιεροποιου	1
8323	γραμματεύς	γραμματευς	Scribe	Writing and the Book Trade	30120	γραμματει	1
8323	ἱεροποιός	ιεροποιος	Sacrificer	Miscellaneous	14990	ιεροποιον	1
8324	ἀρχιτέκτων	αρχιτεκτων	Architect	Construction	2120	αρχιτεκτονος	1
8325	ἀρχιτέκτων	αρχιτεκτων	Architect	Construction	2120	αρχιτεκτονος	1
8326	ἀρχιτέκτων	αρχιτεκτων	Architect	Construction	2120	αρχιτεκτονος	1
8330	γραμματεύς	γραμματευς	Scribe	Writing and the Book Trade	30120	γραμματει	1
8334	γραμματεύς	γραμματευς	Scribe	Writing and the Book Trade	30120	γραμματει	1
8337	ἱεροποιός	ιεροποιος	Sacrificer	Miscellaneous	14990	ιεροποιοις	1
8354	ἀρχιτέκτων	αρχιτεκτων	Architect	Construction	2120	αρχιτεκτονι|αρχιτεκτονος|αρχιτεκτων	3
8354	ὑπηρετής	υπηρετης	Architect’s assistant	Construction	95990	υπηρεταις	1
8354	γραμματεύς	γραμματευς	Scribe	Writing and the Book Trade	30120	γραμματεων	1
8354	ἱεροποιός	ιεροποιος	Sacrificer	Miscellaneous	14990	ιεροποιοις|ιεροποιον|ιεροποιων	3
8358	ἀρχιτέκτων	αρχιτεκτων	Architect	Construction	2120	αρχιτεκτονι|αρχιτεκτονος|αρχιτεκτων	3
8358	πένταθλος	πενταθλος	Pentathlete	Sports and Competition	18990	πενταθλον	1
8358	γραμματεύς	γραμματευς	Scribe	Writing and the Book Trade	30120	γραμματει|γραμματεων	2
8358	ἱεροποιός	ιεροποιος	Sacrificer	Miscellaneous	14990	ιεροποιοις|ιεροποιον|ιεροποιου|ιεροποιων	4
8359	ἀρχιτέκτων	αρχιτεκτων	Architect	Construction	2120	αρχιτεκτονι	1
8359	ὑπηρετής	υπηρετης	Architect’s assistant	Construction	95990	υπηρεταις	1
8359	χαλκεύς	χαλκευς	Smith	Metalwork	72110	χαλκει	1
8359	ἱεροποιός	ιεροποιος	Sacrificer	Miscellaneous	14990	ιεροποιων	1
8360	γραμματεύς	γραμματευς	Scribe	Writing and the Book Trade	30120	γραμματει	1
8360	ἱεροποιός	ιεροποιος	Sacrificer	Miscellaneous	14990	ιεροποιοις|ιεροποιων	2
8361	τέκτων	τεκτων	Carpenter/joiner	Woodwork	95110	τεκτονι	1
8361	ὑπηρετής	υπηρετης	Architect’s assistant	Construction	95990	υπηρεταις	1
8374	ἀρχιτέκτων	αρχιτεκτων	Architect	Construction	2120	αρχιτεκτονι|αρχιτεκτονος	2
8374	ἱεροποιός	ιεροποιος	Sacrificer	Miscellaneous	14990	ιεροποιον	1
8378	ἱεροποιός	ιεροποιος	Sacrificer	Miscellaneous	14990	ιεροποιοις	1
8379	γραμματεύς	γραμματευς	Scribe	Writing and the Book Trade	30120	γραμματεων	1
8379	ἱεροποιός	ιεροποιος	Sacrificer	Miscellaneous	14990	ιεροποιων	1
8380	ἀρχιτέκτων	αρχιτεκτων	Architect	Construction	2120	αρχιτεκτονος	1
8380	ἱεροποιός	ιεροποιος	Sacrificer	Miscellaneous	14990	ιεροποιον|ιεροποιων	2
8394	ἱεροποιός	ιεροποιος	Sacrificer	Miscellaneous	14990	ιεροποιοις|ιεροποιος	2
8399	ἱεροποιός	ιεροποιος	Sacrificer	Miscellaneous	14990	ιεροποιων	1
8426	γραμματεύς	γραμματευς	Scribe	Writing and the Book Trade	30120	γραμματεων	1
8426	ἱεροποιός	ιεροποιος	Sacrificer	Miscellaneous	14990	ιεροποιων	1
8428	ἀρχιτέκτων	αρχιτεκτων	Architect	Construction	2120	αρχιτεκτονος	1
8432	ἱεροποιός	ιεροποιος	Sacrificer	Miscellaneous	14990	ιεροποιον	1
8433	ἱεροποιός	ιεροποιος	Sacrificer	Miscellaneous	14990	ιεροποιον	1
8434	ἱεροποιός	ιεροποιος	Sacrificer	Miscellaneous	14990	ιεροποιων	1
8447	ἀρχιτέκτων	αρχιτεκτων	Architect	Construction	2120	αρχιτεκτονι|αρχιτεκτονος|αρχιτεκτων	3
8447	ἱπποδρόμος	ιπποδρομος	Charioteer	Sports and Competition	18990	ιπποδρομου	1
8447	γραμματεύς	γραμματευς	Scribe	Writing and the Book Trade	30120	γραμματει|γραμματεων	2
8447	ἱεροποιός	ιεροποιος	Sacrificer	Miscellaneous	14990	ιεροποιοις|ιεροποιον|ιεροποιου|ιεροποιων	4
8450	ἱεροποιός	ιεροποιος	Sacrificer	Miscellaneous	14990	ιεροποιον	1
8451	ἀρχιτέκτων	αρχιτεκτων	Architect	Construction	2120	αρχιτεκτονι|αρχιτεκτονος|αρχιτεκτων	3
8451	γραμματεύς	γραμματευς	Scribe	Writing and the Book Trade	30120	γραμματει|γραμματεων	2
8451	ἱεροποιός	ιεροποιος	Sacrificer	Miscellaneous	14990	ιεροποιοι|ιεροποιοις|ιεροποιον|ιεροποιων	4
8452	ἀρχιτέκτων	αρχιτεκτων	Architect	Construction	2120	αρχιτεκτονος	1
8452	ὑπηρετής	υπηρετης	Architect’s assistant	Construction	95990	υπηρεταις	1
8452	γραμματεύς	γραμματευς	Scribe	Writing and the Book Trade	30120	γραμματεων	1
8452	ἱεροποιός	ιεροποιος	Sacrificer	Miscellaneous	14990	ιεροποιοι|ιεροποιων	2
8453	ἀρχιτέκτων	αρχιτεκτων	Architect	Construction	2120	αρχιτεκτονος	1
8457	ἀρχιτέκτων	αρχιτεκτων	Architect	Construction	2120	αρχιτεκτονος	1
8458	ἀρχιτέκτων	αρχιτεκτων	Architect	Construction	2120	αρχιτεκτονος	1
8459	γραμματεύς	γραμματευς	Scribe	Writing and the Book Trade	30120	γραμματει|γραμματεων	2
8459	ἱεροποιός	ιεροποιος	Sacrificer	Miscellaneous	14990	ιεροποιοι|ιεροποιοις|ιεροποιων	3
8463	ἀρχιτέκτων	αρχιτεκτων	Architect	Construction	2120	αρχιτεκτονος	1
8468	ἀρχιτέκτων	αρχιτεκτων	Architect	Construction	2120	αρχιτεκτονος	1
8475	ἱεροποιός	ιεροποιος	Sacrificer	Miscellaneous	14990	ιεροποιων	1
8477	ἀρχιτέκτων	αρχιτεκτων	Architect	Construction	2120	αρχιτεκτονος	1
8477	γραμματεύς	γραμματευς	Scribe	Writing and the Book Trade	30120	γραμματεων	1
8477	ἱεροποιός	ιεροποιος	Sacrificer	Miscellaneous	14990	ιεροποιοι|ιεροποιοις|ιεροποιον|ιεροποιων	4
8479	γραμματεύς	γραμματευς	Scribe	Writing and the Book Trade	30120	γραμματεων	1
8479	ἱεροποιός	ιεροποιος	Sacrificer	Miscellaneous	14990	ιεροποιοις|ιεροποιον|ιεροποιων	3
8480	ἱεροποιός	ιεροποιος	Sacrificer	Miscellaneous	14990	ιεροποιοις	1
8483	ἀρχιτέκτων	αρχιτεκτων	Architect	Construction	2120	αρχιτεκτονος	1
8487	ἀρχιτέκτων	αρχιτεκτων	Architect	Construction	2120	αρχιτεκτονος	1
8487	ἱεροποιός	ιεροποιος	Sacrificer	Miscellaneous	14990	ιεροποιον	1
8488	ἀρχιτέκτων	αρχιτεκτων	Architect	Construction	2120	αρχιτεκτονος	1
8501	ἀρχιτέκτων	αρχιτεκτων	Architect	Construction	2120	αρχιτεκτονος	1
8501	γραμματεύς	γραμματευς	Scribe	Writing and the Book Trade	30120	γραμματει	1
8501	ἱεροποιός	ιεροποιος	Sacrificer	Miscellaneous	14990	ιεροποιον|ιεροποιων	2
8503	ἀρχιτέκτων	αρχιτεκτων	Architect	Construction	2120	αρχιτεκτονος	1
8504	ἀρχιτέκτων	αρχιτεκτων	Architect	Construction	2120	αρχιτεκτονος	1
8510	ἱεροποιός	ιεροποιος	Sacrificer	Miscellaneous	14990	ιεροποιοις	1
8512	ἀρχιτέκτων	αρχιτεκτων	Architect	Construction	2120	αρχιτεκτονος	1
8516	ἀρχιτέκτων	αρχιτεκτων	Architect	Construction	2120	αρχιτεκτονος	1
8517	ἱεροποιός	ιεροποιος	Sacrificer	Miscellaneous	14990	ιεροποιοις|ιεροποιος	2
8518	γραμματεύς	γραμματευς	Scribe	Writing and the Book Trade	30120	γραμματει|γραμματεως	2
8518	ἱεροποιός	ιεροποιος	Sacrificer	Miscellaneous	14990	ιεροποιοις|ιεροποιον|ιεροποιου|ιεροποιων	4
8519	γραμματεύς	γραμματευς	Scribe	Writing and the Book Trade	30120	γραμματει|γραμματεων	2
8519	ἱεροποιός	ιεροποιος	Sacrificer	Miscellaneous	14990	ιεροποιων	1
8522	ἀρχιτέκτων	αρχιτεκτων	Architect	Construction	2120	αρχιτεκτονος	1
8524	ἱεροποιός	ιεροποιος	Sacrificer	Miscellaneous	14990	ιεροποιοις	1
8525	ἀρχιτέκτων	αρχιτεκτων	Architect	Construction	2120	αρχιτεκτονος	1
8526	ἀρχιτέκτων	αρχιτεκτων	Architect	Construction	2120	αρχιτεκτονος	1
8527	γραμματεύς	γραμματευς	Scribe	Writing and the Book Trade	30120	γραμματει|γραμματεων	2
8527	ἱεροποιός	ιεροποιος	Sacrificer	Miscellaneous	14990	ιεροποιοις|ιεροποιων	2
8528	ἱεροποιός	ιεροποιος	Sacrificer	Miscellaneous	14990	ιεροποιοις	1
8529	ἀρχιτέκτων	αρχιτεκτων	Architect	Construction	2120	αρχιτεκτονος	1
8529	ἱεροποιός	ιεροποιος	Sacrificer	Miscellaneous	14990	ιεροποιοις	1
8530	ἀρχιτέκτων	αρχιτεκτων	Architect	Construction	2120	αρχιτεκτονος	1
8530	γραμματεύς	γραμματευς	Scribe	Writing and the Book Trade	30120	γραμματει|γραμματεων	2
8530	ἱεροποιός	ιεροποιος	Sacrificer	Miscellaneous	14990	ιεροποιοις	1
8531	ἀρχιτέκτων	αρχιτεκτων	Architect	Construction	2120	αρχιτεκτονος|αρχιτεκτων	2
8531	ἱεροποιός	ιεροποιος	Sacrificer	Miscellaneous	14990	ιεροποιοις|ιεροποιων	2
8532	ἀρχιτέκτων	αρχιτεκτων	Architect	Construction	2120	αρχιτεκτονος	1
8534	γραμματεύς	γραμματευς	Scribe	Writing and the Book Trade	30120	γραμματεων|γραμματεως	2
8534	ἱεροποιός	ιεροποιος	Sacrificer	Miscellaneous	14990	ιεροποιοις|ιεροποιων	2
8535	ἱεροποιός	ιεροποιος	Sacrificer	Miscellaneous	14990	ιεροποιοις|ιεροποιων	2
8537	ἀρχιτέκτων	αρχιτεκτων	Architect	Construction	2120	αρχιτεκτονος	1
8537	γραμματεύς	γραμματευς	Scribe	Writing and the Book Trade	30120	γραμματει	1
8537	ἱεροποιός	ιεροποιος	Sacrificer	Miscellaneous	14990	ιεροποιοις|ιεροποιων	2
8538	ἱεροποιός	ιεροποιος	Sacrificer	Miscellaneous	14990	ιεροποιοι|ιεροποιον|ιεροποιων	3
8539	ἀρχιτέκτων	αρχιτεκτων	Architect	Construction	2120	αρχιτεκτονι|αρχιτεκτονος	2
8539	γραμματεύς	γραμματευς	Scribe	Writing and the Book Trade	30120	γραμματει	1
8539	ἱεροποιός	ιεροποιος	Sacrificer	Miscellaneous	14990	ιεροποιοι|ιεροποιοις|ιεροποιον|ιεροποιων	4
8547	ἱεροποιός	ιεροποιος	Sacrificer	Miscellaneous	14990	ιεροποιοι|ιεροποιοις|ιεροποιων	3
8550	ἀρχιτέκτων	αρχιτεκτων	Architect	Construction	2120	αρχιτεκτονος	1
8552	ἀρχιτέκτων	αρχιτεκτων	Architect	Construction	2120	αρχιτεκτονος	1
8553	ἱεροποιός	ιεροποιος	Sacrificer	Miscellaneous	14990	ιεροποιοι|ιεροποιοις|ιεροποιων	3
8556	ἀρχιτέκτων	αρχιτεκτων	Architect	Construction	2120	αρχιτεκτονος	1
8565	γραμματεύς	γραμματευς	Scribe	Writing and the Book Trade	30120	γραμματεων	1
8565	ἱεροποιός	ιεροποιος	Sacrificer	Miscellaneous	14990	ιεροποιοι|ιεροποιοις|ιεροποιον|ιεροποιων	4
8568	ἰατρός	ιατρος	Doctor	Miscellaneous	6110	ιατρου	1
8568	ἱεροποιός	ιεροποιος	Sacrificer	Miscellaneous	14990	ιεροποιοι|ιεροποιοις|ιεροποιων	3
8568	ἱερεύς 	ιερευς 	Priest, sacrificer	Miscellaneous	14990	ιερευς 	1
8569	ἀρχιτέκτων	αρχιτεκτων	Architect	Construction	2120	αρχιτεκτονος	1
8569	διδάσκαλος	διδασκαλος	Teacher	Education and Training	13130	διδασκαλος	1
8569	ἱεροποιός	ιεροποιος	Sacrificer	Miscellaneous	14990	ιεροποιων	1
8570	ἀρχιτέκτων	αρχιτεκτων	Architect	Construction	2120	αρχιτεκτονος	1
8570	ἱεροποιός	ιεροποιος	Sacrificer	Miscellaneous	14990	ιεροποιοις	1
8571	ἀρχιτέκτων	αρχιτεκτων	Architect	Construction	2120	αρχιτεκτονος|αρχιτεκτων	2
8572	ἀρχιτέκτων	αρχιτεκτων	Architect	Construction	2120	αρχιτεκτονος	1
8573	ἀρχιτέκτων	αρχιτεκτων	Architect	Construction	2120	αρχιτεκτονος	1
8573	διδάσκαλος	διδασκαλος	Teacher	Education and Training	13130	διδασκαλος	1
8573	ἱεροποιός	ιεροποιος	Sacrificer	Miscellaneous	14990	ιεροποιοις	1
8574	ἱεροποιός	ιεροποιος	Sacrificer	Miscellaneous	14990	ιεροποιοι	1
8575	ἱεροποιός	ιεροποιος	Sacrificer	Miscellaneous	14990	ιεροποιοι|ιεροποιων	2
8576	ἀρχιτέκτων	αρχιτεκτων	Architect	Construction	2120	αρχιτεκτονος	1
8576	γραμματεύς	γραμματευς	Scribe	Writing and the Book Trade	30120	γραμματει	1
8576	ἱεροποιός	ιεροποιος	Sacrificer	Miscellaneous	14990	ιεροποιοι	1
8578	ἱεροποιός	ιεροποιος	Sacrificer	Miscellaneous	14990	ιεροποιων	1
8579	ἀρχιτέκτων	αρχιτεκτων	Architect	Construction	2120	αρχιτεκτονος	1
8580	ἱεροποιός	ιεροποιος	Sacrificer	Miscellaneous	14990	ιεροποιων	1
8588	ἱεροποιός	ιεροποιος	Sacrificer	Miscellaneous	14990	ιεροποιοις|ιεροποιων	2
8592	ἀρχιτέκτων	αρχιτεκτων	Architect	Construction	2120	αρχιτεκτονος	1
8593	γραμματεύς	γραμματευς	Scribe	Writing and the Book Trade	30120	γραμματεως	1
8593	ἱεροποιός	ιεροποιος	Sacrificer	Miscellaneous	14990	ιεροποιοι|ιεροποιων	2
8594	ἱεροποιός	ιεροποιος	Sacrificer	Miscellaneous	14990	ιεροποιοι	1
8595	ἱεροποιός	ιεροποιος	Sacrificer	Miscellaneous	14990	ιεροποιων	1
8596	ἱεροποιός	ιεροποιος	Sacrificer	Miscellaneous	14990	ιεροποιων	1
8597	ἱεροποιός	ιεροποιος	Sacrificer	Miscellaneous	14990	ιεροποιοι|ιεροποιων	2
8598	ἱεροποιός	ιεροποιος	Sacrificer	Miscellaneous	14990	ιεροποιοι|ιεροποιων	2
8599	ἱεροποιός	ιεροποιος	Sacrificer	Miscellaneous	14990	ιεροποιοι	1
8600	ἱεροποιός	ιεροποιος	Sacrificer	Miscellaneous	14990	ιεροποιοι|ιεροποιων	2
8602	ἱεροποιός	ιεροποιος	Sacrificer	Miscellaneous	14990	ιεροποιοι	1
8610	ἱεροποιός	ιεροποιος	Sacrificer	Miscellaneous	14990	ιεροποιων	1
8611	γραμματεύς	γραμματευς	Scribe	Writing and the Book Trade	30120	γραμματεως	1
8611	ἱεροποιός	ιεροποιος	Sacrificer	Miscellaneous	14990	ιεροποιοι|ιεροποιοις|ιεροποιων	3
8612	ἀρχιτέκτων	αρχιτεκτων	Architect	Construction	2120	αρχιτεκτονι|αρχιτεκτονος	2
8612	ὑπηρετής	υπηρετης	Architect’s assistant	Construction	95990	υπηρετην	1
8612	γραμματεύς	γραμματευς	Scribe	Writing and the Book Trade	30120	γραμματει	1
8612	ἱεροποιός	ιεροποιος	Sacrificer	Miscellaneous	14990	ιεροποιον	1
8614	ἀρχιτέκτων	αρχιτεκτων	Architect	Construction	2120	αρχιτεκτονι|αρχιτεκτονος	2
8614	γεωργός	γεωργος	Farmer	Agriculture, Animal Husbandry	61110	γεωργων	1
8614	γραμματεύς	γραμματευς	Scribe	Writing and the Book Trade	30120	γραμματει|γραμματεων|γραμματεως	3
8614	ἰατρός	ιατρος	Doctor	Miscellaneous	6110	ιατρος	1
8614	ἱεροποιός	ιεροποιος	Sacrificer	Miscellaneous	14990	ιεροποιοι|ιεροποιοις|ιεροποιον|ιεροποιους|ιεροποιων	5
8614	ἱερεύς 	ιερευς 	Priest, sacrificer	Miscellaneous	14990	ιερευς 	1
8615	ἀρχιτέκτων	αρχιτεκτων	Architect	Construction	2120	αρχιτεκτονος	1
8615	γραμματεύς	γραμματευς	Scribe	Writing and the Book Trade	30120	γραμματεων|γραμματεως	2
8615	ἱεροποιός	ιεροποιος	Sacrificer	Miscellaneous	14990	ιεροποιοι|ιεροποιοις|ιεροποιον|ιεροποιων	4
8615	ἱερεύς 	ιερευς 	Priest, sacrificer	Miscellaneous	14990	ιερευς 	1
8616	ἀρχιτέκτων	αρχιτεκτων	Architect	Construction	2120	αρχιτεκτονι|αρχιτεκτονος	2
8616	γραμματεύς	γραμματευς	Scribe	Writing and the Book Trade	30120	γραμματεως	1
8616	ἱεροποιός	ιεροποιος	Sacrificer	Miscellaneous	14990	ιεροποιοις|ιεροποιων	2
8618	ἀρχιτέκτων	αρχιτεκτων	Architect	Construction	2120	αρχιτεκτονος	1
8619	ἀρχιτέκτων	αρχιτεκτων	Architect	Construction	2120	αρχιτεκτονι	1
8619	ὑπηρετής	υπηρετης	Architect’s assistant	Construction	95990	υπηρετην	1
8620	γραμματεύς	γραμματευς	Scribe	Writing and the Book Trade	30120	γραμματεων	1
8620	ἱεροποιός	ιεροποιος	Sacrificer	Miscellaneous	14990	ιεροποιων	1
8621	γραμματεύς	γραμματευς	Scribe	Writing and the Book Trade	30120	γραμματει	1
8622	ἱεροποιός	ιεροποιος	Sacrificer	Miscellaneous	14990	ιεροποιοι	1
8623	ἱεροποιός	ιεροποιος	Sacrificer	Miscellaneous	14990	ιεροποιοι|ιεροποιων	2
8625	γραμματεύς	γραμματευς	Scribe	Writing and the Book Trade	30120	γραμματεως	1
8625	ἱεροποιός	ιεροποιος	Sacrificer	Miscellaneous	14990	ιεροποιοι|ιεροποιων	2
8626	ἱεροποιός	ιεροποιος	Sacrificer	Miscellaneous	14990	ιεροποιοι	1
8627	ἀρχιτέκτων	αρχιτεκτων	Architect	Construction	2120	αρχιτεκτονος	1
8627	γραμματεύς	γραμματευς	Scribe	Writing and the Book Trade	30120	γραμματεων|γραμματεως	2
8627	ἱεροποιός	ιεροποιος	Sacrificer	Miscellaneous	14990	ιεροποιοι|ιεροποιοις|ιεροποιων	3
8628	ἱεροποιός	ιεροποιος	Sacrificer	Miscellaneous	14990	ιεροποιον	1
8629	ἱεροποιός	ιεροποιος	Sacrificer	Miscellaneous	14990	ιεροποιοι|ιεροποιων	2
8630	ἱεροποιός	ιεροποιος	Sacrificer	Miscellaneous	14990	ιεροποιοι|ιεροποιων	2
8633	ὑπηρετής	υπηρετης	Architect’s assistant	Construction	95990	υπηρεταις	1
8633	γραμματεύς	γραμματευς	Scribe	Writing and the Book Trade	30120	γραμματεων|γραμματεως	2
8633	ἰατρός	ιατρος	Doctor	Miscellaneous	6110	ιατρος	1
8633	ἱεροποιός	ιεροποιος	Sacrificer	Miscellaneous	14990	ιεροποιοι|ιεροποιοις|ιεροποιον|ιεροποιους|ιεροποιων	5
8634	ἀρχιτέκτων	αρχιτεκτων	Architect	Construction	2120	αρχιτεκτονι|αρχιτεκτονος	2
8634	πλινθόφορος	πλινθοφορος	Brick carrier	Construction	95110	πλινθοφορος	1
8634	γραμματεύς	γραμματευς	Scribe	Writing and the Book Trade	30120	γραμματει|γραμματεων|γραμματεως	3
8634	ἱεροποιός	ιεροποιος	Sacrificer	Miscellaneous	14990	ιεροποιοι|ιεροποιοις|ιεροποιον|ιεροποιων	4
8635	γραμματεύς	γραμματευς	Scribe	Writing and the Book Trade	30120	γραμματει	1
8636	ἀρχιτέκτων	αρχιτεκτων	Architect	Construction	2120	αρχιτεκτονος	1
8639	ὑπηρετής	υπηρετης	Architect’s assistant	Construction	95990	υπηρετην	1
8639	γραμματεύς	γραμματευς	Scribe	Writing and the Book Trade	30120	γραμματει|γραμματεως	2
8639	ἱεροποιός	ιεροποιος	Sacrificer	Miscellaneous	14990	ιεροποιοι|ιεροποιοις|ιεροποιον|ιεροποιων	4
8640	ἱεροποιός	ιεροποιος	Sacrificer	Miscellaneous	14990	ιεροποιον	1
8642	ἱερεύς 	ιερευς 	Priest, sacrificer	Miscellaneous	14990	ιερευς 	1
8655	γραμματεύς	γραμματευς	Scribe	Writing and the Book Trade	30120	γραμματεων	1
8655	ἱεροποιός	ιεροποιος	Sacrificer	Miscellaneous	14990	ιεροποιων	1
8662	ἀρχιτέκτων	αρχιτεκτων	Architect	Construction	2120	αρχιτεκτονος	1
8675	ἱεροποιός	ιεροποιος	Sacrificer	Miscellaneous	14990	ιεροποιοι	1
8676	ἀρχιτέκτων	αρχιτεκτων	Architect	Construction	2120	αρχιτεκτονι|αρχιτεκτονος|αρχιτεκτων	3
8678	ἀρχιτέκτων	αρχιτεκτων	Architect	Construction	2120	αρχιτεκτονι|αρχιτεκτων	2
8678	γραμματεύς	γραμματευς	Scribe	Writing and the Book Trade	30120	γραμματεις|γραμματευς	2
8678	ἱεροποιός	ιεροποιος	Sacrificer	Miscellaneous	14990	ιεροποιοι|ιεροποιων	2
8679	γεωργός	γεωργος	Farmer	Agriculture, Animal Husbandry	61110	γεωργων	1
8679	ἱεροποιός	ιεροποιος	Sacrificer	Miscellaneous	14990	ιεροποιοι|ιεροποιοις|ιεροποιους|ιεροποιων	4
8682	ἀρχιτέκτων	αρχιτεκτων	Architect	Construction	2120	αρχιτεκτονι	1
8683	ἀρχιτέκτων	αρχιτεκτων	Architect	Construction	2120	αρχιτεκτονι|αρχιτεκτων	2
8683	ὑπηρετής	υπηρετης	Architect’s assistant	Construction	95990	υπηρεταις	1
8683	ἱεροποιός	ιεροποιος	Sacrificer	Miscellaneous	14990	ιεροποιοι|ιεροποιοις	2
8684	ἀρχιτέκτων	αρχιτεκτων	Architect	Construction	2120	αρχιτεκτονι|αρχιτεκτονος	2
8685	ἀρχιτέκτων	αρχιτεκτων	Architect	Construction	2120	αρχιτεκτονι	1
8685	ἱεροποιός	ιεροποιος	Sacrificer	Miscellaneous	14990	ιεροποιος	1
8688	ἱεροποιός	ιεροποιος	Sacrificer	Miscellaneous	14990	ιεροποιους	1
8689	ἱεροποιός	ιεροποιος	Sacrificer	Miscellaneous	14990	ιεροποιους	1
8690	ἱεροποιός	ιεροποιος	Sacrificer	Miscellaneous	14990	ιεροποιους	1
8691	ἱεροποιός	ιεροποιος	Sacrificer	Miscellaneous	14990	ιεροποιους	1
8702	ἱεροποιός	ιεροποιος	Sacrificer	Miscellaneous	14990	ιεροποιους	1
8705	ἱεροποιός	ιεροποιος	Sacrificer	Miscellaneous	14990	ιεροποιους	1
8707	ἱεροποιός	ιεροποιος	Sacrificer	Miscellaneous	14990	ιεροποιους	1
8715	ἱεροποιός	ιεροποιος	Sacrificer	Miscellaneous	14990	ιεροποιους	1
8716	ἱεροποιός	ιεροποιος	Sacrificer	Miscellaneous	14990	ιεροποιους	1
8718	ἱεροποιός	ιεροποιος	Sacrificer	Miscellaneous	14990	ιεροποιους	1
8721	ποιητής	ποιητης	Maker, poet	Literature and Scholarship	17150	ποιητης	1
8722	ἱεροποιός	ιεροποιος	Sacrificer	Miscellaneous	14990	ιεροποιους	1
8724	ἱεροποιός	ιεροποιος	Sacrificer	Miscellaneous	14990	ιεροποιους	1
8730	ἱεροποιός	ιεροποιος	Sacrificer	Miscellaneous	14990	ιεροποιους	1
8735	ἱεροποιός	ιεροποιος	Sacrificer	Miscellaneous	14990	ιεροποιους	1
8739	ἱεροποιός	ιεροποιος	Sacrificer	Miscellaneous	14990	ιεροποιους	1
8740	ἱεροποιός	ιεροποιος	Sacrificer	Miscellaneous	14990	ιεροποιους	1
8743	ἱεροποιός	ιεροποιος	Sacrificer	Miscellaneous	14990	ιεροποιων	1
8744	ἱεροποιός	ιεροποιος	Sacrificer	Miscellaneous	14990	ιεροποιους	1
8747	ἱεροποιός	ιεροποιος	Sacrificer	Miscellaneous	14990	ιεροποιους	1
8748	ἱεροποιός	ιεροποιος	Sacrificer	Miscellaneous	14990	ιεροποιους	1
8749	ἱεροποιός	ιεροποιος	Sacrificer	Miscellaneous	14990	ιεροποιους	1
8754	ἱεροποιός	ιεροποιος	Sacrificer	Miscellaneous	14990	ιεροποιους	1
8756	ἱεροποιός	ιεροποιος	Sacrificer	Miscellaneous	14990	ιεροποιους	1
8760	ἱεροποιός	ιεροποιος	Sacrificer	Miscellaneous	14990	ιεροποιους	1
8761	ἱεροποιός	ιεροποιος	Sacrificer	Miscellaneous	14990	ιεροποιους	1
8763	ἱεροποιός	ιεροποιος	Sacrificer	Miscellaneous	14990	ιεροποιους	1
8765	ἱεροποιός	ιεροποιος	Sacrificer	Miscellaneous	14990	ιεροποιους	1
8766	ἱεροποιός	ιεροποιος	Sacrificer	Miscellaneous	14990	ιεροποιους	1
8768	ἱεροποιός	ιεροποιος	Sacrificer	Miscellaneous	14990	ιεροποιους	1
8770	ἱεροποιός	ιεροποιος	Sacrificer	Miscellaneous	14990	ιεροποιους	1
8772	ἱεροποιός	ιεροποιος	Sacrificer	Miscellaneous	14990	ιεροποιους	1
8773	ἱεροποιός	ιεροποιος	Sacrificer	Miscellaneous	14990	ιεροποιους	1
8774	ἱεροποιός	ιεροποιος	Sacrificer	Miscellaneous	14990	ιεροποιους	1
8775	ἱεροποιός	ιεροποιος	Sacrificer	Miscellaneous	14990	ιεροποιους	1
8776	ἱεροποιός	ιεροποιος	Sacrificer	Miscellaneous	14990	ιεροποιους	1
8782	ἱεροποιός	ιεροποιος	Sacrificer	Miscellaneous	14990	ιεροποιους	1
8783	ἱεροποιός	ιεροποιος	Sacrificer	Miscellaneous	14990	ιεροποιους	1
8786	ἱεροποιός	ιεροποιος	Sacrificer	Miscellaneous	14990	ιεροποιους	1
8790	ἱεροποιός	ιεροποιος	Sacrificer	Miscellaneous	14990	ιεροποιους	1
8793	ἱεροποιός	ιεροποιος	Sacrificer	Miscellaneous	14990	ιεροποιους	1
8798	ἱεροποιός	ιεροποιος	Sacrificer	Miscellaneous	14990	ιεροποιους	1
8799	ἱεροποιός	ιεροποιος	Sacrificer	Miscellaneous	14990	ιεροποιους	1
8800	ἱεροποιός	ιεροποιος	Sacrificer	Miscellaneous	14990	ιεροποιους	1
8801	φιλόσοφος	φιλοσοφος	Philosopher/sophist	Education and Training	19190	φιλοσοφων	1
8804	ἱεροποιός	ιεροποιος	Sacrificer	Miscellaneous	14990	ιεροποιους	1
8808	ἱεροποιός	ιεροποιος	Sacrificer	Miscellaneous	14990	ιεροποιους	1
8809	ἱεροποιός	ιεροποιος	Sacrificer	Miscellaneous	14990	ιεροποιους	1
8811	ἱεροποιός	ιεροποιος	Sacrificer	Miscellaneous	14990	ιεροποιους	1
8813	ἱεροποιός	ιεροποιος	Sacrificer	Miscellaneous	14990	ιεροποιους	1
8815	ἱεροποιός	ιεροποιος	Sacrificer	Miscellaneous	14990	ιεροποιους	1
8816	ἱεροποιός	ιεροποιος	Sacrificer	Miscellaneous	14990	ιεροποιους	1
8823	ἱεροποιός	ιεροποιος	Sacrificer	Miscellaneous	14990	ιεροποιους	1
8827	ἱεροποιός	ιεροποιος	Sacrificer	Miscellaneous	14990	ιεροποιους	1
8828	ἱεροποιός	ιεροποιος	Sacrificer	Miscellaneous	14990	ιεροποιους	1
8834	ἱεροποιός	ιεροποιος	Sacrificer	Miscellaneous	14990	ιεροποιους	1
8841	ἱεροποιός	ιεροποιος	Sacrificer	Miscellaneous	14990	ιεροποιους	1
8844	ἱεροποιός	ιεροποιος	Sacrificer	Miscellaneous	14990	ιεροποιους	1
8858	ἱεροποιός	ιεροποιος	Sacrificer	Miscellaneous	14990	ιεροποιους	1
8860	ἱεροποιός	ιεροποιος	Sacrificer	Miscellaneous	14990	ιεροποιους	1
8862	ἱεροποιός	ιεροποιος	Sacrificer	Miscellaneous	14990	ιεροποιους	1
8866	ἱεροποιός	ιεροποιος	Sacrificer	Miscellaneous	14990	ιεροποιους	1
8867	ἱεροποιός	ιεροποιος	Sacrificer	Miscellaneous	14990	ιεροποιους	1
8870	ἱεροποιός	ιεροποιος	Sacrificer	Miscellaneous	14990	ιεροποιους	1
8871	ἱεροποιός	ιεροποιος	Sacrificer	Miscellaneous	14990	ιεροποιους	1
8872	ἱεροποιός	ιεροποιος	Sacrificer	Miscellaneous	14990	ιεροποιους	1
8873	ἱεροποιός	ιεροποιος	Sacrificer	Miscellaneous	14990	ιεροποιους	1
8876	ἱεροποιός	ιεροποιος	Sacrificer	Miscellaneous	14990	ιεροποιους	1
8878	ἱεροποιός	ιεροποιος	Sacrificer	Miscellaneous	14990	ιεροποιους	1
8879	ἱεροποιός	ιεροποιος	Sacrificer	Miscellaneous	14990	ιεροποιους	1
8883	ἱεροποιός	ιεροποιος	Sacrificer	Miscellaneous	14990	ιεροποιους	1
8884	ἱεροποιός	ιεροποιος	Sacrificer	Miscellaneous	14990	ιεροποιους	1
8885	ἱεροποιός	ιεροποιος	Sacrificer	Miscellaneous	14990	ιεροποιους	1
8886	ἱεροποιός	ιεροποιος	Sacrificer	Miscellaneous	14990	ιεροποιους	1
8893	ἱεροποιός	ιεροποιος	Sacrificer	Miscellaneous	14990	ιεροποιους	1
8894	ἱεροποιός	ιεροποιος	Sacrificer	Miscellaneous	14990	ιεροποιους	1
8896	ἱεροποιός	ιεροποιος	Sacrificer	Miscellaneous	14990	ιεροποιους	1
8900	ἱεροποιός	ιεροποιος	Sacrificer	Miscellaneous	14990	ιεροποιους	1
8901	ἱεροποιός	ιεροποιος	Sacrificer	Miscellaneous	14990	ιεροποιους	1
8902	ἱεροποιός	ιεροποιος	Sacrificer	Miscellaneous	14990	ιεροποιους	1
8904	ἱεροποιός	ιεροποιος	Sacrificer	Miscellaneous	14990	ιεροποιους	1
8909	ἱεροποιός	ιεροποιος	Sacrificer	Miscellaneous	14990	ιεροποιους	1
8916	ἱεροποιός	ιεροποιος	Sacrificer	Miscellaneous	14990	ιεροποιους	1
8920	ἱεροποιός	ιεροποιος	Sacrificer	Miscellaneous	14990	ιεροποιους	1
8922	ἱεροποιός	ιεροποιος	Sacrificer	Miscellaneous	14990	ιεροποιους	1
8923	ἱεροποιός	ιεροποιος	Sacrificer	Miscellaneous	14990	ιεροποιους	1
8929	ἱεροποιός	ιεροποιος	Sacrificer	Miscellaneous	14990	ιεροποιους	1
8936	ἱεροποιός	ιεροποιος	Sacrificer	Miscellaneous	14990	ιεροποιους	1
8940	ἱεροποιός	ιεροποιος	Sacrificer	Miscellaneous	14990	ιεροποιους	1
8942	ἱεροποιός	ιεροποιος	Sacrificer	Miscellaneous	14990	ιεροποιους	1
8945	ἱεροποιός	ιεροποιος	Sacrificer	Miscellaneous	14990	ιεροποιους	1
8946	ἱεροποιός	ιεροποιος	Sacrificer	Miscellaneous	14990	ιεροποιους	1
8947	ἱεροποιός	ιεροποιος	Sacrificer	Miscellaneous	14990	ιεροποιους	1
8949	ἱεροποιός	ιεροποιος	Sacrificer	Miscellaneous	14990	ιεροποιους	1
8952	ἰατρός	ιατρος	Doctor	Miscellaneous	6110	ιατρος	1
8956	ἱεροποιός	ιεροποιος	Sacrificer	Miscellaneous	14990	ιεροποιους	1
8962	ἱεροποιός	ιεροποιος	Sacrificer	Miscellaneous	14990	ιεροποιους	1
8966	ἱεροποιός	ιεροποιος	Sacrificer	Miscellaneous	14990	ιεροποιους	1
8967	ἱεροποιός	ιεροποιος	Sacrificer	Miscellaneous	14990	ιεροποιους	1
8976	ἱεροποιός	ιεροποιος	Sacrificer	Miscellaneous	14990	ιεροποιους	1
8977	ἱεροποιός	ιεροποιος	Sacrificer	Miscellaneous	14990	ιεροποιους	1
8979	ἱεροποιός	ιεροποιος	Sacrificer	Miscellaneous	14990	ιεροποιους	1
8980	ἱεροποιός	ιεροποιος	Sacrificer	Miscellaneous	14990	ιεροποιους	1
8981	ἱεροποιός	ιεροποιος	Sacrificer	Miscellaneous	14990	ιεροποιους	1
8982	ἱεροποιός	ιεροποιος	Sacrificer	Miscellaneous	14990	ιεροποιους	1
8983	ἱεροποιός	ιεροποιος	Sacrificer	Miscellaneous	14990	ιεροποιους	1
8986	ἱεροποιός	ιεροποιος	Sacrificer	Miscellaneous	14990	ιεροποιους	1
8990	ἱεροποιός	ιεροποιος	Sacrificer	Miscellaneous	14990	ιεροποιους	1
8991	ἱεροποιός	ιεροποιος	Sacrificer	Miscellaneous	14990	ιεροποιους	1
8994	ἱεροποιός	ιεροποιος	Sacrificer	Miscellaneous	14990	ιεροποιους	1
8996	ἱεροποιός	ιεροποιος	Sacrificer	Miscellaneous	14990	ιεροποιους	1
8998	ἱεροποιός	ιεροποιος	Sacrificer	Miscellaneous	14990	ιεροποιους	1
8999	ἱεροποιός	ιεροποιος	Sacrificer	Miscellaneous	14990	ιεροποιους	1
9003	ἱεροποιός	ιεροποιος	Sacrificer	Miscellaneous	14990	ιεροποιους	1
9004	ἱεροποιός	ιεροποιος	Sacrificer	Miscellaneous	14990	ιεροποιους	1
9007	ἱεροποιός	ιεροποιος	Sacrificer	Miscellaneous	14990	ιεροποιους	1
9008	ἱεροποιός	ιεροποιος	Sacrificer	Miscellaneous	14990	ιεροποιους	1
9015	ἱεροποιός	ιεροποιος	Sacrificer	Miscellaneous	14990	ιεροποιους	1
9017	ἱεροποιός	ιεροποιος	Sacrificer	Miscellaneous	14990	ιεροποιους	1
9023	ἱεροποιός	ιεροποιος	Sacrificer	Miscellaneous	14990	ιεροποιους	1
9025	ἱεροποιός	ιεροποιος	Sacrificer	Miscellaneous	14990	ιεροποιους	1
9027	ἱεροποιός	ιεροποιος	Sacrificer	Miscellaneous	14990	ιεροποιους	1
9035	ἱεροποιός	ιεροποιος	Sacrificer	Miscellaneous	14990	ιεροποιους	1
9036	ἱεροποιός	ιεροποιος	Sacrificer	Miscellaneous	14990	ιεροποιους	1
9037	ἱεροποιός	ιεροποιος	Sacrificer	Miscellaneous	14990	ιεροποιους	1
9040	ἱεροποιός	ιεροποιος	Sacrificer	Miscellaneous	14990	ιεροποιους	1
9041	ἱεροποιός	ιεροποιος	Sacrificer	Miscellaneous	14990	ιεροποιους	1
9043	ἱεροποιός	ιεροποιος	Sacrificer	Miscellaneous	14990	ιεροποιους	1
9045	ἱεροποιός	ιεροποιος	Sacrificer	Miscellaneous	14990	ιεροποιους	1
9046	ἱεροποιός	ιεροποιος	Sacrificer	Miscellaneous	14990	ιεροποιους	1
9048	ἱεροποιός	ιεροποιος	Sacrificer	Miscellaneous	14990	ιεροποιους	1
9053	ἱεροποιός	ιεροποιος	Sacrificer	Miscellaneous	14990	ιεροποιους	1
9054	ἱεροποιός	ιεροποιος	Sacrificer	Miscellaneous	14990	ιεροποιους	1
9055	ἱεροποιός	ιεροποιος	Sacrificer	Miscellaneous	14990	ιεροποιους	1
9056	ἱεροποιός	ιεροποιος	Sacrificer	Miscellaneous	14990	ιεροποιους	1
9057	ἱεροποιός	ιεροποιος	Sacrificer	Miscellaneous	14990	ιεροποιους	1
9058	ἱεροποιός	ιεροποιος	Sacrificer	Miscellaneous	14990	ιεροποιους	1
9059	ἱεροποιός	ιεροποιος	Sacrificer	Miscellaneous	14990	ιεροποιους	1
9060	ἱεροποιός	ιεροποιος	Sacrificer	Miscellaneous	14990	ιεροποιους	1
9066	ἱεροποιός	ιεροποιος	Sacrificer	Miscellaneous	14990	ιεροποιους	1
9067	ἱεροποιός	ιεροποιος	Sacrificer	Miscellaneous	14990	ιεροποιους	1
9071	ἱεροποιός	ιεροποιος	Sacrificer	Miscellaneous	14990	ιεροποιους	1
9072	ἱεροποιός	ιεροποιος	Sacrificer	Miscellaneous	14990	ιεροποιους	1
9075	ἱεροποιός	ιεροποιος	Sacrificer	Miscellaneous	14990	ιεροποιους	1
9077	ἱεροποιός	ιεροποιος	Sacrificer	Miscellaneous	14990	ιεροποιους	1
9079	ἱεροποιός	ιεροποιος	Sacrificer	Miscellaneous	14990	ιεροποιους	1
9081	ἱεροποιός	ιεροποιος	Sacrificer	Miscellaneous	14990	ιεροποιους	1
9085	ἱεροποιός	ιεροποιος	Sacrificer	Miscellaneous	14990	ιεροποιους	1
9086	ἱεροποιός	ιεροποιος	Sacrificer	Miscellaneous	14990	ιεροποιους	1
9088	ἱεροποιός	ιεροποιος	Sacrificer	Miscellaneous	14990	ιεροποιους	1
9089	ἱεροποιός	ιεροποιος	Sacrificer	Miscellaneous	14990	ιεροποιους	1
9090	ἱεροποιός	ιεροποιος	Sacrificer	Miscellaneous	14990	ιεροποιους	1
9092	ἱεροποιός	ιεροποιος	Sacrificer	Miscellaneous	14990	ιεροποιους	1
9098	ἱεροποιός	ιεροποιος	Sacrificer	Miscellaneous	14990	ιεροποιους	1
9099	ἱεροποιός	ιεροποιος	Sacrificer	Miscellaneous	14990	ιεροποιους	1
9103	ἱεροποιός	ιεροποιος	Sacrificer	Miscellaneous	14990	ιεροποιους	1
9104	ἱεροποιός	ιεροποιος	Sacrificer	Miscellaneous	14990	ιεροποιους	1
9106	ἱεροποιός	ιεροποιος	Sacrificer	Miscellaneous	14990	ιεροποιους	1
9107	ἱεροποιός	ιεροποιος	Sacrificer	Miscellaneous	14990	ιεροποιους	1
9108	ἱεροποιός	ιεροποιος	Sacrificer	Miscellaneous	14990	ιεροποιους	1
9109	ἱεροποιός	ιεροποιος	Sacrificer	Miscellaneous	14990	ιεροποιους	1
9112	ἱεροποιός	ιεροποιος	Sacrificer	Miscellaneous	14990	ιεροποιους	1
9113	ἱεροποιός	ιεροποιος	Sacrificer	Miscellaneous	14990	ιεροποιους	1
9116	ἱεροποιός	ιεροποιος	Sacrificer	Miscellaneous	14990	ιεροποιους	1
9119	ἱεροποιός	ιεροποιος	Sacrificer	Miscellaneous	14990	ιεροποιους	1
9122	ἱεροποιός	ιεροποιος	Sacrificer	Miscellaneous	14990	ιεροποιους	1
9123	ἱεροποιός	ιεροποιος	Sacrificer	Miscellaneous	14990	ιεροποιους	1
9124	ἱεροποιός	ιεροποιος	Sacrificer	Miscellaneous	14990	ιεροποιους	1
9125	ἱεροποιός	ιεροποιος	Sacrificer	Miscellaneous	14990	ιεροποιους	1
9126	ἱεροποιός	ιεροποιος	Sacrificer	Miscellaneous	14990	ιεροποιους	1
9127	ἱεροποιός	ιεροποιος	Sacrificer	Miscellaneous	14990	ιεροποιους	1
9129	ἱεροποιός	ιεροποιος	Sacrificer	Miscellaneous	14990	ιεροποιους	1
9131	ἱεροποιός	ιεροποιος	Sacrificer	Miscellaneous	14990	ιεροποιους	1
9133	ἱεροποιός	ιεροποιος	Sacrificer	Miscellaneous	14990	ιεροποιους	1
9134	ἱεροποιός	ιεροποιος	Sacrificer	Miscellaneous	14990	ιεροποιους	1
9138	ἱεροποιός	ιεροποιος	Sacrificer	Miscellaneous	14990	ιεροποιους	1
9143	ἱεροποιός	ιεροποιος	Sacrificer	Miscellaneous	14990	ιεροποιους	1
9147	ἱεροποιός	ιεροποιος	Sacrificer	Miscellaneous	14990	ιεροποιους	1
9149	ἱεροποιός	ιεροποιος	Sacrificer	Miscellaneous	14990	ιεροποιους	1
9150	ἱεροποιός	ιεροποιος	Sacrificer	Miscellaneous	14990	ιεροποιους	1
9152	ἱεροποιός	ιεροποιος	Sacrificer	Miscellaneous	14990	ιεροποιους	1
9157	ἱεροποιός	ιεροποιος	Sacrificer	Miscellaneous	14990	ιεροποιους	1
9160	ἱεροποιός	ιεροποιος	Sacrificer	Miscellaneous	14990	ιεροποιους	1
9164	ἱεροποιός	ιεροποιος	Sacrificer	Miscellaneous	14990	ιεροποιους	1
9166	ἱεροποιός	ιεροποιος	Sacrificer	Miscellaneous	14990	ιεροποιους	1
9169	ἱεροποιός	ιεροποιος	Sacrificer	Miscellaneous	14990	ιεροποιους	1
9180	ἱεροποιός	ιεροποιος	Sacrificer	Miscellaneous	14990	ιεροποιους	1
9183	ἱεροποιός	ιεροποιος	Sacrificer	Miscellaneous	14990	ιεροποιους	1
9185	ἱεροποιός	ιεροποιος	Sacrificer	Miscellaneous	14990	ιεροποιους	1
9187	ἱεροποιός	ιεροποιος	Sacrificer	Miscellaneous	14990	ιεροποιους	1
9189	ἱεροποιός	ιεροποιος	Sacrificer	Miscellaneous	14990	ιεροποιους	1
9190	ἱεροποιός	ιεροποιος	Sacrificer	Miscellaneous	14990	ιεροποιους	1
9192	ἱεροποιός	ιεροποιος	Sacrificer	Miscellaneous	14990	ιεροποιους	1
9194	ἱεροποιός	ιεροποιος	Sacrificer	Miscellaneous	14990	ιεροποιους	1
9203	ἱεροποιός	ιεροποιος	Sacrificer	Miscellaneous	14990	ιεροποιους	1
9204	γραμματεύς	γραμματευς	Scribe	Writing and the Book Trade	30120	γραμματει	1
9204	ἱεροποιός	ιεροποιος	Sacrificer	Miscellaneous	14990	ιεροποιους	1
9208	ἱεροποιός	ιεροποιος	Sacrificer	Miscellaneous	14990	ιεροποιοι	1
9209	ἱεροποιός	ιεροποιος	Sacrificer	Miscellaneous	14990	ιεροποιοι|ιεροποιους	2
9233	γραμματεύς	γραμματευς	Scribe	Writing and the Book Trade	30120	γραμματευς	1
9237	ἱερεύς 	ιερευς 	Priest, sacrificer	Miscellaneous	14990	ιερευς 	1
9254	ἰατρός	ιατρος	Doctor	Miscellaneous	6110	ιατρον	1
9290	ναύκληρος	ναυκληρος	Shipmaster	Seafaring/Maritime	98110	ναυκληροι	1
9406	γραμματεύς	γραμματευς	Scribe	Writing and the Book Trade	30120	γραμματεα|γραμματευς	2
9407	γραμματεύς	γραμματευς	Scribe	Writing and the Book Trade	30120	γραμματεα|γραμματευς	2
9468	ἱερεύς 	ιερευς 	Priest, sacrificer	Miscellaneous	14990	ιερευς 	1
9477	γραφεύς	γραφευς	Scrivener/copyist	Writing and the Book Trade	30120	γραφει	1
9477	χαλκεύς	χαλκευς	Smith	Metalwork	72110	χαλκει	1
9477	ἱερεύς 	ιερευς 	Priest, sacrificer	Miscellaneous	14990	ιερευς 	1
9485	ἱερεύς 	ιερευς 	Priest, sacrificer	Miscellaneous	14990	ιερευς 	1
9521	ἱερεύς 	ιερευς 	Priest, sacrificer	Miscellaneous	14990	ιερευς 	1
9531	ἱππικός	ιππικος	Riding trainer	Education and Training	18190	ιππικον	1
9531	λιναριος	λιναριος	Linen worker	Textiles	75130	λιναριοις	1
9536	ἱεροποιός	ιεροποιος	Sacrificer	Miscellaneous	14990	ιεροποιων	1
9537	λιναριος	λιναριος	Linen worker	Textiles	75130	λιναριοις	1
9537	ἱεροποιός	ιεροποιος	Sacrificer	Miscellaneous	14990	ιεροποιων	1
9540	λιναριος	λιναριος	Linen worker	Textiles	75130	λιναριοις	1
9543	πλινθόφορος	πλινθοφορος	Brick carrier	Construction	95110	πλινθοφορους	1
9544	ἱεροποιός	ιεροποιος	Sacrificer	Miscellaneous	14990	ιεροποιων	1
9544	ἱερεύς 	ιερευς 	Priest, sacrificer	Miscellaneous	14990	ιερευς 	1
9545	ἱππικός	ιππικος	Riding trainer	Education and Training	18190	ιππικον	1
9545	λιναριος	λιναριος	Linen worker	Textiles	75130	λιναριοις	1
9545	ἱεροποιός	ιεροποιος	Sacrificer	Miscellaneous	14990	ιεροποιων	1
9549	ἱεροποιός	ιεροποιος	Sacrificer	Miscellaneous	14990	ιεροποιων	1
9550	πλινθόφορος	πλινθοφορος	Brick carrier	Construction	95110	πλινθοφορους	1
9557	λιναριος	λιναριος	Linen worker	Textiles	75130	λιναριοις	1
9557	ἱερεύς 	ιερευς 	Priest, sacrificer	Miscellaneous	14990	ιερευς 	1
9560	λιναριος	λιναριος	Linen worker	Textiles	75130	λιναριοις	1
9560	γραμματεύς	γραμματευς	Scribe	Writing and the Book Trade	30120	γραμματει|γραμματεως	2
9560	ἱεροποιός	ιεροποιος	Sacrificer	Miscellaneous	14990	ιεροποιων	1
9560	ἱερεύς 	ιερευς 	Priest, sacrificer	Miscellaneous	14990	ιερευς 	1
9565	λιναριος	λιναριος	Linen worker	Textiles	75130	λιναριοις	1
9567	ἱεροποιός	ιεροποιος	Sacrificer	Miscellaneous	14990	ιεροποιων	1
9569	ἱεροποιός	ιεροποιος	Sacrificer	Miscellaneous	14990	ιεροποιων	1
9569	ἱερεύς 	ιερευς 	Priest, sacrificer	Miscellaneous	14990	ιερευς 	1
9570	ἱεροποιός	ιεροποιος	Sacrificer	Miscellaneous	14990	ιεροποιων	1
9570	ἱερεύς 	ιερευς 	Priest, sacrificer	Miscellaneous	14990	ιερευς 	1
9571	πλινθόφορος	πλινθοφορος	Brick carrier	Construction	95110	πλινθοφορους	1
9571	λιναριος	λιναριος	Linen worker	Textiles	75130	λιναριοις	1
9571	ἱεροποιός	ιεροποιος	Sacrificer	Miscellaneous	14990	ιεροποιων	1
9571	ἱερεύς 	ιερευς 	Priest, sacrificer	Miscellaneous	14990	ιερευς 	1
9572	λιναριος	λιναριος	Linen worker	Textiles	75130	λιναριοις	1
9577	πλινθόφορος	πλινθοφορος	Brick carrier	Construction	95110	πλινθοφορους	1
9578	πλινθόφορος	πλινθοφορος	Brick carrier	Construction	95110	πλινθοφορους	1
9578	λιναριος	λιναριος	Linen worker	Textiles	75130	λιναριοις	1
9578	ἱερεύς 	ιερευς 	Priest, sacrificer	Miscellaneous	14990	ιερευς 	1
9580	λιναριος	λιναριος	Linen worker	Textiles	75130	λιναριοις	1
9580	ἱεροποιός	ιεροποιος	Sacrificer	Miscellaneous	14990	ιεροποιων	1
9581	ἱερεύς 	ιερευς 	Priest, sacrificer	Miscellaneous	14990	ιερευς 	1
9608	ἀρχιτέκτων	αρχιτεκτων	Architect	Construction	2120	αρχιτεκτονα	1
9625	μουσικός	μουσικος	Musician	Drama and Entertainment	17320	μουσικος	1
9626	γραμματεύς	γραμματευς	Scribe	Writing and the Book Trade	30120	γραμματεα	1
9627	ἱερεύς 	ιερευς 	Priest, sacrificer	Miscellaneous	14990	ιερευς 	1
9629	γραμματεύς	γραμματευς	Scribe	Writing and the Book Trade	30120	γραμματεα|γραμματευς	2
9631	μουσικός	μουσικος	Musician	Drama and Entertainment	17320	μουσικος	1
9633	γραμματεύς	γραμματευς	Scribe	Writing and the Book Trade	30120	γραμματεα	1
9634	γραμματεύς	γραμματευς	Scribe	Writing and the Book Trade	30120	γραμματεα	1
9635	ποιητής	ποιητης	Maker, poet	Literature and Scholarship	17150	ποιητης	1
9636	ἔμπορος	εμπορος	Maritime trader	Seafaring/Maritime	41110	εμπορων	1
9641	γραμματικός	γραμματικος	Grammarian	Literature and Scholarship	13920	γραμματικος	1
9648	ἔμπορος	εμπορος	Maritime trader	Seafaring/Maritime	41110	εμπορων	1
9648	ναύκληρος	ναυκληρος	Shipmaster	Seafaring/Maritime	98110	ναυκληρων	1
9648	γραμματεύς	γραμματευς	Scribe	Writing and the Book Trade	30120	γραμματει	1
9649	ἔμπορος	εμπορος	Maritime trader	Seafaring/Maritime	41110	εμπορων	1
9649	ναύκληρος	ναυκληρος	Shipmaster	Seafaring/Maritime	98110	ναυκληρων	1
9651	γραμματεύς	γραμματευς	Scribe	Writing and the Book Trade	30120	γραμματει	1
9652	γραμματεύς	γραμματευς	Scribe	Writing and the Book Trade	30120	γραμματευς	1
9652	ἱεροποιός	ιεροποιος	Sacrificer	Miscellaneous	14990	ιεροποιοι	1
9654	ἰατρός	ιατρος	Doctor	Miscellaneous	6110	ιατρων	1
9655	ἔμπορος	εμπορος	Maritime trader	Seafaring/Maritime	41110	εμποροι	1
9655	ναύκληρος	ναυκληρος	Shipmaster	Seafaring/Maritime	98110	ναυκληροι	1
9668	ὑπηρετής	υπηρετης	Architect’s assistant	Construction	95990	υπηρεται	1
9681	ἱερεύς 	ιερευς 	Priest, sacrificer	Miscellaneous	14990	ιερευς 	1
9691	ἱερεύς 	ιερευς 	Priest, sacrificer	Miscellaneous	14990	ιερευς 	1
9692	ἱερεύς 	ιερευς 	Priest, sacrificer	Miscellaneous	14990	ιερευς 	1
9697	ἱερεύς 	ιερευς 	Priest, sacrificer	Miscellaneous	14990	ιερευς 	1
9698	ἱερεύς 	ιερευς 	Priest, sacrificer	Miscellaneous	14990	ιερευς 	1
9699	ἱερεύς 	ιερευς 	Priest, sacrificer	Miscellaneous	14990	ιερευς 	1
9700	ἱερεύς 	ιερευς 	Priest, sacrificer	Miscellaneous	14990	ιερευς 	1
9701	ἱερεύς 	ιερευς 	Priest, sacrificer	Miscellaneous	14990	ιερευς 	1
9702	ἱερεύς 	ιερευς 	Priest, sacrificer	Miscellaneous	14990	ιερευς 	1
9703	ἱερεύς 	ιερευς 	Priest, sacrificer	Miscellaneous	14990	ιερευς 	1
9705	ἱερεύς 	ιερευς 	Priest, sacrificer	Miscellaneous	14990	ιερευς 	1
9711	ἱερεύς 	ιερευς 	Priest, sacrificer	Miscellaneous	14990	ιερευς 	1
9712	ἱερεύς 	ιερευς 	Priest, sacrificer	Miscellaneous	14990	ιερευς 	1
9715	ἱερεύς 	ιερευς 	Priest, sacrificer	Miscellaneous	14990	ιερευς 	1
9774	ἔμπορος	εμπορος	Maritime trader	Seafaring/Maritime	41110	εμποροι	1
9774	ναύκληρος	ναυκληρος	Shipmaster	Seafaring/Maritime	98110	ναυκληροι	1
9777	ἔμπορος	εμπορος	Maritime trader	Seafaring/Maritime	41110	εμποροι	1
9777	ναύκληρος	ναυκληρος	Shipmaster	Seafaring/Maritime	98110	ναυκληροι	1
9779	ἔμπορος	εμπορος	Maritime trader	Seafaring/Maritime	41110	εμποροι	1
9779	ναύκληρος	ναυκληρος	Shipmaster	Seafaring/Maritime	98110	ναυκληροι	1
9780	ἔμπορος	εμπορος	Maritime trader	Seafaring/Maritime	41110	εμποροι	1
9780	ναύκληρος	ναυκληρος	Shipmaster	Seafaring/Maritime	98110	ναυκληροι	1
9781	ἔμπορος	εμπορος	Maritime trader	Seafaring/Maritime	41110	εμποροι	1
9781	ναύκληρος	ναυκληρος	Shipmaster	Seafaring/Maritime	98110	ναυκληροι	1
9784	ἔμπορος	εμπορος	Maritime trader	Seafaring/Maritime	41110	εμποροι	1
9784	ναύκληρος	ναυκληρος	Shipmaster	Seafaring/Maritime	98110	ναυκληροι	1
9789	ἔμπορος	εμπορος	Maritime trader	Seafaring/Maritime	41110	εμποροι	1
9789	ναύκληρος	ναυκληρος	Shipmaster	Seafaring/Maritime	98110	ναυκληροι	1
9790	ἔμπορος	εμπορος	Maritime trader	Seafaring/Maritime	41110	εμποροι	1
9790	ναύκληρος	ναυκληρος	Shipmaster	Seafaring/Maritime	98110	ναυκληροι	1
9791	ἔμπορος	εμπορος	Maritime trader	Seafaring/Maritime	41110	εμποροι	1
9791	ναύκληρος	ναυκληρος	Shipmaster	Seafaring/Maritime	98110	ναυκληροι	1
9792	ἔμπορος	εμπορος	Maritime trader	Seafaring/Maritime	41110	εμποροι	1
9792	ναύκληρος	ναυκληρος	Shipmaster	Seafaring/Maritime	98110	ναυκληροι	1
9793	ναύκληρος	ναυκληρος	Shipmaster	Seafaring/Maritime	98110	ναυκληροι	1
9794	ἔμπορος	εμπορος	Maritime trader	Seafaring/Maritime	41110	εμποροι	1
9794	ναύκληρος	ναυκληρος	Shipmaster	Seafaring/Maritime	98110	ναυκληροι	1
9795	ἔμπορος	εμπορος	Maritime trader	Seafaring/Maritime	41110	εμποροι	1
9795	ναύκληρος	ναυκληρος	Shipmaster	Seafaring/Maritime	98110	ναυκληροι	1
9797	ἔμπορος	εμπορος	Maritime trader	Seafaring/Maritime	41110	εμποροι	1
9797	ναύκληρος	ναυκληρος	Shipmaster	Seafaring/Maritime	98110	ναυκληροι	1
9803	ναύκληρος	ναυκληρος	Shipmaster	Seafaring/Maritime	98110	ναυκληροι	1
9835	ἔμπορος	εμπορος	Maritime trader	Seafaring/Maritime	41110	εμποροι	1
9835	ναύκληρος	ναυκληρος	Shipmaster	Seafaring/Maritime	98110	ναυκληροι	1
9836	ἔμπορος	εμπορος	Maritime trader	Seafaring/Maritime	41110	εμποροι	1
9836	ναύκληρος	ναυκληρος	Shipmaster	Seafaring/Maritime	98110	ναυκληροι	1
9837	ναύκληρος	ναυκληρος	Shipmaster	Seafaring/Maritime	98110	ναυκληροι	1
9838	ἔμπορος	εμπορος	Maritime trader	Seafaring/Maritime	41110	εμποροι	1
9838	ναύκληρος	ναυκληρος	Shipmaster	Seafaring/Maritime	98110	ναυκληροι	1
9840	ναύκληρος	ναυκληρος	Shipmaster	Seafaring/Maritime	98110	ναυκληροι	1
9841	ναύκληρος	ναυκληρος	Shipmaster	Seafaring/Maritime	98110	ναυκληροι	1
9842	ἔμπορος	εμπορος	Maritime trader	Seafaring/Maritime	41110	εμπορων	1
9844	οἰνοπώλης	οινοπωλης	Wine Dealer	Food Preparation and Retail	45190	οινοπωλαι	1
9858	ἔμπορος	εμπορος	Maritime trader	Seafaring/Maritime	41110	εμποροι	1
9859	ἔμπορος	εμπορος	Maritime trader	Seafaring/Maritime	41110	εμποροι	1
9859	ναύκληρος	ναυκληρος	Shipmaster	Seafaring/Maritime	98110	ναυκληροι	1
9862	ἔμπορος	εμπορος	Maritime trader	Seafaring/Maritime	41110	εμποροι	1
9862	ναύκληρος	ναυκληρος	Shipmaster	Seafaring/Maritime	98110	ναυκληροι	1
9905	ἔμπορος	εμπορος	Maritime trader	Seafaring/Maritime	41110	εμπορων	1
9905	ναύκληρος	ναυκληρος	Shipmaster	Seafaring/Maritime	98110	ναυκληρων	1
9906	ἔμπορος	εμπορος	Maritime trader	Seafaring/Maritime	41110	εμπορων	1
9906	ναύκληρος	ναυκληρος	Shipmaster	Seafaring/Maritime	98110	ναυκληρων	1
9907	ἔμπορος	εμπορος	Maritime trader	Seafaring/Maritime	41110	εμπορων	1
9907	ναύκληρος	ναυκληρος	Shipmaster	Seafaring/Maritime	98110	ναυκληρων	1
9910	ἔμπορος	εμπορος	Maritime trader	Seafaring/Maritime	41110	εμπορων	1
9910	ναύκληρος	ναυκληρος	Shipmaster	Seafaring/Maritime	98110	ναυκληρων	1
9911	ἔμπορος	εμπορος	Maritime trader	Seafaring/Maritime	41110	εμπορων	1
9911	ναύκληρος	ναυκληρος	Shipmaster	Seafaring/Maritime	98110	ναυκληρων	1
9912	ἔμπορος	εμπορος	Maritime trader	Seafaring/Maritime	41110	εμπορων	1
9912	ναύκληρος	ναυκληρος	Shipmaster	Seafaring/Maritime	98110	ναυκληρων	1
9913	ἔμπορος	εμπορος	Maritime trader	Seafaring/Maritime	41110	εμπορων	1
9913	ναύκληρος	ναυκληρος	Shipmaster	Seafaring/Maritime	98110	ναυκληρων	1
9914	ἔμπορος	εμπορος	Maritime trader	Seafaring/Maritime	41110	εμπορων	1
9914	ναύκληρος	ναυκληρος	Shipmaster	Seafaring/Maritime	98110	ναυκληρων	1
9915	ἔμπορος	εμπορος	Maritime trader	Seafaring/Maritime	41110	εμπορων	1
9915	ναύκληρος	ναυκληρος	Shipmaster	Seafaring/Maritime	98110	ναυκληρων	1
9924	ἔμπορος	εμπορος	Maritime trader	Seafaring/Maritime	41110	εμπορων	1
9924	ναύκληρος	ναυκληρος	Shipmaster	Seafaring/Maritime	98110	ναυκληρων	1
9928	ἔμπορος	εμπορος	Maritime trader	Seafaring/Maritime	41110	εμπορων	1
9928	ναύκληρος	ναυκληρος	Shipmaster	Seafaring/Maritime	98110	ναυκληρων	1
9932	ἔμπορος	εμπορος	Maritime trader	Seafaring/Maritime	41110	εμπορων	1
9932	ναύκληρος	ναυκληρος	Shipmaster	Seafaring/Maritime	98110	ναυκληρων	1
9966	γραμματεύς	γραμματευς	Scribe	Writing and the Book Trade	30120	γραμματευς	1
9973	ἱερεύς 	ιερευς 	Priest, sacrificer	Miscellaneous	14990	ιερευς 	1
9999	ἱερεύς 	ιερευς 	Priest, sacrificer	Miscellaneous	14990	ιερευς 	1
10010	ἱερεύς 	ιερευς 	Priest, sacrificer	Miscellaneous	14990	ιερευς 	1
10011	ἱερεύς 	ιερευς 	Priest, sacrificer	Miscellaneous	14990	ιερευς 	1
10013	ἱερεύς 	ιερευς 	Priest, sacrificer	Miscellaneous	14990	ιερευς 	1
10014	ἱερεύς 	ιερευς 	Priest, sacrificer	Miscellaneous	14990	ιερευς 	1
10015	ἱερεύς 	ιερευς 	Priest, sacrificer	Miscellaneous	14990	ιερευς 	1
10016	ἱερεύς 	ιερευς 	Priest, sacrificer	Miscellaneous	14990	ιερευς 	1
10017	ἱερεύς 	ιερευς 	Priest, sacrificer	Miscellaneous	14990	ιερευς 	1
10018	ἱερεύς 	ιερευς 	Priest, sacrificer	Miscellaneous	14990	ιερευς 	1
10020	ἱερεύς 	ιερευς 	Priest, sacrificer	Miscellaneous	14990	ιερευς 	1
10024	ἱερεύς 	ιερευς 	Priest, sacrificer	Miscellaneous	14990	ιερευς 	1
10032	ἱερεύς 	ιερευς 	Priest, sacrificer	Miscellaneous	14990	ιερευς 	1
10033	ἱερεύς 	ιερευς 	Priest, sacrificer	Miscellaneous	14990	ιερευς 	1
10034	ἱερεύς 	ιερευς 	Priest, sacrificer	Miscellaneous	14990	ιερευς 	1
10035	ἱερεύς 	ιερευς 	Priest, sacrificer	Miscellaneous	14990	ιερευς 	1
10036	ἱερεύς 	ιερευς 	Priest, sacrificer	Miscellaneous	14990	ιερευς 	1
10037	ἱερεύς 	ιερευς 	Priest, sacrificer	Miscellaneous	14990	ιερευς 	1
10038	ἱερεύς 	ιερευς 	Priest, sacrificer	Miscellaneous	14990	ιερευς 	1
10039	ἱερεύς 	ιερευς 	Priest, sacrificer	Miscellaneous	14990	ιερευς 	1
10041	ἱερεύς 	ιερευς 	Priest, sacrificer	Miscellaneous	14990	ιερευς 	1
10042	ἱερεύς 	ιερευς 	Priest, sacrificer	Miscellaneous	14990	ιερευς |ιερευς ων	2
10043	ἱερεύς 	ιερευς 	Priest, sacrificer	Miscellaneous	14990	ιερευς 	1
10044	ἱερεύς 	ιερευς 	Priest, sacrificer	Miscellaneous	14990	ιερευς 	1
10045	ἱερεύς 	ιερευς 	Priest, sacrificer	Miscellaneous	14990	ιερευς 	1
10046	ἱερεύς 	ιερευς 	Priest, sacrificer	Miscellaneous	14990	ιερευς 	1
10059	παιδοτρίβης	παιδοτριβης	Physical trainer	Education and Training	18190	παιδοτριβην	1
10082	ἱερεύς 	ιερευς 	Priest, sacrificer	Miscellaneous	14990	ιερευς 	1
10083	παιδοτρίβης	παιδοτριβης	Physical trainer	Education and Training	18190	παιδοτριβην	1
10094	ἱερεύς 	ιερευς 	Priest, sacrificer	Miscellaneous	14990	ιερευς 	1
10174	ἱερεύς 	ιερευς 	Priest, sacrificer	Miscellaneous	14990	ιερευς 	1
10175	ἱερεύς 	ιερευς 	Priest, sacrificer	Miscellaneous	14990	ιερευς |ιερευς ων	2
10176	ἱερεύς 	ιερευς 	Priest, sacrificer	Miscellaneous	14990	ιερευς 	1
10177	ἱερεύς 	ιερευς 	Priest, sacrificer	Miscellaneous	14990	ιερευς 	1
10184	ἱερεύς 	ιερευς 	Priest, sacrificer	Miscellaneous	14990	ιερευς 	1
10185	ἱερεύς 	ιερευς 	Priest, sacrificer	Miscellaneous	14990	ιερευς 	1
10186	ἱερεύς 	ιερευς 	Priest, sacrificer	Miscellaneous	14990	ιερευς 	1
10187	ἱερεύς 	ιερευς 	Priest, sacrificer	Miscellaneous	14990	ιερευς 	1
10188	ἱερεύς 	ιερευς 	Priest, sacrificer	Miscellaneous	14990	ιερευς 	1
10189	ἱερεύς 	ιερευς 	Priest, sacrificer	Miscellaneous	14990	ιερευς 	1
10190	ἱερεύς 	ιερευς 	Priest, sacrificer	Miscellaneous	14990	ιερευς 	1
10191	ἱερεύς 	ιερευς 	Priest, sacrificer	Miscellaneous	14990	ιερευς 	1
10192	ἱερεύς 	ιερευς 	Priest, sacrificer	Miscellaneous	14990	ιερευς 	1
10193	ἱερεύς 	ιερευς 	Priest, sacrificer	Miscellaneous	14990	ιερευς 	1
10194	ἱερεύς 	ιερευς 	Priest, sacrificer	Miscellaneous	14990	ιερευς 	1
10196	ἱερεύς 	ιερευς 	Priest, sacrificer	Miscellaneous	14990	ιερευς 	1
10197	ἱερεύς 	ιερευς 	Priest, sacrificer	Miscellaneous	14990	ιερευς 	1
10198	ἱερεύς 	ιερευς 	Priest, sacrificer	Miscellaneous	14990	ιερευς 	1
10200	ἱερεύς 	ιερευς 	Priest, sacrificer	Miscellaneous	14990	ιερευς 	1
10201	ἱερεύς 	ιερευς 	Priest, sacrificer	Miscellaneous	14990	ιερευς |ιερευς ων	2
10202	ἱερεύς 	ιερευς 	Priest, sacrificer	Miscellaneous	14990	ιερευς 	1
10203	ἱερεύς 	ιερευς 	Priest, sacrificer	Miscellaneous	14990	ιερευς |ιερευς ων	2
10205	ἱερεύς 	ιερευς 	Priest, sacrificer	Miscellaneous	14990	ιερευς 	1
10206	ἱερεύς 	ιερευς 	Priest, sacrificer	Miscellaneous	14990	ιερευς 	1
10216	ἱερεύς 	ιερευς 	Priest, sacrificer	Miscellaneous	14990	ιερευς 	1
10305	ἱερεύς 	ιερευς 	Priest, sacrificer	Miscellaneous	14990	ιερευς 	1
10365	ἱερεύς 	ιερευς 	Priest, sacrificer	Miscellaneous	14990	ιερευς 	1
10366	ἱερεύς 	ιερευς 	Priest, sacrificer	Miscellaneous	14990	ιερευς |ιερευς ων	2
10367	ἱερεύς 	ιερευς 	Priest, sacrificer	Miscellaneous	14990	ιερευς 	1
10368	ἱερεύς 	ιερευς 	Priest, sacrificer	Miscellaneous	14990	ιερευς |ιερευς ων	2
10369	ἱερεύς 	ιερευς 	Priest, sacrificer	Miscellaneous	14990	ιερευς 	1
10370	ἱερεύς 	ιερευς 	Priest, sacrificer	Miscellaneous	14990	ιερευς 	1
10371	ἱερεύς 	ιερευς 	Priest, sacrificer	Miscellaneous	14990	ιερευς 	1
10372	ἱερεύς 	ιερευς 	Priest, sacrificer	Miscellaneous	14990	ιερευς 	1
10373	ἱερεύς 	ιερευς 	Priest, sacrificer	Miscellaneous	14990	ιερευς 	1
10374	ἱερεύς 	ιερευς 	Priest, sacrificer	Miscellaneous	14990	ιερευς 	1
10375	ἱερεύς 	ιερευς 	Priest, sacrificer	Miscellaneous	14990	ιερευς 	1
10376	ἱερεύς 	ιερευς 	Priest, sacrificer	Miscellaneous	14990	ιερευς 	1
10377	ἱερεύς 	ιερευς 	Priest, sacrificer	Miscellaneous	14990	ιερευς 	1
10378	ἱερεύς 	ιερευς 	Priest, sacrificer	Miscellaneous	14990	ιερευς 	1
10379	ἱερεύς 	ιερευς 	Priest, sacrificer	Miscellaneous	14990	ιερευς 	1
10380	ἱερεύς 	ιερευς 	Priest, sacrificer	Miscellaneous	14990	ιερευς 	1
10381	ἱερεύς 	ιερευς 	Priest, sacrificer	Miscellaneous	14990	ιερευς 	1
10673	ἱερεύς 	ιερευς 	Priest, sacrificer	Miscellaneous	14990	ιερευς 	1
10679	ἱερεύς 	ιερευς 	Priest, sacrificer	Miscellaneous	14990	ιερευς 	1
10680	ἱερεύς 	ιερευς 	Priest, sacrificer	Miscellaneous	14990	ιερευς 	1
10681	ἱερεύς 	ιερευς 	Priest, sacrificer	Miscellaneous	14990	ιερευς 	1
10682	ἱερεύς 	ιερευς 	Priest, sacrificer	Miscellaneous	14990	ιερευς 	1
10684	ἱερεύς 	ιερευς 	Priest, sacrificer	Miscellaneous	14990	ιερευς 	1
10685	ἱερεύς 	ιερευς 	Priest, sacrificer	Miscellaneous	14990	ιερευς 	1
10686	ἱερεύς 	ιερευς 	Priest, sacrificer	Miscellaneous	14990	ιερευς 	1
10687	ἱερεύς 	ιερευς 	Priest, sacrificer	Miscellaneous	14990	ιερευς 	1
10693	σκαφεύς	σκαφευς	Digger	Agriculture, Animal Husbandry	62990	σκαφεων	1
10694	ἰατρός	ιατρος	Doctor	Miscellaneous	6110	ιατρε	1
10742	ἱερεύς 	ιερευς 	Priest, sacrificer	Miscellaneous	14990	ιερευς 	1
10744	παιδοτρίβης	παιδοτριβης	Physical trainer	Education and Training	18190	παιδοτριβης	1
10756	ἱερεύς 	ιερευς 	Priest, sacrificer	Miscellaneous	14990	ιερευς 	1
10757	ἱερεύς 	ιερευς 	Priest, sacrificer	Miscellaneous	14990	ιερευς 	1
10760	ἰατρός	ιατρος	Doctor	Miscellaneous	6110	ιατρος	1
10763	ἱερεύς 	ιερευς 	Priest, sacrificer	Miscellaneous	14990	ιερευς 	1
10766	ἱερεύς 	ιερευς 	Priest, sacrificer	Miscellaneous	14990	ιερευς 	1
10767	ἱερεύς 	ιερευς 	Priest, sacrificer	Miscellaneous	14990	ιερευς 	1
10769	ἱερεύς 	ιερευς 	Priest, sacrificer	Miscellaneous	14990	ιερευς 	1
10777	ἱερεύς 	ιερευς 	Priest, sacrificer	Miscellaneous	14990	ιερευς 	1
10778	ἱερεύς 	ιερευς 	Priest, sacrificer	Miscellaneous	14990	ιερευς 	1
10784	ἰατρός	ιατρος	Doctor	Miscellaneous	6110	ιατρους	1
11135	γεωργός	γεωργος	Farmer	Agriculture, Animal Husbandry	61110	γεωργον	1
11153	γραμματεύς	γραμματευς	Scribe	Writing and the Book Trade	30120	γραμματευς	1
11154	γραμματεύς	γραμματευς	Scribe	Writing and the Book Trade	30120	γραμματευς	1
11214	ἱερεύς 	ιερευς 	Priest, sacrificer	Miscellaneous	14990	ιερευς 	1
11281	χαλκεύς	χαλκευς	Smith	Metalwork	72110	χαλκεα	1
11320	φιλόσοφος	φιλοσοφος	Philosopher/sophist	Education and Training	19190	φιλοσοφω	1
11339	γναφεύς	γναφευς	Fuller	Textiles	75140	γναφεων	1
11576	κελευστής	κελευστης	Rowing master	Seafaring/Maritime	98110	κελευσταις	1
11582	γραμματεύς	γραμματευς	Scribe	Writing and the Book Trade	30120	γραμματεως	1
11583	γραμματεύς	γραμματευς	Scribe	Writing and the Book Trade	30120	γραμματεως	1
11583	ἱεροποιός	ιεροποιος	Sacrificer	Miscellaneous	14990	ιεροποιους	1
11586	γραμματεύς	γραμματευς	Scribe	Writing and the Book Trade	30120	γραμματεως	1
11597	ποιητής	ποιητης	Maker, poet	Literature and Scholarship	17150	ποιητην	1
11624	ἱερεύς 	ιερευς 	Priest, sacrificer	Miscellaneous	14990	ιερευς 	1
11730	σοφιστής	σοφιστης	Philosopher/sophist	Education and Training	19190	σοφιστης	1
11731	ῥήτωρ	ρητωρ	Orator	Literature and Scholarship	17150	ρητωρ	1
11733	γναφεύς	γναφευς	Fuller	Textiles	75140	γναφευς	1
11775	ποιητής	ποιητης	Maker, poet	Literature and Scholarship	17150	ποιητης	1
11882	γραμματεύς	γραμματευς	Scribe	Writing and the Book Trade	30120	γραμματεα	1
11883	ἱππικός	ιππικος	Riding trainer	Education and Training	18190	ιππικον	1
11883	μουσικός	μουσικος	Musician	Drama and Entertainment	17320	μουσικον	1
11885	γραμματεύς	γραμματευς	Scribe	Writing and the Book Trade	30120	γραμματεα	1
11886	γραμματεύς	γραμματευς	Scribe	Writing and the Book Trade	30120	γραμματεα	1
11889	ἱερεύς 	ιερευς 	Priest, sacrificer	Miscellaneous	14990	ιερευς 	1
12047	πορθμεύς	πορθμευς	Ferryman	Seafaring/Maritime	98110	πορθμεως	1
12069	γραμματεύς	γραμματευς	Scribe	Writing and the Book Trade	30120	γραμματευς	1
12074	γραμματεύς	γραμματευς	Scribe	Writing and the Book Trade	30120	γραμματεως	1
12121	χαλκεύς	χαλκευς	Smith	Metalwork	72110	χαλκεα	1
12125	ἰατρός	ιατρος	Doctor	Miscellaneous	6110	ιατρος	1
12151	ἱερεύς 	ιερευς 	Priest, sacrificer	Miscellaneous	14990	ιερευς 	1
12238	μουσικός	μουσικος	Musician	Drama and Entertainment	17320	μουσικον	1
12240	γραμματεύς	γραμματευς	Scribe	Writing and the Book Trade	30120	γραμματευς	1
12241	γραμματεύς	γραμματευς	Scribe	Writing and the Book Trade	30120	γραμματεως	1
12242	γραμματεύς	γραμματευς	Scribe	Writing and the Book Trade	30120	γραμματεως	1
12248	ἱερεύς 	ιερευς 	Priest, sacrificer	Miscellaneous	14990	ιερευς 	1
12250	ἱερεύς 	ιερευς 	Priest, sacrificer	Miscellaneous	14990	ιερευς 	1
12330	ἱερεύς 	ιερευς 	Priest, sacrificer	Miscellaneous	14990	ιερευς 	1
12381	γραμματεύς	γραμματευς	Scribe	Writing and the Book Trade	30120	γραμματευς	1
12430	ἱερεύς 	ιερευς 	Priest, sacrificer	Miscellaneous	14990	ιερευς 	1
12435	ἱερεύς 	ιερευς 	Priest, sacrificer	Miscellaneous	14990	ιερευς 	1
12442	γραμματεύς	γραμματευς	Scribe	Writing and the Book Trade	30120	γραμματεως	1
12443	γραμματεύς	γραμματευς	Scribe	Writing and the Book Trade	30120	γραμματεως	1
12444	γραμματεύς	γραμματευς	Scribe	Writing and the Book Trade	30120	γραμματεως	1
12951	οἰκοδομος	οικοδομος	Builder	Construction	95110	οικοδομων	1
12998	ἱερεύς 	ιερευς 	Priest, sacrificer	Miscellaneous	14990	ιερευς 	1
13027	ἱερεύς 	ιερευς 	Priest, sacrificer	Miscellaneous	14990	ιερευς 	1
13041	γραμματεύς	γραμματευς	Scribe	Writing and the Book Trade	30120	γραμματεως	1
13046	γραμματεύς	γραμματευς	Scribe	Writing and the Book Trade	30120	γραμματεως	1
13052	ἱερεύς 	ιερευς 	Priest, sacrificer	Miscellaneous	14990	ιερευς 	1
13059	ποιητής	ποιητης	Maker, poet	Literature and Scholarship	17150	ποιητην	1
13234	γραμματεύς	γραμματευς	Scribe	Writing and the Book Trade	30120	γραμματεων|γραμματεως	2
13273	ἱερεύς 	ιερευς 	Priest, sacrificer	Miscellaneous	14990	ιερευς 	1
13279	ἱερεύς 	ιερευς 	Priest, sacrificer	Miscellaneous	14990	ιερευς 	1
13567	ἱεροποιός	ιεροποιος	Sacrificer	Miscellaneous	14990	ιεροποιοι	1
13583	ὑπηρετής	υπηρετης	Architect’s assistant	Construction	95990	υπηρετης	1
13583	ἱερεύς 	ιερευς 	Priest, sacrificer	Miscellaneous	14990	ιερευς 	1
13605	ἱεροποιός	ιεροποιος	Sacrificer	Miscellaneous	14990	ιεροποιος|ιεροποιων	2
13626	γραμματικός	γραμματικος	Grammarian	Literature and Scholarship	13920	γραμματικος	1
13626	διδάσκαλος	διδασκαλος	Teacher	Education and Training	13130	διδασκαλε	1
13646	ὑπηρετής	υπηρετης	Architect’s assistant	Construction	95990	υπηρετης	1
13661	γραμματεύς	γραμματευς	Scribe	Writing and the Book Trade	30120	γραμματεως	1
13664	γραμματεύς	γραμματευς	Scribe	Writing and the Book Trade	30120	γραμματεως	1
13697	διδάσκαλος	διδασκαλος	Teacher	Education and Training	13130	διδασκαλε	1
13727	γραμματεύς	γραμματευς	Scribe	Writing and the Book Trade	30120	γραμματεα	1
13748	ὑποκριτής	υποκριτης	Actor	Drama and Entertainment	17120	υποκριται	1
13829	γραμματεύς	γραμματευς	Scribe	Writing and the Book Trade	30120	γραμματευς	1
13845	ἱερεύς 	ιερευς 	Priest, sacrificer	Miscellaneous	14990	ιερευς 	1
13905	φιλόσοφος	φιλοσοφος	Philosopher/sophist	Education and Training	19190	φιλοσοφον	1
13918	γραμματεύς	γραμματευς	Scribe	Writing and the Book Trade	30120	γραμματεως	1
13923	ποιητής	ποιητης	Maker, poet	Literature and Scholarship	17150	ποιητης	1
14059	ποιητής	ποιητης	Maker, poet	Literature and Scholarship	17150	ποιητης	1
14059	σοφιστής	σοφιστης	Philosopher/sophist	Education and Training	19190	σοφιστης	1
14059	φιλόσοφος	φιλοσοφος	Philosopher/sophist	Education and Training	19190	φιλοσοφος	1
14060	ποιητής	ποιητης	Maker, poet	Literature and Scholarship	17150	ποιητης	1
14061	ποιητής	ποιητης	Maker, poet	Literature and Scholarship	17150	ποιητην|ποιητης	2
14089	γραμματεύς	γραμματευς	Scribe	Writing and the Book Trade	30120	γραμματευς	1
14098	γραμματεύς	γραμματευς	Scribe	Writing and the Book Trade	30120	γραμματεα	1
14128	φιλόσοφος	φιλοσοφος	Philosopher/sophist	Education and Training	19190	φιλοσοφον	1
14192	πλυνεύς	πλυνευς	Clothes washer	Textiles	75140	πλυνει	1
14221	ἱεροποιός	ιεροποιος	Sacrificer	Miscellaneous	14990	ιεροποιοις|ιεροποιων	2
14225	γραμματεύς	γραμματευς	Scribe	Writing and the Book Trade	30120	γραμματεα	1
14226	ἰατρός	ιατρος	Doctor	Miscellaneous	6110	ιατρων	1
14277	γραμματεύς	γραμματευς	Scribe	Writing and the Book Trade	30120	γραμματεα	1
14357	ναύκληρος	ναυκληρος	Shipmaster	Seafaring/Maritime	98110	ναυκληρου	1
14388	ναύκληρος	ναυκληρος	Shipmaster	Seafaring/Maritime	98110	ναυκληρος	1
14403	ναύκληρος	ναυκληρος	Shipmaster	Seafaring/Maritime	98110	ναυκληρου	1
14431	ναύκληρος	ναυκληρος	Shipmaster	Seafaring/Maritime	98110	ναυκληρων	1
14435	ναύκληρος	ναυκληρος	Shipmaster	Seafaring/Maritime	98110	ναυκληρου	1
14445	γραμματεύς	γραμματευς	Scribe	Writing and the Book Trade	30120	γραμματεα	1
14446	γραμματεύς	γραμματευς	Scribe	Writing and the Book Trade	30120	γραμματεα	1
14447	γραμματεύς	γραμματευς	Scribe	Writing and the Book Trade	30120	γραμματεα	1
14448	γραμματεύς	γραμματευς	Scribe	Writing and the Book Trade	30120	γραμματεα	1
14449	γραμματεύς	γραμματευς	Scribe	Writing and the Book Trade	30120	γραμματεα	1
14452	ἰατρός	ιατρος	Doctor	Miscellaneous	6110	ιατρον	1
14454	γραμματεύς	γραμματευς	Scribe	Writing and the Book Trade	30120	γραμματευς	1
14454	ἱερεύς 	ιερευς 	Priest, sacrificer	Miscellaneous	14990	ιερευς 	1
14466	γραμματεύς	γραμματευς	Scribe	Writing and the Book Trade	30120	γραμματευς	1
14539	γραμματεύς	γραμματευς	Scribe	Writing and the Book Trade	30120	γραμματευς	1
14541	γραμματεύς	γραμματευς	Scribe	Writing and the Book Trade	30120	γραμματεα	1
14542	γραμματεύς	γραμματευς	Scribe	Writing and the Book Trade	30120	γραμματευς	1
14543	γραμματεύς	γραμματευς	Scribe	Writing and the Book Trade	30120	γραμματευς	1
14544	γραμματεύς	γραμματευς	Scribe	Writing and the Book Trade	30120	γραμματευς	1
14546	γραμματεύς	γραμματευς	Scribe	Writing and the Book Trade	30120	γραμματευς	1
14548	γραμματεύς	γραμματευς	Scribe	Writing and the Book Trade	30120	γραμματευς	1
14549	γραμματεύς	γραμματευς	Scribe	Writing and the Book Trade	30120	γραμματευς	1
14563	ἰατρός	ιατρος	Doctor	Miscellaneous	6110	ιατρον|ιατρος	2
14564	ἰατρός	ιατρος	Doctor	Miscellaneous	6110	ιατρος	1
14573	γραμματεύς	γραμματευς	Scribe	Writing and the Book Trade	30120	γραμματευς	1
14583	γραμματεύς	γραμματευς	Scribe	Writing and the Book Trade	30120	γραμματευς	1
14588	γραμματεύς	γραμματευς	Scribe	Writing and the Book Trade	30120	γραμματευς	1
14590	γραμματεύς	γραμματευς	Scribe	Writing and the Book Trade	30120	γραμματευς	1
14610	γραμματεύς	γραμματευς	Scribe	Writing and the Book Trade	30120	γραμματεα	1
14611	γραμματεύς	γραμματευς	Scribe	Writing and the Book Trade	30120	γραμματεα	1
14612	γραμματεύς	γραμματευς	Scribe	Writing and the Book Trade	30120	γραμματεα|γραμματει	2
14614	γραμματεύς	γραμματευς	Scribe	Writing and the Book Trade	30120	γραμματει|γραμματευσι	2
14621	γραφεύς	γραφευς	Scrivener/copyist	Writing and the Book Trade	30120	γραφει	1
14621	ἱεροποιός	ιεροποιος	Sacrificer	Miscellaneous	14990	ιεροποιοις|ιεροποιων	2
14623	γραμματεύς	γραμματευς	Scribe	Writing and the Book Trade	30120	γραμματευς	1
14624	γραμματεύς	γραμματευς	Scribe	Writing and the Book Trade	30120	γραμματευς	1
14625	γραμματεύς	γραμματευς	Scribe	Writing and the Book Trade	30120	γραμματευς	1
14626	γραμματεύς	γραμματευς	Scribe	Writing and the Book Trade	30120	γραμματευς	1
14627	γραμματεύς	γραμματευς	Scribe	Writing and the Book Trade	30120	γραμματευς	1
14628	γραμματεύς	γραμματευς	Scribe	Writing and the Book Trade	30120	γραμματευς	1
14629	γραμματεύς	γραμματευς	Scribe	Writing and the Book Trade	30120	γραμματευς	1
14639	γραμματεύς	γραμματευς	Scribe	Writing and the Book Trade	30120	γραμματευς	1
14658	γραμματεύς	γραμματευς	Scribe	Writing and the Book Trade	30120	γραμματεως	1
14658	ἰατρός	ιατρος	Doctor	Miscellaneous	6110	ιατρου	1
14671	ἱερεύς 	ιερευς 	Priest, sacrificer	Miscellaneous	14990	ιερευς 	1
14698	σιτοπώλης	σιτοπωλης	Grain Dealer	Food Preparation and Retail	41110	σιτοπωλων	1
14759	ἱεροποιός	ιεροποιος	Sacrificer	Miscellaneous	14990	ιεροποιους	1
14769	ἱερεύς 	ιερευς 	Priest, sacrificer	Miscellaneous	14990	ιερευς 	1
14839	ἱερεύς 	ιερευς 	Priest, sacrificer	Miscellaneous	14990	ιερευς 	1
14854	ἱεροποιός	ιεροποιος	Sacrificer	Miscellaneous	14990	ιεροποιους	1
14888	ἱερεύς 	ιερευς 	Priest, sacrificer	Miscellaneous	14990	ιερευς 	1
14936	γραμματεύς	γραμματευς	Scribe	Writing and the Book Trade	30120	γραμματεα	1
14937	γραμματεύς	γραμματευς	Scribe	Writing and the Book Trade	30120	γραμματεα	1
14939	γραμματεύς	γραμματευς	Scribe	Writing and the Book Trade	30120	γραμματεα	1
14940	ἰατρός	ιατρος	Doctor	Miscellaneous	6110	ιατρου	1
14946	γραμματεύς	γραμματευς	Scribe	Writing and the Book Trade	30120	γραμματεα	1
14948	χαλκεύς	χαλκευς	Smith	Metalwork	72110	χαλκει	1
15000	ἱππικός	ιππικος	Riding trainer	Education and Training	18190	ιππικον	1
15000	μουσικός	μουσικος	Musician	Drama and Entertainment	17320	μουσικον	1
15008	γραμματεύς	γραμματευς	Scribe	Writing and the Book Trade	30120	γραμματεως	1
15015	ἱερεύς 	ιερευς 	Priest, sacrificer	Miscellaneous	14990	ιερευς 	1
15043	γραμματεύς	γραμματευς	Scribe	Writing and the Book Trade	30120	γραμματεα	1
15053	ἱερεύς 	ιερευς 	Priest, sacrificer	Miscellaneous	14990	ιερευς 	1
15059	γραμματεύς	γραμματευς	Scribe	Writing and the Book Trade	30120	γραμματεα	1
15061	γραμματεύς	γραμματευς	Scribe	Writing and the Book Trade	30120	γραμματεα|γραμματευς	2
15078	γραμματεύς	γραμματευς	Scribe	Writing and the Book Trade	30120	γραμματευς	1
15092	γεωργός	γεωργος	Farmer	Agriculture, Animal Husbandry	61110	γεωργος	1
15253	ἰατρός	ιατρος	Doctor	Miscellaneous	6110	ιατρον	1
15262	γραμματεύς	γραμματευς	Scribe	Writing and the Book Trade	30120	γραμματευς	1
15265	γραμματεύς	γραμματευς	Scribe	Writing and the Book Trade	30120	γραμματεα	1
15265	ἰατρός	ιατρος	Doctor	Miscellaneous	6110	ιατρον	1
15266	γραμματεύς	γραμματευς	Scribe	Writing and the Book Trade	30120	γραμματεα	1
15323	ποιητής	ποιητης	Maker, poet	Literature and Scholarship	17150	ποιητην	1
15324	ναύτης	ναυτης	Sailor	Seafaring/Maritime	98110	ναυτης	1
15425	γραμματεύς	γραμματευς	Scribe	Writing and the Book Trade	30120	γραμματεα	1
15428	γραμματεύς	γραμματευς	Scribe	Writing and the Book Trade	30120	γραμματεα	1
15429	γραμματεύς	γραμματευς	Scribe	Writing and the Book Trade	30120	γραμματευς	1
15536	γραμματεύς	γραμματευς	Scribe	Writing and the Book Trade	30120	γραμματεως	1
15550	ἱππικός	ιππικος	Riding trainer	Education and Training	18190	ιππικον	1
15550	μουσικός	μουσικος	Musician	Drama and Entertainment	17320	μουσικον	1
15553	ἱεροποιός	ιεροποιος	Sacrificer	Miscellaneous	14990	ιεροποιον	1
15557	γραμματεύς	γραμματευς	Scribe	Writing and the Book Trade	30120	γραμματευς	1
15563	γραμματεύς	γραμματευς	Scribe	Writing and the Book Trade	30120	γραμματεα	1
15570	γραμματεύς	γραμματευς	Scribe	Writing and the Book Trade	30120	γραμματεα	1
15577	γραμματεύς	γραμματευς	Scribe	Writing and the Book Trade	30120	γραμματεα	1
15596	ἱερεύς 	ιερευς 	Priest, sacrificer	Miscellaneous	14990	ιερευς 	1
15620	γραμματεύς	γραμματευς	Scribe	Writing and the Book Trade	30120	γραμματεα	1
15622	ἱερεύς 	ιερευς 	Priest, sacrificer	Miscellaneous	14990	ιερευς 	1
15627	ἱεροποιός	ιεροποιος	Sacrificer	Miscellaneous	14990	ιεροποιους	1
15723	ἱεροποιός	ιεροποιος	Sacrificer	Miscellaneous	14990	ιεροποιους	1
15756	ναύτης	ναυτης	Sailor	Seafaring/Maritime	98110	ναυται	1
15756	ἱεροποιός	ιεροποιος	Sacrificer	Miscellaneous	14990	ιεροποιοι	1
15758	ἀρχιτέκτων	αρχιτεκτων	Architect	Construction	2120	αρχιτεκτων	1
15761	ἱεροποιός	ιεροποιος	Sacrificer	Miscellaneous	14990	ιεροποιοι	1
15762	ἱεροποιός	ιεροποιος	Sacrificer	Miscellaneous	14990	ιεροποιοι	1
15764	ἱεροποιός	ιεροποιος	Sacrificer	Miscellaneous	14990	ιεροποιοι	1
15777	κυβερνήτης	κυβερνητης	Helmsman	Seafaring/Maritime	98110	κυβερνητης	1
15834	κελευστής	κελευστης	Rowing master	Seafaring/Maritime	98110	κελευστας	1
15834	πρῳρεύς	πρωρευς	Quartermaster	Seafaring/Maritime	98110	πρωρευς	1
15834	ἰατρός	ιατρος	Doctor	Miscellaneous	6110	ιατρος	1
15838	γραφεύς	γραφευς	Scrivener/copyist	Writing and the Book Trade	30120	γραφεα	1
15839	γραμματεύς	γραμματευς	Scribe	Writing and the Book Trade	30120	γραμματεα	1
15925	ἱερεύς 	ιερευς 	Priest, sacrificer	Miscellaneous	14990	ιερευς 	1
15926	ἱερεύς 	ιερευς 	Priest, sacrificer	Miscellaneous	14990	ιερευς 	1
15927	ἱερεύς 	ιερευς 	Priest, sacrificer	Miscellaneous	14990	ιερευς 	1
15930	ἱερεύς 	ιερευς 	Priest, sacrificer	Miscellaneous	14990	ιερευς 	1
15970	ἱερεύς 	ιερευς 	Priest, sacrificer	Miscellaneous	14990	ιερευς 	1
16041	διδάσκαλος	διδασκαλος	Teacher	Education and Training	13130	διδασκαλος	1
16145	ἀρτοποιός	αρτοποιος	Baker	Food Preparation and Retail	53120	αρτοποιος	1
16170	ναύκληρος	ναυκληρος	Shipmaster	Seafaring/Maritime	98110	ναυκληρω	1
16173	ναύκληρος	ναυκληρος	Shipmaster	Seafaring/Maritime	98110	ναυκληρω	1
16174	ναύκληρος	ναυκληρος	Shipmaster	Seafaring/Maritime	98110	ναυκληρου	1
16175	ναύκληρος	ναυκληρος	Shipmaster	Seafaring/Maritime	98110	ναυκληρω	1
16230	ἀρχιτέκτων	αρχιτεκτων	Architect	Construction	2120	αρχιτεκτονος	1
16256	γραμματεύς	γραμματευς	Scribe	Writing and the Book Trade	30120	γραμματεα	1
16288	κυβερνήτης	κυβερνητης	Helmsman	Seafaring/Maritime	98110	κυβερνητης	1
16295	ἱερεύς 	ιερευς 	Priest, sacrificer	Miscellaneous	14990	ιερευς 	1
16303	γραμματεύς	γραμματευς	Scribe	Writing and the Book Trade	30120	γραμματεα	1
16307	γραμματεύς	γραμματευς	Scribe	Writing and the Book Trade	30120	γραμματει|γραμματεως	2
16309	γραμματεύς	γραμματευς	Scribe	Writing and the Book Trade	30120	γραμματεα	1
16330	ἱερεύς 	ιερευς 	Priest, sacrificer	Miscellaneous	14990	ιερευς 	1
16345	γραμματεύς	γραμματευς	Scribe	Writing and the Book Trade	30120	γραμματευς	1
16367	ἰατρός	ιατρος	Doctor	Miscellaneous	6110	ιατρου	1
16373	ἱερεύς 	ιερευς 	Priest, sacrificer	Miscellaneous	14990	ιερευς 	1
16378	γραμματεύς	γραμματευς	Scribe	Writing and the Book Trade	30120	γραμματευς	1
16475	γραμματεύς	γραμματευς	Scribe	Writing and the Book Trade	30120	γραμματευς	1
16476	γραμματεύς	γραμματευς	Scribe	Writing and the Book Trade	30120	γραμματευς|γραμματεως	2
16479	γραμματεύς	γραμματευς	Scribe	Writing and the Book Trade	30120	γραμματευς	1
16480	γραμματεύς	γραμματευς	Scribe	Writing and the Book Trade	30120	γραμματευς	1
16491	γραμματεύς	γραμματευς	Scribe	Writing and the Book Trade	30120	γραμματεα	1
16492	ἱερεύς 	ιερευς 	Priest, sacrificer	Miscellaneous	14990	ιερευς 	1
16511	φιλόσοφος	φιλοσοφος	Philosopher/sophist	Education and Training	19190	φιλοσοφον	1
17019	κιθαριστής	κιθαριστης	Kithara teacher/player	Education and Training	13920	κιθαριστας	1
17020	κιθαριστής	κιθαριστης	Kithara teacher/player	Education and Training	13920	κιθαριστας	1
17022	ποιητής	ποιητης	Maker, poet	Literature and Scholarship	17150	ποιητας	1
17109	κιθαριστής	κιθαριστης	Kithara teacher/player	Education and Training	13920	κιθαρισταις	1
17109	ἱεροποιός	ιεροποιος	Sacrificer	Miscellaneous	14990	ιεροποιους	1
17111	γεωργός	γεωργος	Farmer	Agriculture, Animal Husbandry	61110	γεωργοι	1
17111	γραφεύς	γραφευς	Scrivener/copyist	Writing and the Book Trade	30120	γραφει	1
17112	ἱερεύς 	ιερευς 	Priest, sacrificer	Miscellaneous	14990	ιερευς 	1
17114	γραμματεύς	γραμματευς	Scribe	Writing and the Book Trade	30120	γραμματει	1
17114	ἱεροποιός	ιεροποιος	Sacrificer	Miscellaneous	14990	ιεροποιοι|ιεροποιους	2
17127	διδάσκαλος	διδασκαλος	Teacher	Education and Training	13130	διδασκαλοις	1
17127	ποιητής	ποιητης	Maker, poet	Literature and Scholarship	17150	ποιητης	1
17127	ὑποκριτής	υποκριτης	Actor	Drama and Entertainment	17120	υποκριταις	1
17154	ὁπλομάχος	οπλομαχος	Weapons trainer	Education and Training	18190	οπλομαχον	1
17825	γραμματεύς	γραμματευς	Scribe	Writing and the Book Trade	30120	γραμματεα	1
17832	γραμματεύς	γραμματευς	Scribe	Writing and the Book Trade	30120	γραμματευς	1
17835	γραμματεύς	γραμματευς	Scribe	Writing and the Book Trade	30120	γραμματεα	1
17836	γραμματεύς	γραμματευς	Scribe	Writing and the Book Trade	30120	γραμματεα	1
17842	γραμματεύς	γραμματευς	Scribe	Writing and the Book Trade	30120	γραμματεως	1
17878	πένταθλος	πενταθλος	Pentathlete	Sports and Competition	18990	πενταθλον	1
18162	ναύκληρος	ναυκληρος	Shipmaster	Seafaring/Maritime	98110	ναυκληρων	1
18183	ἱερεύς 	ιερευς 	Priest, sacrificer	Miscellaneous	14990	ιερευς 	1
18226	ἱερεύς 	ιερευς 	Priest, sacrificer	Miscellaneous	14990	ιερευς 	1
18227	ἱερεύς 	ιερευς 	Priest, sacrificer	Miscellaneous	14990	ιερευς 	1
18315	ἱερεύς 	ιερευς 	Priest, sacrificer	Miscellaneous	14990	ιερευς 	1
18371	ἱππικός	ιππικος	Riding trainer	Education and Training	18190	ιππικον	1
18373	ἱππικός	ιππικος	Riding trainer	Education and Training	18190	ιππικου	1
18396	κιθαριστής	κιθαριστης	Kithara teacher/player	Education and Training	13920	κιθαριστας	1
18396	πένταθλος	πενταθλος	Pentathlete	Sports and Competition	18990	πενταθλον	1
18396	γραμματεύς	γραμματευς	Scribe	Writing and the Book Trade	30120	γραμματεα	1
18419	ἱερεύς 	ιερευς 	Priest, sacrificer	Miscellaneous	14990	ιερευς 	1
18441	ἱερεύς 	ιερευς 	Priest, sacrificer	Miscellaneous	14990	ιερευς 	1
18443	ἱερεύς 	ιερευς 	Priest, sacrificer	Miscellaneous	14990	ιερευς 	1
18461	ἱερεύς 	ιερευς 	Priest, sacrificer	Miscellaneous	14990	ιερευς 	1
18475	ἱερεύς 	ιερευς 	Priest, sacrificer	Miscellaneous	14990	ιερευς 	1
18491	ἀρχιτέκτων	αρχιτεκτων	Architect	Construction	2120	αρχιτεκτονος	1
18503	φιλόσοφος	φιλοσοφος	Philosopher/sophist	Education and Training	19190	φιλοσοφος|φιλοσοφου	2
18617	ἱερεύς 	ιερευς 	Priest, sacrificer	Miscellaneous	14990	ιερευς 	1
18636	ἱερεύς 	ιερευς 	Priest, sacrificer	Miscellaneous	14990	ιερευς 	1
18641	ὑπηρετής	υπηρετης	Architect’s assistant	Construction	95990	υπηρετων	1
18756	διδάσκαλος	διδασκαλος	Teacher	Education and Training	13130	διδασκαλου	1
18873	ῥήτωρ	ρητωρ	Orator	Literature and Scholarship	17150	ρητωρ	1
19151	λεπτουργός	λεπτουργος	Joiner, wood worker	Construction	95110	λεπτουργου	1
19389	ῥήτωρ	ρητωρ	Orator	Literature and Scholarship	17150	ρητωρ	1
19453	μουσικός	μουσικος	Musician	Drama and Entertainment	17320	μουσικω	1
19577	ἀρχιτέκτων	αρχιτεκτων	Architect	Construction	2120	αρχιτεκτων	1
19580	ποιητής	ποιητης	Maker, poet	Literature and Scholarship	17150	ποιηται	1
19580	γραμματεύς	γραμματευς	Scribe	Writing and the Book Trade	30120	γραμματευς	1
19580	ἱερεύς 	ιερευς 	Priest, sacrificer	Miscellaneous	14990	ιερευς 	1
19583	ἱεροποιός	ιεροποιος	Sacrificer	Miscellaneous	14990	ιεροποιου	1
19584	ὑπηρετής	υπηρετης	Architect’s assistant	Construction	95990	υπηρεται	1
19584	γραμματεύς	γραμματευς	Scribe	Writing and the Book Trade	30120	γραμματευς	1
19608	γραμματεύς	γραμματευς	Scribe	Writing and the Book Trade	30120	γραμματευς	1
19620	γραμματεύς	γραμματευς	Scribe	Writing and the Book Trade	30120	γραμματευς	1
19627	γραμματεύς	γραμματευς	Scribe	Writing and the Book Trade	30120	γραμματευς	1
19652	πένταθλος	πενταθλος	Pentathlete	Sports and Competition	18990	πενταθλον	1
19656	πένταθλος	πενταθλος	Pentathlete	Sports and Competition	18990	πενταθλον	1
19706	μουσικός	μουσικος	Musician	Drama and Entertainment	17320	μουσικον	1
19736	γραμματεύς	γραμματευς	Scribe	Writing and the Book Trade	30120	γραμματευς	1
19940	γραμματικός	γραμματικος	Grammarian	Literature and Scholarship	13920	γραμματικου	1
20169	δειπνοποιός	δειπνοποιος	Caterer	Food Preparation and Retail	51190	δειπνοποιου	1
20287	γραμματεύς	γραμματευς	Scribe	Writing and the Book Trade	30120	γραμματευς|γραμματεως	2
20287	ἱεροποιός	ιεροποιος	Sacrificer	Miscellaneous	14990	ιεροποιου	1
20297	γραμματεύς	γραμματευς	Scribe	Writing and the Book Trade	30120	γραμματευς	1
20297	ἱεροποιός	ιεροποιος	Sacrificer	Miscellaneous	14990	ιεροποιοι	1
20298	ἱερεύς 	ιερευς 	Priest, sacrificer	Miscellaneous	14990	ιερευς 	1
20303	ἱερεύς 	ιερευς 	Priest, sacrificer	Miscellaneous	14990	ιερευς 	1
20309	ἱερεύς 	ιερευς 	Priest, sacrificer	Miscellaneous	14990	ιερευς 	1
20328	ἱερεύς 	ιερευς 	Priest, sacrificer	Miscellaneous	14990	ιερευς 	1
20330	ἱερεύς 	ιερευς 	Priest, sacrificer	Miscellaneous	14990	ιερευς 	1
20344	ἱερεύς 	ιερευς 	Priest, sacrificer	Miscellaneous	14990	ιερευς 	1
20348	ἱερεύς 	ιερευς 	Priest, sacrificer	Miscellaneous	14990	ιερευς 	1
20354	ἱερεύς 	ιερευς 	Priest, sacrificer	Miscellaneous	14990	ιερευς 	1
20358	γραμματεύς	γραμματευς	Scribe	Writing and the Book Trade	30120	γραμματευς	1
20363	ἱερεύς 	ιερευς 	Priest, sacrificer	Miscellaneous	14990	ιερευς 	1
20370	ἱεροποιός	ιεροποιος	Sacrificer	Miscellaneous	14990	ιεροποιων	1
20381	χαλκεύς	χαλκευς	Smith	Metalwork	72110	χαλκεα	1
21023	γραμματεύς	γραμματευς	Scribe	Writing and the Book Trade	30120	γραμματευς	1
21024	γραμματεύς	γραμματευς	Scribe	Writing and the Book Trade	30120	γραμματευς	1
21026	ὑπηρετής	υπηρετης	Architect’s assistant	Construction	95990	υπηρετας	1
21026	γραμματεύς	γραμματευς	Scribe	Writing and the Book Trade	30120	γραμματευς	1
21027	ὑπηρετής	υπηρετης	Architect’s assistant	Construction	95990	υπηρετας	1
21027	γραμματεύς	γραμματευς	Scribe	Writing and the Book Trade	30120	γραμματευς	1
21097	φιλόσοφος	φιλοσοφος	Philosopher/sophist	Education and Training	19190	φιλοσοφον	1
21133	γραμματεύς	γραμματευς	Scribe	Writing and the Book Trade	30120	γραμματευς	1
21136	ποιητής	ποιητης	Maker, poet	Literature and Scholarship	17150	ποιητας	1
21207	χρυσόχοος	χρυσοχοος	Goldsmith	Metalwork	72110	χρυσοχοε	1
21228	ναύκληρος	ναυκληρος	Shipmaster	Seafaring/Maritime	98110	ναυκληροι	1
21231	μουσικός	μουσικος	Musician	Drama and Entertainment	17320	μουσικω	1
21232	ναύκληρος	ναυκληρος	Shipmaster	Seafaring/Maritime	98110	ναυκληρος	1
21248	ἔμπορος	εμπορος	Maritime trader	Seafaring/Maritime	41110	εμπορος	1
21250	γραμματεύς	γραμματευς	Scribe	Writing and the Book Trade	30120	γραμματευς	1
21285	ἀρχιτέκτων	αρχιτεκτων	Architect	Construction	2120	αρχιτεκτονος	1
21439	ἰατρός	ιατρος	Doctor	Miscellaneous	6110	ιατρος	1
21480	γραμματεύς	γραμματευς	Scribe	Writing and the Book Trade	30120	γραμματευς	1
21487	κεραμεύς	κεραμευς	Potter	Ceramics	89120	κεραμευς	1
21511	φιλόσοφος	φιλοσοφος	Philosopher/sophist	Education and Training	19190	φιλοσοφος	1
21563	ἔμπορος	εμπορος	Maritime trader	Seafaring/Maritime	41110	εμπορων	1
21563	ναύκληρος	ναυκληρος	Shipmaster	Seafaring/Maritime	98110	ναυκληρων	1
21574	ναύκληρος	ναυκληρος	Shipmaster	Seafaring/Maritime	98110	ναυκληρον	1
21589	ναύκληρος	ναυκληρος	Shipmaster	Seafaring/Maritime	98110	ναυκληρος	1
21615	ναύκληρος	ναυκληρος	Shipmaster	Seafaring/Maritime	98110	ναυκληρος	1
21616	κυβερνήτης	κυβερνητης	Helmsman	Seafaring/Maritime	98110	κυβερνητης	1
21627	ἰατρός	ιατρος	Doctor	Miscellaneous	6110	ιατρος	1
21662	σοφιστής	σοφιστης	Philosopher/sophist	Education and Training	19190	σοφιστης	1
21770	ἱερεύς 	ιερευς 	Priest, sacrificer	Miscellaneous	14990	ιερευς 	1
21781	φιλόσοφος	φιλοσοφος	Philosopher/sophist	Education and Training	19190	φιλοσοφος	1
21969	ναύκληρος	ναυκληρος	Shipmaster	Seafaring/Maritime	98110	ναυκληρος	1
21978	ἰατρός	ιατρος	Doctor	Miscellaneous	6110	ιατρου	1
21993	ἰατρός	ιατρος	Doctor	Miscellaneous	6110	ιατρον	1
22057	μουσικός	μουσικος	Musician	Drama and Entertainment	17320	μουσικον	1
22065	ναύκληρος	ναυκληρος	Shipmaster	Seafaring/Maritime	98110	ναυκληρω	1
22842	ἱερεύς 	ιερευς 	Priest, sacrificer	Miscellaneous	14990	ιερευς 	1
23158	ἰατρός	ιατρος	Doctor	Miscellaneous	6110	ιατρου	1
23515	ἀρχιτέκτων	αρχιτεκτων	Architect	Construction	2120	αρχιτεκτονος	1
23557	γραμματικός	γραμματικος	Grammarian	Literature and Scholarship	13920	γραμματικος	1
23637	ῥήτωρ	ρητωρ	Orator	Literature and Scholarship	17150	ρητωρ	1
23665	ἰατρός	ιατρος	Doctor	Miscellaneous	6110	ιατρος	1
23744	γραμματεύς	γραμματευς	Scribe	Writing and the Book Trade	30120	γραμματεα|γραμματευς	2
23745	γραμματεύς	γραμματευς	Scribe	Writing and the Book Trade	30120	γραμματεα	1
23746	γραμματεύς	γραμματευς	Scribe	Writing and the Book Trade	30120	γραμματεα|γραμματευς	2
23747	γραμματεύς	γραμματευς	Scribe	Writing and the Book Trade	30120	γραμματεα|γραμματευς	2
23748	γραμματεύς	γραμματευς	Scribe	Writing and the Book Trade	30120	γραμματεα|γραμματευς	2
23749	γραμματεύς	γραμματευς	Scribe	Writing and the Book Trade	30120	γραμματεα|γραμματευς	2
23750	γραμματεύς	γραμματευς	Scribe	Writing and the Book Trade	30120	γραμματεα|γραμματευς	2
23751	γραμματεύς	γραμματευς	Scribe	Writing and the Book Trade	30120	γραμματευς	1
23752	γραμματεύς	γραμματευς	Scribe	Writing and the Book Trade	30120	γραμματευς	1
23753	γραμματεύς	γραμματευς	Scribe	Writing and the Book Trade	30120	γραμματεα	1
23754	γραμματεύς	γραμματευς	Scribe	Writing and the Book Trade	30120	γραμματευς	1
23755	γραμματεύς	γραμματευς	Scribe	Writing and the Book Trade	30120	γραμματευς	1
23756	γραμματεύς	γραμματευς	Scribe	Writing and the Book Trade	30120	γραμματευς	1
23757	γραμματεύς	γραμματευς	Scribe	Writing and the Book Trade	30120	γραμματευς	1
23762	γραμματεύς	γραμματευς	Scribe	Writing and the Book Trade	30120	γραμματεα	1
23764	γραμματεύς	γραμματευς	Scribe	Writing and the Book Trade	30120	γραμματεα	1
23765	ἀκέστρια	ακεστρια	Seamstress	Textiles	79120	ακεστρα	1
23765	ἀρχιτέκτων	αρχιτεκτων	Architect	Construction	2120	αρχιτεκτονι	1
23765	γεωμέτρης	γεωμετρης	Surveyor	Construction	6145	γεωμετρη	1
23765	γραμματικός	γραμματικος	Grammarian	Literature and Scholarship	13920	γραμματικω	1
23765	διδάσκαλος	διδασκαλος	Teacher	Education and Training	13130	διδασκαλω	1
23765	ἱππικός	ιππικος	Riding trainer	Education and Training	18190	ιππικον|ιππικων	2
23765	σοφιστής	σοφιστης	Philosopher/sophist	Education and Training	19190	σοφιστη	1
23765	καψάριος	καψαριος	Maker of small bags	Leatherwork and Footwear	80110	καψαριω	1
23784	γραμματεύς	γραμματευς	Scribe	Writing and the Book Trade	30120	γραμματευς	1
23851	γραμματεύς	γραμματευς	Scribe	Writing and the Book Trade	30120	γραμματεως	1
23934	διδάσκαλος	διδασκαλος	Teacher	Education and Training	13130	διδασκαλους	1
23967	γραμματεύς	γραμματευς	Scribe	Writing and the Book Trade	30120	γραμματεως	1
24272	κιθαριστής	κιθαριστης	Kithara teacher/player	Education and Training	13920	κιθαριστης	1
24272	ποιητής	ποιητης	Maker, poet	Literature and Scholarship	17150	ποιητης	1
24272	ὑποκριτής	υποκριτης	Actor	Drama and Entertainment	17120	υποκριτης	1
24274	κιθαριστής	κιθαριστης	Kithara teacher/player	Education and Training	13920	κιθαριστας	1
24274	ποιητής	ποιητης	Maker, poet	Literature and Scholarship	17150	ποιητας	1
24275	ποιητής	ποιητης	Maker, poet	Literature and Scholarship	17150	ποιητας	1
24305	σοφιστής	σοφιστης	Philosopher/sophist	Education and Training	19190	σοφιστην	1
25379	οἰκοδομος	οικοδομος	Builder	Construction	95110	οικοδομου	1
25393	οἰκοδομος	οικοδομος	Builder	Construction	95110	οικοδομον	1
25468	ποιητής	ποιητης	Maker, poet	Literature and Scholarship	17150	ποιηταις	1
25478	γραμματιστής	γραμματιστης	Elementary school teacher	Education and Training	13130	γραμματιστας	1
25479	γραμματιστής	γραμματιστης	Elementary school teacher	Education and Training	13130	γραμματιστας	1
25493	κιθαριστής	κιθαριστης	Kithara teacher/player	Education and Training	13920	κιθαριστης	1
25493	ποιητής	ποιητης	Maker, poet	Literature and Scholarship	17150	ποιητης	1
25493	ὑποκριτής	υποκριτης	Actor	Drama and Entertainment	17120	υποκριτης	1
25494	ποιητής	ποιητης	Maker, poet	Literature and Scholarship	17150	ποιητης	1
25494	ὑποκριτής	υποκριτης	Actor	Drama and Entertainment	17120	υποκριτης	1
25495	κιθαριστής	κιθαριστης	Kithara teacher/player	Education and Training	13920	κιθαριστης	1
25495	ποιητής	ποιητης	Maker, poet	Literature and Scholarship	17150	ποιητης	1
25496	κιθαριστής	κιθαριστης	Kithara teacher/player	Education and Training	13920	κιθαριστης	1
25498	πένταθλος	πενταθλος	Pentathlete	Sports and Competition	18990	πενταθλον	1
25503	πένταθλος	πενταθλος	Pentathlete	Sports and Competition	18990	πενταθλον	1
25504	ὑποκριτής	υποκριτης	Actor	Drama and Entertainment	17120	υποκριτης	1
25505	ποιητής	ποιητης	Maker, poet	Literature and Scholarship	17150	ποιητης	1
25506	κιθαριστής	κιθαριστης	Kithara teacher/player	Education and Training	13920	κιθαριστας	1
25506	ποιητής	ποιητης	Maker, poet	Literature and Scholarship	17150	ποιητης	1
25506	ὑποκριτής	υποκριτης	Actor	Drama and Entertainment	17120	υποκριτης	1
25510	κιθαριστής	κιθαριστης	Kithara teacher/player	Education and Training	13920	κιθαριστης	1
25913	διδάσκαλος	διδασκαλος	Teacher	Education and Training	13130	διδασκαλου	1
26161	βαρβαρικάριος	βαρβαρικαριος	Gilder	Textiles	72110	βαρβαρικαριω	1
26194	ποιητής	ποιητης	Maker, poet	Literature and Scholarship	17150	ποιητης	1
26294	ἡνίοχος	ηνιοχος	charioteer	Transport	98510	ηνιοχος	1
26295	ῥήτωρ	ρητωρ	Orator	Literature and Scholarship	17150	ρητωρ	1
26472	γραμματεύς	γραμματευς	Scribe	Writing and the Book Trade	30120	γραμματει|γραμματευς|γραμματεως	3
26473	σκηνίτης	σκηνιτης	Stallholder	Miscellaneous Retail	45190	σκηνιτας	1
26493	κιθαριστής	κιθαριστης	Kithara teacher/player	Education and Training	13920	κιθαριστης	1
26493	ποιητής	ποιητης	Maker, poet	Literature and Scholarship	17150	ποιητης	1
26616	φιλόσοφος	φιλοσοφος	Philosopher/sophist	Education and Training	19190	φιλοσοφος	1
26617	ἱερεύς 	ιερευς 	Priest, sacrificer	Miscellaneous	14990	ιερευς 	1
26639	ἱερεύς 	ιερευς 	Priest, sacrificer	Miscellaneous	14990	ιερευς 	1
26826	γραφεύς	γραφευς	Scrivener/copyist	Writing and the Book Trade	30120	γραφει	1
26829	ἱππικός	ιππικος	Riding trainer	Education and Training	18190	ιππικων	1
26831	ἀρτοκόπος	αρτοκοπος	Baker	Food Preparation and Retail	53120	αρτοκοπω	1
26831	κεραμεύς	κεραμευς	Potter	Ceramics	89120	κεραμει	1
26831	λιθουργός	λιθουργος	Stonemason	Stonework	82120	λιθουργω	1
26831	ναυπηγός	ναυπηγος	Shipwright	Woodwork	73210	ναυπηγω	1
26831	τέκτων	τεκτων	Carpenter/joiner	Woodwork	95110	τεκτονι	1
26831	ψηφοθέτης	ψηφοθετης	Mosaicer, maker of mosaic	Stonework	16190	ψηφοθετη	1
26831	μουσιάριος	μουσιαριος	Mosaic worker	Stonework	16190	μουσιαριω	1
26841	ἀρχιτέκτων	αρχιτεκτων	Architect	Construction	2120	αρχιτεκτονι|αρχιτεκτονος	2
26843	ἀρχιτέκτων	αρχιτεκτων	Architect	Construction	2120	αρχιτεκτων	1
26845	ἱερεύς 	ιερευς 	Priest, sacrificer	Miscellaneous	14990	ιερευς 	1
26941	γραμματεύς	γραμματευς	Scribe	Writing and the Book Trade	30120	γραμματευς	1
26965	κιθαριστής	κιθαριστης	Kithara teacher/player	Education and Training	13920	κιθαριστας	1
26966	κιθαριστής	κιθαριστης	Kithara teacher/player	Education and Training	13920	κιθαριστης	1
26967	κιθαριστής	κιθαριστης	Kithara teacher/player	Education and Training	13920	κιθαριστης	1
26967	ποιητής	ποιητης	Maker, poet	Literature and Scholarship	17150	ποιητης	1
26967	ὑποκριτής	υποκριτης	Actor	Drama and Entertainment	17120	υποκριτης	1
27196	φιλόσοφος	φιλοσοφος	Philosopher/sophist	Education and Training	19190	φιλοσοφον	1
27198	φιλόσοφος	φιλοσοφος	Philosopher/sophist	Education and Training	19190	φιλοσοφον	1
27240	γραμματεύς	γραμματευς	Scribe	Writing and the Book Trade	30120	γραμματευς	1
27898	γραμματεύς	γραμματευς	Scribe	Writing and the Book Trade	30120	γραμματει	1
27899	γραμματεύς	γραμματευς	Scribe	Writing and the Book Trade	30120	γραμματει	1
27902	ἱερεύς 	ιερευς 	Priest, sacrificer	Miscellaneous	14990	ιερευς 	1
27915	κιθαριστής	κιθαριστης	Kithara teacher/player	Education and Training	13920	κιθαριστης	1
27915	ποιητής	ποιητης	Maker, poet	Literature and Scholarship	17150	ποιητης	1
27932	ποιητής	ποιητης	Maker, poet	Literature and Scholarship	17150	ποιητης	1
28119	ποιητής	ποιητης	Maker, poet	Literature and Scholarship	17150	ποιητης	1
28173	ἱερεύς 	ιερευς 	Priest, sacrificer	Miscellaneous	14990	ιερευς 	1
28201	ναύκληρος	ναυκληρος	Shipmaster	Seafaring/Maritime	98110	ναυκληρος	1
28283	γραμματεύς	γραμματευς	Scribe	Writing and the Book Trade	30120	γραμματευς	1
28336	γραμματεύς	γραμματευς	Scribe	Writing and the Book Trade	30120	γραμματευς	1
28567	γραμματεύς	γραμματευς	Scribe	Writing and the Book Trade	30120	γραμματει	1
28570	γραμματεύς	γραμματευς	Scribe	Writing and the Book Trade	30120	γραμματεα|γραμματει	2
28571	γραμματεύς	γραμματευς	Scribe	Writing and the Book Trade	30120	γραμματεα|γραμματει	2
28588	κιθαριστής	κιθαριστης	Kithara teacher/player	Education and Training	13920	κιθαριστας	1
28588	πένταθλος	πενταθλος	Pentathlete	Sports and Competition	18990	πενταθλον	1
28592	κιθαριστής	κιθαριστης	Kithara teacher/player	Education and Training	13920	κιθαριστας	1
28592	πένταθλος	πενταθλος	Pentathlete	Sports and Competition	18990	πενταθλον	1
28598	κιθαριστής	κιθαριστης	Kithara teacher/player	Education and Training	13920	κιθαριστων	1
28598	πένταθλος	πενταθλος	Pentathlete	Sports and Competition	18990	πενταθλον	1
28721	ἱπποδρόμος	ιπποδρομος	Charioteer	Sports and Competition	18990	ιπποδρομοις	1
28851	βαφεύς	βαφευς	Dyer	Textiles	75120	βαφευ	1
28852	ἰατρός	ιατρος	Doctor	Miscellaneous	6110	ιατρου	1
28957	γραμματιστής	γραμματιστης	Elementary school teacher	Education and Training	13130	γραμματιστην	1
29203	γραμματεύς	γραμματευς	Scribe	Writing and the Book Trade	30120	γραμματεα	1
29205	γραμματεύς	γραμματευς	Scribe	Writing and the Book Trade	30120	γραμματεα|γραμματευς	2
29205	ἱερεύς 	ιερευς 	Priest, sacrificer	Miscellaneous	14990	ιερευς 	1
29206	γραμματεύς	γραμματευς	Scribe	Writing and the Book Trade	30120	γραμματευς	1
29208	ἱερεύς 	ιερευς 	Priest, sacrificer	Miscellaneous	14990	ιερευς 	1
29211	ἱερεύς 	ιερευς 	Priest, sacrificer	Miscellaneous	14990	ιερευς 	1
29212	ἱερεύς 	ιερευς 	Priest, sacrificer	Miscellaneous	14990	ιερευς 	1
29213	γραμματεύς	γραμματευς	Scribe	Writing and the Book Trade	30120	γραμματεα|γραμματευς	2
29213	ἱερεύς 	ιερευς 	Priest, sacrificer	Miscellaneous	14990	ιερευς 	1
29238	ἱερεύς 	ιερευς 	Priest, sacrificer	Miscellaneous	14990	ιερευς 	1
29293	ναύκληρος	ναυκληρος	Shipmaster	Seafaring/Maritime	98110	ναυκληρος	1
29377	ἰατρός	ιατρος	Doctor	Miscellaneous	6110	ιατρον	1
29454	ἱερεύς 	ιερευς 	Priest, sacrificer	Miscellaneous	14990	ιερευς 	1
29511	γραμματεύς	γραμματευς	Scribe	Writing and the Book Trade	30120	γραμματεα	1
29515	παιδοτρίβης	παιδοτριβης	Physical trainer	Education and Training	18190	παιδοτριβαι|παιδοτριβας|παιδοτριβων	3
29515	ἱεροποιός	ιεροποιος	Sacrificer	Miscellaneous	14990	ιεροποιοι	1
29516	ἱερεύς 	ιερευς 	Priest, sacrificer	Miscellaneous	14990	ιερευς 	1
29522	κηπουρός	κηπουρος	Market Gardener	Agriculture, Animal Husbandry	62210	κηπουρω	1
29534	ἱερεύς 	ιερευς 	Priest, sacrificer	Miscellaneous	14990	ιερευς 	1
29539	γραμματεύς	γραμματευς	Scribe	Writing and the Book Trade	30120	γραμματευς	1
29542	βαφεύς	βαφευς	Dyer	Textiles	75120	βαφευς	1
29542	γναφεύς	γναφευς	Fuller	Textiles	75140	γναφευς	1
29542	κηπουρός	κηπουρος	Market Gardener	Agriculture, Animal Husbandry	62210	κηπουρος	1
29542	χαλκεύς	χαλκευς	Smith	Metalwork	72110	χαλκευς	1
29630	γραμματεύς	γραμματευς	Scribe	Writing and the Book Trade	30120	γραμματεως	1
29642	ἱερεύς 	ιερευς 	Priest, sacrificer	Miscellaneous	14990	ιερευς 	1
29842	ἰατρός	ιατρος	Doctor	Miscellaneous	6110	ιατρος	1
29876	ἰατρός	ιατρος	Doctor	Miscellaneous	6110	ιατρος	1
29914	ἀρτοκόπος	αρτοκοπος	Baker	Food Preparation and Retail	53120	αρτοκοπος	1
29966	διδάσκαλος	διδασκαλος	Teacher	Education and Training	13130	διδασκαλος	1
30119	ζυγοποιός	ζυγοποιος	Yoke maker	Woodwork	73990	ζυγοποιον	1
30273	ἱερεύς 	ιερευς 	Priest, sacrificer	Miscellaneous	14990	ιερευς 	1
30274	ἱερεύς 	ιερευς 	Priest, sacrificer	Miscellaneous	14990	ιερευς 	1
30280	χαλκεύς	χαλκευς	Smith	Metalwork	72110	χαλκευς	1
30326	ἱερεύς 	ιερευς 	Priest, sacrificer	Miscellaneous	14990	ιερευς 	1
30712	ἰατρός	ιατρος	Doctor	Miscellaneous	6110	ιατρος	1
30893	ἱππικός	ιππικος	Riding trainer	Education and Training	18190	ιππικον	1
30966	κεραμεύς	κεραμευς	Potter	Ceramics	89120	κεραμεως	1
31034	οἰκοδομος	οικοδομος	Builder	Construction	95110	οικοδομου	1
31071	διδάσκαλος	διδασκαλος	Teacher	Education and Training	13130	διδασκαλος	1
31123	ἰατρός	ιατρος	Doctor	Miscellaneous	6110	ιατρου	1
31136	διδάσκαλος	διδασκαλος	Teacher	Education and Training	13130	διδασκαλου	1
31171	λεπτουργός	λεπτουργος	Joiner, wood worker	Construction	95110	λεπτουργου	1
31244	διδάσκαλος	διδασκαλος	Teacher	Education and Training	13130	διδασκαλος	1
31250	ἰατρός	ιατρος	Doctor	Miscellaneous	6110	ιατρου	1
31261	οἰκοδομος	οικοδομος	Builder	Construction	95110	οικοδομου	1
31321	ἱερεύς 	ιερευς 	Priest, sacrificer	Miscellaneous	14990	ιερευς 	1
31325	ἱερεύς 	ιερευς 	Priest, sacrificer	Miscellaneous	14990	ιερευς 	1
31326	ἱερεύς 	ιερευς 	Priest, sacrificer	Miscellaneous	14990	ιερευς 	1
31330	ἱερεύς 	ιερευς 	Priest, sacrificer	Miscellaneous	14990	ιερευς 	1
31334	ἱερεύς 	ιερευς 	Priest, sacrificer	Miscellaneous	14990	ιερευς 	1
31335	ἱερεύς 	ιερευς 	Priest, sacrificer	Miscellaneous	14990	ιερευς 	1
31350	ἱερεύς 	ιερευς 	Priest, sacrificer	Miscellaneous	14990	ιερευς 	1
31352	ἱερεύς 	ιερευς 	Priest, sacrificer	Miscellaneous	14990	ιερευς 	1
31356	ἱερεύς 	ιερευς 	Priest, sacrificer	Miscellaneous	14990	ιερευς 	1
31436	ἱππικός	ιππικος	Riding trainer	Education and Training	18190	ιππικου	1
31486	ἱερεύς 	ιερευς 	Priest, sacrificer	Miscellaneous	14990	ιερευς 	1
31736	ὑπηρετής	υπηρετης	Architect’s assistant	Construction	95990	υπηρετη	1
31748	ὑπηρετής	υπηρετης	Architect’s assistant	Construction	95990	υπηρετη	1
31757	ὑπηρετής	υπηρετης	Architect’s assistant	Construction	95990	υπηρετων	1
31781	ὑπηρετής	υπηρετης	Architect’s assistant	Construction	95990	υπηρετη	1
31834	ὑπηρετής	υπηρετης	Architect’s assistant	Construction	95990	υπηρετων	1
31950	ὑπηρετής	υπηρετης	Architect’s assistant	Construction	95990	υπηρετας	1
31950	γραμματεύς	γραμματευς	Scribe	Writing and the Book Trade	30120	γραμματεις	1
31955	ἱερεύς 	ιερευς 	Priest, sacrificer	Miscellaneous	14990	ιερευς 	1
31992	γραμματεύς	γραμματευς	Scribe	Writing and the Book Trade	30120	γραμματευς	1
32010	ἱερεύς 	ιερευς 	Priest, sacrificer	Miscellaneous	14990	ιερευς 	1
32033	ῥήτωρ	ρητωρ	Orator	Literature and Scholarship	17150	ρητωρ	1
32041	ἱερεύς 	ιερευς 	Priest, sacrificer	Miscellaneous	14990	ιερευς 	1
32042	ἱερεύς 	ιερευς 	Priest, sacrificer	Miscellaneous	14990	ιερευς 	1
32043	ἱερεύς 	ιερευς 	Priest, sacrificer	Miscellaneous	14990	ιερευς 	1
32121	ἱερεύς 	ιερευς 	Priest, sacrificer	Miscellaneous	14990	ιερευς 	1
32237	ἱερεύς 	ιερευς 	Priest, sacrificer	Miscellaneous	14990	ιερευς 	1
32239	ἱερεύς 	ιερευς 	Priest, sacrificer	Miscellaneous	14990	ιερευς 	1
32284	κεραμεύς	κεραμευς	Potter	Ceramics	89120	κεραμεως	1
32300	ἱερεύς 	ιερευς 	Priest, sacrificer	Miscellaneous	14990	ιερευς 	1
32304	ἱερεύς 	ιερευς 	Priest, sacrificer	Miscellaneous	14990	ιερευς 	1
32335	κυβερνήτης	κυβερνητης	Helmsman	Seafaring/Maritime	98110	κυβερνητης	1
32401	ἱερεύς 	ιερευς 	Priest, sacrificer	Miscellaneous	14990	ιερευς 	1
32414	ἰατρός	ιατρος	Doctor	Miscellaneous	6110	ιατρος	1
32449	ἱερεύς 	ιερευς 	Priest, sacrificer	Miscellaneous	14990	ιερευς 	1
32450	ἱερεύς 	ιερευς 	Priest, sacrificer	Miscellaneous	14990	ιερευς 	1
32451	ἱερεύς 	ιερευς 	Priest, sacrificer	Miscellaneous	14990	ιερευς 	1
32462	γραμματεύς	γραμματευς	Scribe	Writing and the Book Trade	30120	γραμματευς	1
32478	ἱερεύς 	ιερευς 	Priest, sacrificer	Miscellaneous	14990	ιερευς 	1
32495	ἱερεύς 	ιερευς 	Priest, sacrificer	Miscellaneous	14990	ιερευς 	1
32496	ἱερεύς 	ιερευς 	Priest, sacrificer	Miscellaneous	14990	ιερευς 	1
32497	ἱερεύς 	ιερευς 	Priest, sacrificer	Miscellaneous	14990	ιερευς 	1
32498	ἱερεύς 	ιερευς 	Priest, sacrificer	Miscellaneous	14990	ιερευς 	1
32532	ἱερεύς 	ιερευς 	Priest, sacrificer	Miscellaneous	14990	ιερευς 	1
32567	ὑπηρετής	υπηρετης	Architect’s assistant	Construction	95990	υπηρεται	1
32601	χαλκεύς	χαλκευς	Smith	Metalwork	72110	χαλκευς	1
33185	ἐργαστηριάρχης	εργαστηριαρχης	Metal-worker	Metalwork	72110	εργαστηριαρχων	1
33208	οἰκοδομος	οικοδομος	Builder	Construction	95110	οικοδομος	1
33218	γναφεύς	γναφευς	Fuller	Textiles	75140	γναφεως	1
33226	ἰατρός	ιατρος	Doctor	Miscellaneous	6110	ιατρου	1
33368	ναύκληρος	ναυκληρος	Shipmaster	Seafaring/Maritime	98110	ναυκληρος	1
33589	ἱερεύς 	ιερευς 	Priest, sacrificer	Miscellaneous	14990	ιερευς 	1
33593	γεωμέτρης	γεωμετρης	Surveyor	Construction	6145	γεωμετρην	1
33645	ἀρχιτέκτων	αρχιτεκτων	Architect	Construction	2120	αρχιτεκτονι	1
34104	ἱππικός	ιππικος	Riding trainer	Education and Training	18190	ιππικον	1
34104	γραμματεύς	γραμματευς	Scribe	Writing and the Book Trade	30120	γραμματεα	1
34124	ἱερεύς 	ιερευς 	Priest, sacrificer	Miscellaneous	14990	ιερευς 	1
34206	λιθουργός	λιθουργος	Stonemason	Stonework	82120	λιθουργων	1
34251	οἰκοδομος	οικοδομος	Builder	Construction	95110	οικοδομος	1
34293	ψηφοθέτης	ψηφοθετης	Mosaicer, maker of mosaic	Stonework	16190	ψηφοθετας	1
34305	γναφεύς	γναφευς	Fuller	Textiles	75140	γναφεως	1
34382	λιθουργός	λιθουργος	Stonemason	Stonework	82120	λιθουργος	1
34463	ναύκληρος	ναυκληρος	Shipmaster	Seafaring/Maritime	98110	ναυκληρος	1
34465	ἰατρός	ιατρος	Doctor	Miscellaneous	6110	ιατρου	1
34622	ποιητής	ποιητης	Maker, poet	Literature and Scholarship	17150	ποιητα	1
34647	ἱερεύς 	ιερευς 	Priest, sacrificer	Miscellaneous	14990	ιερευς 	1
34652	ἱερεύς 	ιερευς 	Priest, sacrificer	Miscellaneous	14990	ιερευς 	1
34663	ἱερεύς 	ιερευς 	Priest, sacrificer	Miscellaneous	14990	ιερευς 	1
34671	ἰατρός	ιατρος	Doctor	Miscellaneous	6110	ιατροις	1
34672	ἰατρός	ιατρος	Doctor	Miscellaneous	6110	ιατροις	1
34681	γραμματεύς	γραμματευς	Scribe	Writing and the Book Trade	30120	γραμματευς	1
34710	ἱεροποιός	ιεροποιος	Sacrificer	Miscellaneous	14990	ιεροποιον	1
34711	ἱεροποιός	ιεροποιος	Sacrificer	Miscellaneous	14990	ιεροποιον	1
34713	ἱεροποιός	ιεροποιος	Sacrificer	Miscellaneous	14990	ιεροποιον	1
34854	ἱερεύς 	ιερευς 	Priest, sacrificer	Miscellaneous	14990	ιερευς 	1
34904	ἱερεύς 	ιερευς 	Priest, sacrificer	Miscellaneous	14990	ιερευς 	1
34908	ἱερεύς 	ιερευς 	Priest, sacrificer	Miscellaneous	14990	ιερευς 	1
34914	ἱερεύς 	ιερευς 	Priest, sacrificer	Miscellaneous	14990	ιερευς 	1
34953	ἱερεύς 	ιερευς 	Priest, sacrificer	Miscellaneous	14990	ιερευς 	1
35020	διδάσκαλος	διδασκαλος	Teacher	Education and Training	13130	διδασκαλος	1
35043	ἰατρός	ιατρος	Doctor	Miscellaneous	6110	ιατρον	1
35054	γραμματεύς	γραμματευς	Scribe	Writing and the Book Trade	30120	γραμματευς	1
35055	γραμματεύς	γραμματευς	Scribe	Writing and the Book Trade	30120	γραμματευς	1
35062	ἀρχιτέκτων	αρχιτεκτων	Architect	Construction	2120	αρχιτεκτων	1
35179	βούκολος	βουκολος	Cowherd	Agriculture, Animal Husbandry	61110	βουκολος	1
35272	ἱερεύς 	ιερευς 	Priest, sacrificer	Miscellaneous	14990	ιερευς 	1
35452	ἱερεύς 	ιερευς 	Priest, sacrificer	Miscellaneous	14990	ιερευς 	1
35460	γναφεύς	γναφευς	Fuller	Textiles	75140	γναφευς	1
35527	χαλκεύς	χαλκευς	Smith	Metalwork	72110	χαλκευς	1
35539	ἱερεύς 	ιερευς 	Priest, sacrificer	Miscellaneous	14990	ιερευς 	1
35594	πένταθλος	πενταθλος	Pentathlete	Sports and Competition	18990	πενταθλος	1
35618	καπηλίς	καπηλις	Retailer	Miscellaneous Retail	49190	καπηλων	1
35618	κάπηλος	καπηλος	Retailer	Miscellaneous Retail	49190	καπηλων	1
35619	ἱερεύς 	ιερευς 	Priest, sacrificer	Miscellaneous	14990	ιερευς 	1
35723	γραμματικός	γραμματικος	Grammarian	Literature and Scholarship	13920	γραμματικου	1
35787	ἱερεύς 	ιερευς 	Priest, sacrificer	Miscellaneous	14990	ιερευς 	1
35846	γραφεύς	γραφευς	Scrivener/copyist	Writing and the Book Trade	30120	γραφευς	1
35867	ἰατρός	ιατρος	Doctor	Miscellaneous	6110	ιατρου	1
36022	ἱερεύς 	ιερευς 	Priest, sacrificer	Miscellaneous	14990	ιερευς 	1
36072	γραφεύς	γραφευς	Scrivener/copyist	Writing and the Book Trade	30120	γραφει	1
36079	ἱερεύς 	ιερευς 	Priest, sacrificer	Miscellaneous	14990	ιερευς 	1
36081	ἱερεύς 	ιερευς 	Priest, sacrificer	Miscellaneous	14990	ιερευς 	1
36082	ἱερεύς 	ιερευς 	Priest, sacrificer	Miscellaneous	14990	ιερευς 	1
36108	γραμματεύς	γραμματευς	Scribe	Writing and the Book Trade	30120	γραμματευς	1
36181	ἱερεύς 	ιερευς 	Priest, sacrificer	Miscellaneous	14990	ιερευς 	1
36182	ἱερεύς 	ιερευς 	Priest, sacrificer	Miscellaneous	14990	ιερευς 	1
36187	ἱερεύς 	ιερευς 	Priest, sacrificer	Miscellaneous	14990	ιερευς 	1
36210	ἱερεύς 	ιερευς 	Priest, sacrificer	Miscellaneous	14990	ιερευς 	1
36215	ἀρτοκόπος	αρτοκοπος	Baker	Food Preparation and Retail	53120	αρτοκοπος	1
36215	οἰνοπώλης	οινοπωλης	Wine Dealer	Food Preparation and Retail	45190	οινοπωλης	1
36215	χαλκεύς	χαλκευς	Smith	Metalwork	72110	χαλκευς	1
36220	ἱερεύς 	ιερευς 	Priest, sacrificer	Miscellaneous	14990	ιερευς 	1
36245	ἱερεύς 	ιερευς 	Priest, sacrificer	Miscellaneous	14990	ιερευς 	1
36246	ἱππικός	ιππικος	Riding trainer	Education and Training	18190	ιππικου	1
36303	σοφιστής	σοφιστης	Philosopher/sophist	Education and Training	19190	σοφιστην	1
36316	ἱερεύς 	ιερευς 	Priest, sacrificer	Miscellaneous	14990	ιερευς 	1
36323	ἱππικός	ιππικος	Riding trainer	Education and Training	18190	ιππικους	1
36326	ἱερεύς 	ιερευς 	Priest, sacrificer	Miscellaneous	14990	ιερευς 	1
36327	κάπηλος	καπηλος	Retailer	Miscellaneous Retail	49190	καπηλος	1
36381	λιθουργός	λιθουργος	Stonemason	Stonework	82120	λιθουργος	1
36427	γραμματεύς	γραμματευς	Scribe	Writing and the Book Trade	30120	γραμματευς	1
36428	γραμματεύς	γραμματευς	Scribe	Writing and the Book Trade	30120	γραμματευς	1
36527	ὑπηρετής	υπηρετης	Architect’s assistant	Construction	95990	υπηρετων	1
36548	γναφεύς	γναφευς	Fuller	Textiles	75140	γναφεων	1
36645	ἀρχιτέκτων	αρχιτεκτων	Architect	Construction	2120	αρχιτεκτονες	1
36655	γραμματεύς	γραμματευς	Scribe	Writing and the Book Trade	30120	γραμματεα	1
36682	ἱεροποιός	ιεροποιος	Sacrificer	Miscellaneous	14990	ιεροποιου	1
36683	ἱεροποιός	ιεροποιος	Sacrificer	Miscellaneous	14990	ιεροποιου	1
36685	ἱεροποιός	ιεροποιος	Sacrificer	Miscellaneous	14990	ιεροποιου	1
36989	ναυπηγός	ναυπηγος	Shipwright	Woodwork	73210	ναυπηγος	1
37541	ἰατρός	ιατρος	Doctor	Miscellaneous	6110	ιατρω	1
38200	ἰατρός	ιατρος	Doctor	Miscellaneous	6110	ιατρος	1
38205	ἱερεύς 	ιερευς 	Priest, sacrificer	Miscellaneous	14990	ιερευς 	1
38231	ἰατρός	ιατρος	Doctor	Miscellaneous	6110	ιατροις	1
38239	ἀρχιτέκτων	αρχιτεκτων	Architect	Construction	2120	αρχιτεκτονα	1
38274	ἱερεύς 	ιερευς 	Priest, sacrificer	Miscellaneous	14990	ιερευς 	1
38308	χαλκεύς	χαλκευς	Smith	Metalwork	72110	χαλκευς	1
38317	ἱερεύς 	ιερευς 	Priest, sacrificer	Miscellaneous	14990	ιερευς 	1
38341	γραμματεύς	γραμματευς	Scribe	Writing and the Book Trade	30120	γραμματεως	1
38370	ἱερεύς 	ιερευς 	Priest, sacrificer	Miscellaneous	14990	ιερευς 	1
38404	ἱερεύς 	ιερευς 	Priest, sacrificer	Miscellaneous	14990	ιερευς 	1
38608	ἔμπορος	εμπορος	Maritime trader	Seafaring/Maritime	41110	εμπορων	1
38609	γραμματεύς	γραμματευς	Scribe	Writing and the Book Trade	30120	γραμματεα	1
38619	γραμματεύς	γραμματευς	Scribe	Writing and the Book Trade	30120	γραμματευς	1
38626	γραμματεύς	γραμματευς	Scribe	Writing and the Book Trade	30120	γραμματευς	1
38628	γραμματεύς	γραμματευς	Scribe	Writing and the Book Trade	30120	γραμματευς	1
38629	ἱερεύς 	ιερευς 	Priest, sacrificer	Miscellaneous	14990	ιερευς 	1
38637	ἱερεύς 	ιερευς 	Priest, sacrificer	Miscellaneous	14990	ιερευς 	1
38663	ναύκληρος	ναυκληρος	Shipmaster	Seafaring/Maritime	98110	ναυκληρων	1
38672	σοφιστής	σοφιστης	Philosopher/sophist	Education and Training	19190	σοφιστην	1
38685	γραμματεύς	γραμματευς	Scribe	Writing and the Book Trade	30120	γραμματεα	1
38686	ἱερεύς 	ιερευς 	Priest, sacrificer	Miscellaneous	14990	ιερευς 	1
38698	γραμματεύς	γραμματευς	Scribe	Writing and the Book Trade	30120	γραμματεις	1
38707	γραμματεύς	γραμματευς	Scribe	Writing and the Book Trade	30120	γραμματευς	1
38728	γραμματεύς	γραμματευς	Scribe	Writing and the Book Trade	30120	γραμματεα	1
38734	ναύκληρος	ναυκληρος	Shipmaster	Seafaring/Maritime	98110	ναυκληρων	1
38786	ναύκληρος	ναυκληρος	Shipmaster	Seafaring/Maritime	98110	ναυκληρω	1
38847	ἔμπορος	εμπορος	Maritime trader	Seafaring/Maritime	41110	εμπορος	1
38851	ἀρχιτέκτων	αρχιτεκτων	Architect	Construction	2120	αρχιτεκτονων	1
38851	χρυσόχοος	χρυσοχοος	Goldsmith	Metalwork	72110	χρυσοχοος	1
38868	ἱππικός	ιππικος	Riding trainer	Education and Training	18190	ιππικον	1
38886	ναύκληρος	ναυκληρος	Shipmaster	Seafaring/Maritime	98110	ναυκληρος	1
38914	ἔμπορος	εμπορος	Maritime trader	Seafaring/Maritime	41110	εμπορος	1
38967	ναύκληρος	ναυκληρος	Shipmaster	Seafaring/Maritime	98110	ναυκληροι	1
38995	ἔμπορος	εμπορος	Maritime trader	Seafaring/Maritime	41110	εμπορος	1
39078	ὁπλομάχος	οπλομαχος	Weapons trainer	Education and Training	18190	οπλομαχος	1
39091	χαλκεύς	χαλκευς	Smith	Metalwork	72110	χαλκεων	1
39099	ἔμπορος	εμπορος	Maritime trader	Seafaring/Maritime	41110	εμπορων	1
39105	ἱερεύς 	ιερευς 	Priest, sacrificer	Miscellaneous	14990	ιερευς 	1
39107	ἱερεύς 	ιερευς 	Priest, sacrificer	Miscellaneous	14990	ιερευς 	1
39136	γραμματεύς	γραμματευς	Scribe	Writing and the Book Trade	30120	γραμματευς	1
39137	γραμματεύς	γραμματευς	Scribe	Writing and the Book Trade	30120	γραμματεις	1
39158	ἀρχιτέκτων	αρχιτεκτων	Architect	Construction	2120	αρχιτεκτων	1
39250	λιθουργός	λιθουργος	Stonemason	Stonework	82120	λιθουργος	1
39257	χαλκεύς	χαλκευς	Smith	Metalwork	72110	χαλκευς	1
39303	ἱερεύς 	ιερευς 	Priest, sacrificer	Miscellaneous	14990	ιερευς 	1
40811	ὑπηρετής	υπηρετης	Architect’s assistant	Construction	95990	υπηρετας	1
40811	γραμματεύς	γραμματευς	Scribe	Writing and the Book Trade	30120	γραμματευς	1
40812	γραμματεύς	γραμματευς	Scribe	Writing and the Book Trade	30120	γραμματευς	1
40813	ὑπηρετής	υπηρετης	Architect’s assistant	Construction	95990	υπηρετας	1
40813	γραμματεύς	γραμματευς	Scribe	Writing and the Book Trade	30120	γραμματευς	1
40814	γραμματεύς	γραμματευς	Scribe	Writing and the Book Trade	30120	γραμματευς	1
40961	ἱερεύς 	ιερευς 	Priest, sacrificer	Miscellaneous	14990	ιερευς 	1
41113	χρυσόχοος	χρυσοχοος	Goldsmith	Metalwork	72110	χρυσοχοε	1
41115	γραμματεύς	γραμματευς	Scribe	Writing and the Book Trade	30120	γραμματεα	1
41129	ναύκληρος	ναυκληρος	Shipmaster	Seafaring/Maritime	98110	ναυκληροι	1
41149	ναύκληρος	ναυκληρος	Shipmaster	Seafaring/Maritime	98110	ναυκληρος	1
41275	ναύκληρος	ναυκληρος	Shipmaster	Seafaring/Maritime	98110	ναυκληρος	1
41318	τέκτων	τεκτων	Carpenter/joiner	Woodwork	95110	τεκτονων	1
41332	ἱππικός	ιππικος	Riding trainer	Education and Training	18190	ιππικω	1
41332	μουσικός	μουσικος	Musician	Drama and Entertainment	17320	μουσικω	1
41332	ποιητής	ποιητης	Maker, poet	Literature and Scholarship	17150	ποιητης	1
41333	ἱππικός	ιππικος	Riding trainer	Education and Training	18190	ιππικον	1
41334	πένταθλος	πενταθλος	Pentathlete	Sports and Competition	18990	πενταθλους	1
41335	παγκρατιαστής	παγκρατιαστης	Pancratiast	Sports and Competition	18990	παγκρατιαστας	1
41337	πένταθλος	πενταθλος	Pentathlete	Sports and Competition	18990	πενταθλον	1
41338	πένταθλος	πενταθλος	Pentathlete	Sports and Competition	18990	πενταθλους	1
41339	πένταθλος	πενταθλος	Pentathlete	Sports and Competition	18990	πενταθλον	1
41341	ὑποκριτής	υποκριτης	Actor	Drama and Entertainment	17120	υποκριτας	1
41349	πένταθλος	πενταθλος	Pentathlete	Sports and Competition	18990	πενταθλον	1
41396	ἱερεύς 	ιερευς 	Priest, sacrificer	Miscellaneous	14990	ιερευς 	1
41400	φιλόσοφος	φιλοσοφος	Philosopher/sophist	Education and Training	19190	φιλοσοφος	1
41478	ὑπηρετής	υπηρετης	Architect’s assistant	Construction	95990	υπηρετης	1
41559	χαλκεύς	χαλκευς	Smith	Metalwork	72110	χαλκεας	1
41635	διδάσκαλος	διδασκαλος	Teacher	Education and Training	13130	διδασκαλου	1
41816	γραμματεύς	γραμματευς	Scribe	Writing and the Book Trade	30120	γραμματευς	1
41883	διδάσκαλος	διδασκαλος	Teacher	Education and Training	13130	διδασκαλος	1
41940	ἱερεύς 	ιερευς 	Priest, sacrificer	Miscellaneous	14990	ιερευς 	1
42004	γραμματεύς	γραμματευς	Scribe	Writing and the Book Trade	30120	γραμματευς	1
42128	γραμματεύς	γραμματευς	Scribe	Writing and the Book Trade	30120	γραμματευς	1
42129	γραμματεύς	γραμματευς	Scribe	Writing and the Book Trade	30120	γραμματευς	1
42134	γραμματεύς	γραμματευς	Scribe	Writing and the Book Trade	30120	γραμματεως	1
42135	γραμματεύς	γραμματευς	Scribe	Writing and the Book Trade	30120	γραμματευς	1
42162	ὑπηρετής	υπηρετης	Architect’s assistant	Construction	95990	υπηρετης	1
42216	γραμματεύς	γραμματευς	Scribe	Writing and the Book Trade	30120	γραμματευς	1
42300	γραμματεύς	γραμματευς	Scribe	Writing and the Book Trade	30120	γραμματευς	1
42308	γραμματεύς	γραμματευς	Scribe	Writing and the Book Trade	30120	γραμματευς	1
42329	γραμματεύς	γραμματευς	Scribe	Writing and the Book Trade	30120	γραμματευς	1
42345	γραμματεύς	γραμματευς	Scribe	Writing and the Book Trade	30120	γραμματευς	1
42399	γραμματεύς	γραμματευς	Scribe	Writing and the Book Trade	30120	γραμματεως	1
42431	ἱερεύς 	ιερευς 	Priest, sacrificer	Miscellaneous	14990	ιερευς 	1
42448	γραμματεύς	γραμματευς	Scribe	Writing and the Book Trade	30120	γραμματευς	1
42513	γραμματεύς	γραμματευς	Scribe	Writing and the Book Trade	30120	γραμματεα	1
42516	γραμματεύς	γραμματευς	Scribe	Writing and the Book Trade	30120	γραμματευς	1
42523	κιθαριστής	κιθαριστης	Kithara teacher/player	Education and Training	13920	κιθαριστης	1
42523	πένταθλος	πενταθλος	Pentathlete	Sports and Competition	18990	πενταθλον	1
42523	ποιητής	ποιητης	Maker, poet	Literature and Scholarship	17150	ποιητας	1
42524	ἱππικός	ιππικος	Riding trainer	Education and Training	18190	ιππικον	1
42524	πένταθλος	πενταθλος	Pentathlete	Sports and Competition	18990	πενταθλον	1
42525	ἱππικός	ιππικος	Riding trainer	Education and Training	18190	ιππικον	1
42885	ἱερεύς 	ιερευς 	Priest, sacrificer	Miscellaneous	14990	ιερευς 	1
42888	γραμματεύς	γραμματευς	Scribe	Writing and the Book Trade	30120	γραμματει	1
42907	φιλόσοφος	φιλοσοφος	Philosopher/sophist	Education and Training	19190	φιλοσοφον	1
42921	ἰατρός	ιατρος	Doctor	Miscellaneous	6110	ιατρον	1
42923	πένταθλος	πενταθλος	Pentathlete	Sports and Competition	18990	πενταθλους	1
42929	ποιητής	ποιητης	Maker, poet	Literature and Scholarship	17150	ποιητην	1
42935	φιλόσοφος	φιλοσοφος	Philosopher/sophist	Education and Training	19190	φιλοσοφον	1
42955	ῥήτωρ	ρητωρ	Orator	Literature and Scholarship	17150	ρητωρ	1
43012	κάπηλος	καπηλος	Retailer	Miscellaneous Retail	49190	καπηλου	1
43017	ἡνίοχος	ηνιοχος	charioteer	Transport	98510	ηνιοχου	1
43145	ποιμήν	ποιμην	Shepherd	Agriculture, Animal Husbandry	61110	ποιμην	1
43249	ὑποκριτής	υποκριτης	Actor	Drama and Entertainment	17120	υποκριτης	1
43445	γραμματεύς	γραμματευς	Scribe	Writing and the Book Trade	30120	γραμματεα	1
43466	ἰατρός	ιατρος	Doctor	Miscellaneous	6110	ιατρος	1
43503	ἱερεύς 	ιερευς 	Priest, sacrificer	Miscellaneous	14990	ιερευς 	1
43517	ἀρχιτέκτων	αρχιτεκτων	Architect	Construction	2120	αρχιτεκτων	1
43520	γραμματεύς	γραμματευς	Scribe	Writing and the Book Trade	30120	γραμματεα	1
43521	γραμματεύς	γραμματευς	Scribe	Writing and the Book Trade	30120	γραμματεα	1
43522	γραμματεύς	γραμματευς	Scribe	Writing and the Book Trade	30120	γραμματεα	1
43523	ἱππικός	ιππικος	Riding trainer	Education and Training	18190	ιππικου	1
43523	γραμματεύς	γραμματευς	Scribe	Writing and the Book Trade	30120	γραμματεα	1
43524	γραμματεύς	γραμματευς	Scribe	Writing and the Book Trade	30120	γραμματεα|γραμματευς	2
43527	ὑπηρετής	υπηρετης	Architect’s assistant	Construction	95990	υπηρεταις	1
43529	γραμματεύς	γραμματευς	Scribe	Writing and the Book Trade	30120	γραμματεα	1
43532	χαλκεύς	χαλκευς	Smith	Metalwork	72110	χαλκει	1
43533	ἱερεύς 	ιερευς 	Priest, sacrificer	Miscellaneous	14990	ιερευς 	1
43549	ἱερεύς 	ιερευς 	Priest, sacrificer	Miscellaneous	14990	ιερευς 	1
43555	γραμματεύς	γραμματευς	Scribe	Writing and the Book Trade	30120	γραμματεις	1
43575	διδάσκαλος	διδασκαλος	Teacher	Education and Training	13130	διδασκαλον	1
43592	διδάσκαλος	διδασκαλος	Teacher	Education and Training	13130	διδασκαλον	1
43654	χαλκεύς	χαλκευς	Smith	Metalwork	72110	χαλκει	1
43656	ἱερεύς 	ιερευς 	Priest, sacrificer	Miscellaneous	14990	ιερευς 	1
43658	ἱερεύς 	ιερευς 	Priest, sacrificer	Miscellaneous	14990	ιερευς 	1
43660	ἱερεύς 	ιερευς 	Priest, sacrificer	Miscellaneous	14990	ιερευς 	1
43675	ἱερεύς 	ιερευς 	Priest, sacrificer	Miscellaneous	14990	ιερευς 	1
43687	γραμματεύς	γραμματευς	Scribe	Writing and the Book Trade	30120	γραμματεως	1
43737	ἡνίοχος	ηνιοχος	charioteer	Transport	98510	ηνιοχος	1
43737	κιθαριστής	κιθαριστης	Kithara teacher/player	Education and Training	13920	κιθαριστης	1
43737	πένταθλος	πενταθλος	Pentathlete	Sports and Competition	18990	πενταθλον	1
43737	ποιητής	ποιητης	Maker, poet	Literature and Scholarship	17150	ποιητης	1
43737	σοφιστής	σοφιστης	Philosopher/sophist	Education and Training	19190	σοφιστης	1
43738	πένταθλος	πενταθλος	Pentathlete	Sports and Competition	18990	πενταθλον	1
43739	κιθαριστής	κιθαριστης	Kithara teacher/player	Education and Training	13920	κιθαριστης	1
43739	πένταθλος	πενταθλος	Pentathlete	Sports and Competition	18990	πενταθλον	1
43739	ποιητής	ποιητης	Maker, poet	Literature and Scholarship	17150	ποιητης	1
43739	ὑποκριτής	υποκριτης	Actor	Drama and Entertainment	17120	υποκριτης	1
43740	κιθαριστής	κιθαριστης	Kithara teacher/player	Education and Training	13920	κιθαριστης	1
43740	ποιητής	ποιητης	Maker, poet	Literature and Scholarship	17150	ποιητης	1
43740	ὑποκριτής	υποκριτης	Actor	Drama and Entertainment	17120	υποκριτης	1
43741	πένταθλος	πενταθλος	Pentathlete	Sports and Competition	18990	πενταθλον	1
43741	ποιητής	ποιητης	Maker, poet	Literature and Scholarship	17150	ποιητης	1
43741	ὑποκριτής	υποκριτης	Actor	Drama and Entertainment	17120	υποκριτης	1
43742	κιθαριστής	κιθαριστης	Kithara teacher/player	Education and Training	13920	κιθαριστης	1
43742	ποιητής	ποιητης	Maker, poet	Literature and Scholarship	17150	ποιητας|ποιητης	2
43742	ὑποκριτής	υποκριτης	Actor	Drama and Entertainment	17120	υποκριτης	1
43744	κιθαριστής	κιθαριστης	Kithara teacher/player	Education and Training	13920	κιθαριστης	1
43744	πένταθλος	πενταθλος	Pentathlete	Sports and Competition	18990	πενταθλον	1
43744	ποιητής	ποιητης	Maker, poet	Literature and Scholarship	17150	ποιητης	1
43744	ὑποκριτής	υποκριτης	Actor	Drama and Entertainment	17120	υποκριτης	1
43747	ὑποκριτής	υποκριτης	Actor	Drama and Entertainment	17120	υποκριτης	1
44241	γραμματεύς	γραμματευς	Scribe	Writing and the Book Trade	30120	γραμματευς	1
44494	φιλόσοφος	φιλοσοφος	Philosopher/sophist	Education and Training	19190	φιλοσοφος	1
44613	γραμματιστής	γραμματιστης	Elementary school teacher	Education and Training	13130	γραμματιστα	1
44618	ἱεροποιός	ιεροποιος	Sacrificer	Miscellaneous	14990	ιεροποιους	1
44619	ἱππικός	ιππικος	Riding trainer	Education and Training	18190	ιππικον	1
44619	μουσικός	μουσικος	Musician	Drama and Entertainment	17320	μουσικον	1
45215	ἱππικός	ιππικος	Riding trainer	Education and Training	18190	ιππικον	1
45215	μουσικός	μουσικος	Musician	Drama and Entertainment	17320	μουσικον	1
45223	πένταθλος	πενταθλος	Pentathlete	Sports and Competition	18990	πενταθλους	1
45266	γραμματεύς	γραμματευς	Scribe	Writing and the Book Trade	30120	γραμματευς	1
45315	γραμματεύς	γραμματευς	Scribe	Writing and the Book Trade	30120	γραμματεα	1
45322	γραμματεύς	γραμματευς	Scribe	Writing and the Book Trade	30120	γραμματεα	1
45326	γραμματεύς	γραμματευς	Scribe	Writing and the Book Trade	30120	γραμματεα	1
45375	ἔμπορος	εμπορος	Maritime trader	Seafaring/Maritime	41110	εμπορον	1
45753	ναυπηγός	ναυπηγος	Shipwright	Woodwork	73210	ναυπηγε	1
45977	ναύκληρος	ναυκληρος	Shipmaster	Seafaring/Maritime	98110	ναυκληρος	1
46157	ἱερεύς 	ιερευς 	Priest, sacrificer	Miscellaneous	14990	ιερευς 	1
46160	γραμματεύς	γραμματευς	Scribe	Writing and the Book Trade	30120	γραμματεα	1
46230	ναύκληρος	ναυκληρος	Shipmaster	Seafaring/Maritime	98110	ναυκληρων	1
46237	ἱερεύς 	ιερευς 	Priest, sacrificer	Miscellaneous	14990	ιερευς 	1
46288	ἱερεύς 	ιερευς 	Priest, sacrificer	Miscellaneous	14990	ιερευς 	1
46340	ἀρχιτέκτων	αρχιτεκτων	Architect	Construction	2120	αρχιτεκτονων	1
46340	ἔμπορος	εμπορος	Maritime trader	Seafaring/Maritime	41110	εμποροις	1
46342	ἔμπορος	εμπορος	Maritime trader	Seafaring/Maritime	41110	εμποροις	1
46344	ἀρχιτέκτων	αρχιτεκτων	Architect	Construction	2120	αρχιτεκτονος	1
46344	ἔμπορος	εμπορος	Maritime trader	Seafaring/Maritime	41110	εμποροις	1
46345	ἀρχιτέκτων	αρχιτεκτων	Architect	Construction	2120	αρχιτεκτονος	1
46348	ἀρχιτέκτων	αρχιτεκτων	Architect	Construction	2120	αρχιτεκτονος	1
46356	ἱερεύς 	ιερευς 	Priest, sacrificer	Miscellaneous	14990	ιερευς 	1
46360	γραμματεύς	γραμματευς	Scribe	Writing and the Book Trade	30120	γραμματεα	1
46361	γραμματεύς	γραμματευς	Scribe	Writing and the Book Trade	30120	γραμματεα	1
46365	γραμματεύς	γραμματευς	Scribe	Writing and the Book Trade	30120	γραμματευς	1
46406	ἱερεύς 	ιερευς 	Priest, sacrificer	Miscellaneous	14990	ιερευς 	1
46422	γραμματεύς	γραμματευς	Scribe	Writing and the Book Trade	30120	γραμματεα	1
46535	γραμματεύς	γραμματευς	Scribe	Writing and the Book Trade	30120	γραμματευς|γραμματεως	2
46569	κυβερνήτης	κυβερνητης	Helmsman	Seafaring/Maritime	98110	κυβερνητης	1
46574	ὑπηρετής	υπηρετης	Architect’s assistant	Construction	95990	υπηρετων	1
46577	ἱερεύς 	ιερευς 	Priest, sacrificer	Miscellaneous	14990	ιερευς 	1
46639	ἱερεύς 	ιερευς 	Priest, sacrificer	Miscellaneous	14990	ιερευς 	1
46678	ἱερεύς 	ιερευς 	Priest, sacrificer	Miscellaneous	14990	ιερευς 	1
46810	ἔμπορος	εμπορος	Maritime trader	Seafaring/Maritime	41110	εμποροι	1
46889	γραμματεύς	γραμματευς	Scribe	Writing and the Book Trade	30120	γραμματευς	1
46893	γραμματεύς	γραμματευς	Scribe	Writing and the Book Trade	30120	γραμματευς	1
46894	γραμματεύς	γραμματευς	Scribe	Writing and the Book Trade	30120	γραμματευς	1
46926	γραμματεύς	γραμματευς	Scribe	Writing and the Book Trade	30120	γραμματευς	1
46928	ναύκληρος	ναυκληρος	Shipmaster	Seafaring/Maritime	98110	ναυκληρος	1
46940	ἱερεύς 	ιερευς 	Priest, sacrificer	Miscellaneous	14990	ιερευς 	1
46944	ἱερεύς 	ιερευς 	Priest, sacrificer	Miscellaneous	14990	ιερευς 	1
46945	ἱερεύς 	ιερευς 	Priest, sacrificer	Miscellaneous	14990	ιερευς 	1
47235	ἱερεύς 	ιερευς 	Priest, sacrificer	Miscellaneous	14990	ιερευς 	1
47287	κυβερνήτης	κυβερνητης	Helmsman	Seafaring/Maritime	98110	κυβερνητην	1
47288	ἀρχιτέκτων	αρχιτεκτων	Architect	Construction	2120	αρχιτεκτονος	1
47288	ἔμπορος	εμπορος	Maritime trader	Seafaring/Maritime	41110	εμποροις	1
47294	ἀρχιτέκτων	αρχιτεκτων	Architect	Construction	2120	αρχιτεκτων	1
47357	ἔμπορος	εμπορος	Maritime trader	Seafaring/Maritime	41110	εμποροι	1
47380	ἱερεύς 	ιερευς 	Priest, sacrificer	Miscellaneous	14990	ιερευς 	1
47543	κοπρολόγος	κοπρολογος	Dung collector	Transport	98310	κοπρολογου	1
47777	γραμματεύς	γραμματευς	Scribe	Writing and the Book Trade	30120	γραμματευς	1
47777	ἱερεύς 	ιερευς 	Priest, sacrificer	Miscellaneous	14990	ιερευς 	1
47778	γραμματεύς	γραμματευς	Scribe	Writing and the Book Trade	30120	γραμματευς	1
47795	πένταθλος	πενταθλος	Pentathlete	Sports and Competition	18990	πενταθλος	1
47858	ἀρχιτέκτων	αρχιτεκτων	Architect	Construction	2120	αρχιτεκτων	1
47859	ἱεροποιός	ιεροποιος	Sacrificer	Miscellaneous	14990	ιεροποιοις	1
47861	ἱεροποιός	ιεροποιος	Sacrificer	Miscellaneous	14990	ιεροποιων	1
47862	κιθαριστής	κιθαριστης	Kithara teacher/player	Education and Training	13920	κιθαριστη	1
47879	ἱεροποιός	ιεροποιος	Sacrificer	Miscellaneous	14990	ιεροποιων	1
47883	ἱερεύς 	ιερευς 	Priest, sacrificer	Miscellaneous	14990	ιερευς 	1
47893	ἱεροποιός	ιεροποιος	Sacrificer	Miscellaneous	14990	ιεροποιοι	1
47898	διδάσκαλος	διδασκαλος	Teacher	Education and Training	13130	διδασκαλων	1
47904	ὑποκριτής	υποκριτης	Actor	Drama and Entertainment	17120	υποκριτας	1
47908	κεραμεύς	κεραμευς	Potter	Ceramics	89120	κεραμεων	1
47908	χαλκεύς	χαλκευς	Smith	Metalwork	72110	χαλκεων	1
47908	ἰατρός	ιατρος	Doctor	Miscellaneous	6110	ιατροις	1
47911	ἱεροποιός	ιεροποιος	Sacrificer	Miscellaneous	14990	ιεροποιοι	1
47911	ἱερεύς 	ιερευς 	Priest, sacrificer	Miscellaneous	14990	ιερευς 	1
47913	ἰατρός	ιατρος	Doctor	Miscellaneous	6110	ιατρος	1
47915	ἀρχιτέκτων	αρχιτεκτων	Architect	Construction	2120	αρχιτεκτονες	1
47915	ἱερεύς 	ιερευς 	Priest, sacrificer	Miscellaneous	14990	ιερευς 	1
47921	ὑπηρετής	υπηρετης	Architect’s assistant	Construction	95990	υπηρετη	1
47921	γραμματεύς	γραμματευς	Scribe	Writing and the Book Trade	30120	γραμματεα	1
47921	ἱεροποιός	ιεροποιος	Sacrificer	Miscellaneous	14990	ιεροποιους	1
47926	μουσικός	μουσικος	Musician	Drama and Entertainment	17320	μουσικον	1
47927	ἰατρός	ιατρος	Doctor	Miscellaneous	6110	ιατρος	1
47931	ἱερεύς 	ιερευς 	Priest, sacrificer	Miscellaneous	14990	ιερευς 	1
47937	κιθαριστής	κιθαριστης	Kithara teacher/player	Education and Training	13920	κιθαρισται	1
47937	ἱεροποιός	ιεροποιος	Sacrificer	Miscellaneous	14990	ιεροποιων	1
47937	ἱερεύς 	ιερευς 	Priest, sacrificer	Miscellaneous	14990	ιερευς 	1
47939	ἀρχιτέκτων	αρχιτεκτων	Architect	Construction	2120	αρχιτεκτων	1
47940	ἱερεύς 	ιερευς 	Priest, sacrificer	Miscellaneous	14990	ιερευς 	1
47941	ἱεροποιός	ιεροποιος	Sacrificer	Miscellaneous	14990	ιεροποιους	1
47947	ἱεροποιός	ιεροποιος	Sacrificer	Miscellaneous	14990	ιεροποιος	1
47968	ἱερεύς 	ιερευς 	Priest, sacrificer	Miscellaneous	14990	ιερευς 	1
47974	γραμματεύς	γραμματευς	Scribe	Writing and the Book Trade	30120	γραμματεα	1
47976	ἰατρός	ιατρος	Doctor	Miscellaneous	6110	ιατρος	1
47986	ἱερεύς 	ιερευς 	Priest, sacrificer	Miscellaneous	14990	ιερευς 	1
47987	παιδοτρίβης	παιδοτριβης	Physical trainer	Education and Training	18190	παιδοτριβαι	1
47987	ἱεροποιός	ιεροποιος	Sacrificer	Miscellaneous	14990	ιεροποιοι	1
47987	ἱερεύς 	ιερευς 	Priest, sacrificer	Miscellaneous	14990	ιερευς 	1
47990	ἱερεύς 	ιερευς 	Priest, sacrificer	Miscellaneous	14990	ιερευς 	1
48014	ἱερεύς 	ιερευς 	Priest, sacrificer	Miscellaneous	14990	ιερευς 	1
48016	ἱερεύς 	ιερευς 	Priest, sacrificer	Miscellaneous	14990	ιερευς 	1
48017	ἀρχιτέκτων	αρχιτεκτων	Architect	Construction	2120	αρχιτεκτων	1
48017	ἔμπορος	εμπορος	Maritime trader	Seafaring/Maritime	41110	εμποροι	1
48019	γραμματεύς	γραμματευς	Scribe	Writing and the Book Trade	30120	γραμματευς	1
48019	ἱεροποιός	ιεροποιος	Sacrificer	Miscellaneous	14990	ιεροποιοι	1
48031	ὑπηρετής	υπηρετης	Architect’s assistant	Construction	95990	υπηρετων	1
48039	ἱεροποιός	ιεροποιος	Sacrificer	Miscellaneous	14990	ιεροποιοις	1
48047	ἀρχιτέκτων	αρχιτεκτων	Architect	Construction	2120	αρχιτεκτων	1
48048	ἱεροποιός	ιεροποιος	Sacrificer	Miscellaneous	14990	ιεροποιος	1
48052	γραμματεύς	γραμματευς	Scribe	Writing and the Book Trade	30120	γραμματευς	1
48052	ἱεροποιός	ιεροποιος	Sacrificer	Miscellaneous	14990	ιεροποιοι	1
48052	ἱερεύς 	ιερευς 	Priest, sacrificer	Miscellaneous	14990	ιερευς 	1
48067	ὑποκριτής	υποκριτης	Actor	Drama and Entertainment	17120	υποκριτας	1
48071	ἱερεύς 	ιερευς 	Priest, sacrificer	Miscellaneous	14990	ιερευς |ιερευς ων	2
48090	ἰατρός	ιατρος	Doctor	Miscellaneous	6110	ιατρον	1
48097	ἱεροποιός	ιεροποιος	Sacrificer	Miscellaneous	14990	ιεροποιοι	1
48111	γραμματεύς	γραμματευς	Scribe	Writing and the Book Trade	30120	γραμματεως	1
48126	ἱεροποιός	ιεροποιος	Sacrificer	Miscellaneous	14990	ιεροποιοι	1
48235	ἱερεύς 	ιερευς 	Priest, sacrificer	Miscellaneous	14990	ιερευς 	1
48264	ἱερεύς 	ιερευς 	Priest, sacrificer	Miscellaneous	14990	ιερευς 	1
48272	πένταθλος	πενταθλος	Pentathlete	Sports and Competition	18990	πενταθλον	1
48289	ἱερεύς 	ιερευς 	Priest, sacrificer	Miscellaneous	14990	ιερευς 	1
48294	πένταθλος	πενταθλος	Pentathlete	Sports and Competition	18990	πενταθλον	1
48295	ἀρχιτέκτων	αρχιτεκτων	Architect	Construction	2120	αρχιτεκτονων	1
48297	ἰατρός	ιατρος	Doctor	Miscellaneous	6110	ιατρον	1
48444	ναύτης	ναυτης	Sailor	Seafaring/Maritime	98110	ναυται	1
48465	ἱερεύς 	ιερευς 	Priest, sacrificer	Miscellaneous	14990	ιερευς 	1
48515	ἱερεύς 	ιερευς 	Priest, sacrificer	Miscellaneous	14990	ιερευς 	1
48541	γραμματεύς	γραμματευς	Scribe	Writing and the Book Trade	30120	γραμματεα	1
48542	γραμματεύς	γραμματευς	Scribe	Writing and the Book Trade	30120	γραμματει	1
48542	ἱεροποιός	ιεροποιος	Sacrificer	Miscellaneous	14990	ιεροποιου	1
48543	ἰατρός	ιατρος	Doctor	Miscellaneous	6110	ιατρον	1
48707	κυβερνήτης	κυβερνητης	Helmsman	Seafaring/Maritime	98110	κυβερνητης	1
48819	ἰατρός	ιατρος	Doctor	Miscellaneous	6110	ιατρων	1
48913	ἱερεύς 	ιερευς 	Priest, sacrificer	Miscellaneous	14990	ιερευς 	1
48950	ναυπηγός	ναυπηγος	Shipwright	Woodwork	73210	ναυπηγων	1
49124	ἰατρός	ιατρος	Doctor	Miscellaneous	6110	ιατρον	1
49125	ἀρχιτέκτων	αρχιτεκτων	Architect	Construction	2120	αρχιτεκτονων	1
49145	ἱερεύς 	ιερευς 	Priest, sacrificer	Miscellaneous	14990	ιερευς 	1
49146	ἱεροποιός	ιεροποιος	Sacrificer	Miscellaneous	14990	ιεροποιοι	1
49146	ἱερεύς 	ιερευς 	Priest, sacrificer	Miscellaneous	14990	ιερευς 	1
49147	ἱερεύς 	ιερευς 	Priest, sacrificer	Miscellaneous	14990	ιερευς 	1
49164	ἱεροποιός	ιεροποιος	Sacrificer	Miscellaneous	14990	ιεροποιοι	1
49164	ἱερεύς 	ιερευς 	Priest, sacrificer	Miscellaneous	14990	ιερευς 	1
49179	ἱεροποιός	ιεροποιος	Sacrificer	Miscellaneous	14990	ιεροποιοι	1
49183	ἰατρός	ιατρος	Doctor	Miscellaneous	6110	ιατρον	1
49238	ἰατρός	ιατρος	Doctor	Miscellaneous	6110	ιατρος	1
49263	ἱεροποιός	ιεροποιος	Sacrificer	Miscellaneous	14990	ιεροποιων	1
49288	ἔμπορος	εμπορος	Maritime trader	Seafaring/Maritime	41110	εμποροις	1
49288	ναύκληρος	ναυκληρος	Shipmaster	Seafaring/Maritime	98110	ναυκληροις	1
49292	ἰατρός	ιατρος	Doctor	Miscellaneous	6110	ιατρων	1
49363	ἱερεύς 	ιερευς 	Priest, sacrificer	Miscellaneous	14990	ιερευς 	1
49365	ἰατρός	ιατρος	Doctor	Miscellaneous	6110	ιατρος	1
49366	ἰατρός	ιατρος	Doctor	Miscellaneous	6110	ιατρος	1
49372	ὑπηρετής	υπηρετης	Architect’s assistant	Construction	95990	υπηρεταις	1
49372	ἱερεύς 	ιερευς 	Priest, sacrificer	Miscellaneous	14990	ιερευς 	1
49424	βούκολος	βουκολος	Cowherd	Agriculture, Animal Husbandry	61110	βουκολοι	1
49448	αἴπολος	αιπολος	Goatherd	Agriculture, Animal Husbandry	61110	αιπολε	1
49470	ἱερεύς 	ιερευς 	Priest, sacrificer	Miscellaneous	14990	ιερευς 	1
49495	ὑποκριτής	υποκριτης	Actor	Drama and Entertainment	17120	υποκριτης	1
49505	φιλόσοφος	φιλοσοφος	Philosopher/sophist	Education and Training	19190	φιλοσοφων	1
49510	γραμματεύς	γραμματευς	Scribe	Writing and the Book Trade	30120	γραμματεις|γραμματεων	2
49514	παγκρατιαστής	παγκρατιαστης	Pancratiast	Sports and Competition	18990	παγκρατιαστης	1
49514	φιλόσοφος	φιλοσοφος	Philosopher/sophist	Education and Training	19190	φιλοσοφων	1
49546	ἰατρός	ιατρος	Doctor	Miscellaneous	6110	ιατρος	1
49563	ἰατρός	ιατρος	Doctor	Miscellaneous	6110	ιατρω	1
49584	φιλόσοφος	φιλοσοφος	Philosopher/sophist	Education and Training	19190	φιλοσοφος	1
49627	φιλόσοφος	φιλοσοφος	Philosopher/sophist	Education and Training	19190	φιλοσοφος	1
49659	ναύκληρος	ναυκληρος	Shipmaster	Seafaring/Maritime	98110	ναυκληρος	1
49674	ἰατρός	ιατρος	Doctor	Miscellaneous	6110	ιατρου	1
49675	ἰατρός	ιατρος	Doctor	Miscellaneous	6110	ιατρω	1
49678	ἱππικός	ιππικος	Riding trainer	Education and Training	18190	ιππικου	1
49688	ἰατρός	ιατρος	Doctor	Miscellaneous	6110	ιατρω	1
49701	ἀγαλματοποιός	αγαλματοποιος	Statue maker	Stonework	16120	αγαλματοποιος	1
49875	ἰατρός	ιατρος	Doctor	Miscellaneous	6110	ιατρος	1
49876	διδάσκαλος	διδασκαλος	Teacher	Education and Training	13130	διδασκαλω	1
49879	σοφιστής	σοφιστης	Philosopher/sophist	Education and Training	19190	σοφιστη	1
49889	ἱππικός	ιππικος	Riding trainer	Education and Training	18190	ιππικων	1
49894	σοφιστής	σοφιστης	Philosopher/sophist	Education and Training	19190	σοφιστη	1
49943	ἰατρός	ιατρος	Doctor	Miscellaneous	6110	ιατρω	1
49950	ἰατρός	ιατρος	Doctor	Miscellaneous	6110	ιατρος	1
49992	ἰατρός	ιατρος	Doctor	Miscellaneous	6110	ιατρου	1
50091	φιλόσοφος	φιλοσοφος	Philosopher/sophist	Education and Training	19190	φιλοσοφε	1
50103	φιλόσοφος	φιλοσοφος	Philosopher/sophist	Education and Training	19190	φιλοσοφοις	1
50103	ἰατρός	ιατρος	Doctor	Miscellaneous	6110	ιατρος	1
50141	σοφιστής	σοφιστης	Philosopher/sophist	Education and Training	19190	σοφιστη	1
50250	βούκολος	βουκολος	Cowherd	Agriculture, Animal Husbandry	61110	βουκολος	1
50388	ἰατρός	ιατρος	Doctor	Miscellaneous	6110	ιατρος	1
50438	ἱερεύς 	ιερευς 	Priest, sacrificer	Miscellaneous	14990	ιερευς 	1
50440	ἡνίοχος	ηνιοχος	charioteer	Transport	98510	ηνιοχος	1
50479	χρυσόχοος	χρυσοχοος	Goldsmith	Metalwork	72110	χρυσοχοος	1
50492	ἡνίοχος	ηνιοχος	charioteer	Transport	98510	ηνιοχων	1
50515	πορθμεύς	πορθμευς	Ferryman	Seafaring/Maritime	98110	πορθμευς	1
50531	γραμματικός	γραμματικος	Grammarian	Literature and Scholarship	13920	γραμματικω	1
50533	οἰκοδομος	οικοδομος	Builder	Construction	95110	οικοδομον	1
50576	ἰατρός	ιατρος	Doctor	Miscellaneous	6110	ιατρου	1
50605	κιθαριστής	κιθαριστης	Kithara teacher/player	Education and Training	13920	κιθαριστης	1
50605	μουσικός	μουσικος	Musician	Drama and Entertainment	17320	μουσικος	1
50605	ποιητής	ποιητης	Maker, poet	Literature and Scholarship	17150	ποιητης	1
50615	γεωργός	γεωργος	Farmer	Agriculture, Animal Husbandry	61110	γεωργος	1
50770	φιλόσοφος	φιλοσοφος	Philosopher/sophist	Education and Training	19190	φιλοσοφος	1
50772	ῥήτωρ	ρητωρ	Orator	Literature and Scholarship	17150	ρητωρ	1
50805	γραμματικός	γραμματικος	Grammarian	Literature and Scholarship	13920	γραμματικος	1
50811	ποιητής	ποιητης	Maker, poet	Literature and Scholarship	17150	ποιητα	1
50812	ποιητής	ποιητης	Maker, poet	Literature and Scholarship	17150	ποιητης	1
50815	ῥήτωρ	ρητωρ	Orator	Literature and Scholarship	17150	ρητωρ	1
50824	ποιητής	ποιητης	Maker, poet	Literature and Scholarship	17150	ποιητης	1
50851	ἱερεύς 	ιερευς 	Priest, sacrificer	Miscellaneous	14990	ιερευς 	1
50859	πένταθλος	πενταθλος	Pentathlete	Sports and Competition	18990	πενταθλος	1
50930	γραμματεύς	γραμματευς	Scribe	Writing and the Book Trade	30120	γραμματευς	1
50930	ἰατρός	ιατρος	Doctor	Miscellaneous	6110	ιατρων	1
50981	ἡνίοχος	ηνιοχος	charioteer	Transport	98510	ηνιοχοις	1
50981	ἱπποδρόμος	ιπποδρομος	Charioteer	Sports and Competition	18990	ιπποδρομου|ιπποδρομω	2
50982	ἡνίοχος	ηνιοχος	charioteer	Transport	98510	ηνιοχοις	1
50982	ἱπποδρόμος	ιπποδρομος	Charioteer	Sports and Competition	18990	ιπποδρομω	1
50983	ἡνίοχος	ηνιοχος	charioteer	Transport	98510	ηνιοχοις	1
50983	ἱπποδρόμος	ιπποδρομος	Charioteer	Sports and Competition	18990	ιπποδρομω	1
50984	ἡνίοχος	ηνιοχος	charioteer	Transport	98510	ηνιοχοις	1
50984	ἱπποδρόμος	ιπποδρομος	Charioteer	Sports and Competition	18990	ιπποδρομου|ιπποδρομω	2
50985	ἡνίοχος	ηνιοχος	charioteer	Transport	98510	ηνιοχοις	1
50985	ἱπποδρόμος	ιπποδρομος	Charioteer	Sports and Competition	18990	ιπποδρομω	1
50986	ἡνίοχος	ηνιοχος	charioteer	Transport	98510	ηνιοχοις	1
50986	ἱπποδρόμος	ιπποδρομος	Charioteer	Sports and Competition	18990	ιπποδρομου|ιπποδρομω	2
50987	ἡνίοχος	ηνιοχος	charioteer	Transport	98510	ηνιοχοις	1
50987	ἱπποδρόμος	ιπποδρομος	Charioteer	Sports and Competition	18990	ιπποδρομου|ιπποδρομω	2
50988	ἡνίοχος	ηνιοχος	charioteer	Transport	98510	ηνιοχον|ηνιοχου	2
50989	ἡνίοχος	ηνιοχος	charioteer	Transport	98510	ηνιοχων	1
51142	ἰατρός	ιατρος	Doctor	Miscellaneous	6110	ιατρος	1
51143	ἰατρός	ιατρος	Doctor	Miscellaneous	6110	ιατρου	1
51472	γραμματεύς	γραμματευς	Scribe	Writing and the Book Trade	30120	γραμματεως	1
51486	γραμματεύς	γραμματευς	Scribe	Writing and the Book Trade	30120	γραμματευς	1
51731	κελευστής	κελευστης	Rowing master	Seafaring/Maritime	98110	κελευστας	1
51733	ἱερεύς 	ιερευς 	Priest, sacrificer	Miscellaneous	14990	ιερευς 	1
51734	ἱερεύς 	ιερευς 	Priest, sacrificer	Miscellaneous	14990	ιερευς 	1
51740	γραμματεύς	γραμματευς	Scribe	Writing and the Book Trade	30120	γραμματεα	1
51753	γραμματεύς	γραμματευς	Scribe	Writing and the Book Trade	30120	γραμματευς	1
51775	ἰατρός	ιατρος	Doctor	Miscellaneous	6110	ιατρος	1
51872	ἰατρός	ιατρος	Doctor	Miscellaneous	6110	ιατρος	1
51877	ἀρχιτέκτων	αρχιτεκτων	Architect	Construction	2120	αρχιτεκτων	1
51877	γραμματεύς	γραμματευς	Scribe	Writing and the Book Trade	30120	γραμματεως	1
51877	ἱερεύς 	ιερευς 	Priest, sacrificer	Miscellaneous	14990	ιερευς 	1
51950	ἱερεύς 	ιερευς 	Priest, sacrificer	Miscellaneous	14990	ιερευς 	1
51983	ἱερεύς 	ιερευς 	Priest, sacrificer	Miscellaneous	14990	ιερευς 	1
51984	ἱερεύς 	ιερευς 	Priest, sacrificer	Miscellaneous	14990	ιερευς 	1
52022	ἱερεύς 	ιερευς 	Priest, sacrificer	Miscellaneous	14990	ιερευς 	1
52055	ἱερεύς 	ιερευς 	Priest, sacrificer	Miscellaneous	14990	ιερευς 	1
52056	ἱερεύς 	ιερευς 	Priest, sacrificer	Miscellaneous	14990	ιερευς 	1
52061	γραμματεύς	γραμματευς	Scribe	Writing and the Book Trade	30120	γραμματευς	1
52079	γραμματεύς	γραμματευς	Scribe	Writing and the Book Trade	30120	γραμματευς	1
52080	γραμματεύς	γραμματευς	Scribe	Writing and the Book Trade	30120	γραμματευς	1
52103	γραμματεύς	γραμματευς	Scribe	Writing and the Book Trade	30120	γραμματευς	1
52103	ἱερεύς 	ιερευς 	Priest, sacrificer	Miscellaneous	14990	ιερευς 	1
52120	ἱερεύς 	ιερευς 	Priest, sacrificer	Miscellaneous	14990	ιερευς 	1
52125	ἱερεύς 	ιερευς 	Priest, sacrificer	Miscellaneous	14990	ιερευς 	1
52149	ἱερεύς 	ιερευς 	Priest, sacrificer	Miscellaneous	14990	ιερευς 	1
52150	ἱερεύς 	ιερευς 	Priest, sacrificer	Miscellaneous	14990	ιερευς 	1
52172	ἱερεύς 	ιερευς 	Priest, sacrificer	Miscellaneous	14990	ιερευς 	1
52184	ἱερεύς 	ιερευς 	Priest, sacrificer	Miscellaneous	14990	ιερευς 	1
52188	ἱερεύς 	ιερευς 	Priest, sacrificer	Miscellaneous	14990	ιερευς 	1
52196	ἱερεύς 	ιερευς 	Priest, sacrificer	Miscellaneous	14990	ιερευς 	1
52203	ἱερεύς 	ιερευς 	Priest, sacrificer	Miscellaneous	14990	ιερευς 	1
52212	ἱερεύς 	ιερευς 	Priest, sacrificer	Miscellaneous	14990	ιερευς 	1
52215	γραμματεύς	γραμματευς	Scribe	Writing and the Book Trade	30120	γραμματευς	1
52216	ἱερεύς 	ιερευς 	Priest, sacrificer	Miscellaneous	14990	ιερευς 	1
52217	γραμματεύς	γραμματευς	Scribe	Writing and the Book Trade	30120	γραμματευς	1
52218	γραμματεύς	γραμματευς	Scribe	Writing and the Book Trade	30120	γραμματευς	1
52219	ἱερεύς 	ιερευς 	Priest, sacrificer	Miscellaneous	14990	ιερευς 	1
52228	ἱερεύς 	ιερευς 	Priest, sacrificer	Miscellaneous	14990	ιερευς 	1
52250	ἱερεύς 	ιερευς 	Priest, sacrificer	Miscellaneous	14990	ιερευς 	1
52251	ἱερεύς 	ιερευς 	Priest, sacrificer	Miscellaneous	14990	ιερευς 	1
52282	χαλκεύς	χαλκευς	Smith	Metalwork	72110	χαλκεα	1
52282	γραμματεύς	γραμματευς	Scribe	Writing and the Book Trade	30120	γραμματεις|γραμματευς	2
52288	χαλκεύς	χαλκευς	Smith	Metalwork	72110	χαλκεα	1
52291	χαλκεύς	χαλκευς	Smith	Metalwork	72110	χαλκεα	1
52293	χαλκεύς	χαλκευς	Smith	Metalwork	72110	χαλκεων	1
52301	ἱερεύς 	ιερευς 	Priest, sacrificer	Miscellaneous	14990	ιερευς 	1
52305	χαλκεύς	χαλκευς	Smith	Metalwork	72110	χαλκεα	1
52315	χαλκεύς	χαλκευς	Smith	Metalwork	72110	χαλκεα	1
52317	χαλκεύς	χαλκευς	Smith	Metalwork	72110	χαλκεα	1
52325	χαλκεύς	χαλκευς	Smith	Metalwork	72110	χαλκεα	1
52329	ἀρχιτέκτων	αρχιτεκτων	Architect	Construction	2120	αρχιτεκτων	1
52329	χαλκεύς	χαλκευς	Smith	Metalwork	72110	χαλκεα	1
52329	γραμματεύς	γραμματευς	Scribe	Writing and the Book Trade	30120	γραμματεως	1
52329	ἱερεύς 	ιερευς 	Priest, sacrificer	Miscellaneous	14990	ιερευς 	1
52330	ἀρχιτέκτων	αρχιτεκτων	Architect	Construction	2120	αρχιτεκτων	1
52332	ἱερεύς 	ιερευς 	Priest, sacrificer	Miscellaneous	14990	ιερευς 	1
52333	ἱερεύς 	ιερευς 	Priest, sacrificer	Miscellaneous	14990	ιερευς 	1
52335	ἱερεύς 	ιερευς 	Priest, sacrificer	Miscellaneous	14990	ιερευς 	1
52337	ἱερεύς 	ιερευς 	Priest, sacrificer	Miscellaneous	14990	ιερευς 	1
52339	ἱερεύς 	ιερευς 	Priest, sacrificer	Miscellaneous	14990	ιερευς 	1
52341	ἱερεύς 	ιερευς 	Priest, sacrificer	Miscellaneous	14990	ιερευς 	1
52347	χαλκεύς	χαλκευς	Smith	Metalwork	72110	χαλκεα	1
52359	ἱερεύς 	ιερευς 	Priest, sacrificer	Miscellaneous	14990	ιερευς 	1
52362	ἱερεύς 	ιερευς 	Priest, sacrificer	Miscellaneous	14990	ιερευς 	1
52363	ἱερεύς 	ιερευς 	Priest, sacrificer	Miscellaneous	14990	ιερευς 	1
52374	ἱερεύς 	ιερευς 	Priest, sacrificer	Miscellaneous	14990	ιερευς 	1
52392	ἱερεύς 	ιερευς 	Priest, sacrificer	Miscellaneous	14990	ιερευς 	1
52393	ἱερεύς 	ιερευς 	Priest, sacrificer	Miscellaneous	14990	ιερευς 	1
52398	ἱερεύς 	ιερευς 	Priest, sacrificer	Miscellaneous	14990	ιερευς 	1
52400	μουσικός	μουσικος	Musician	Drama and Entertainment	17320	μουσικοι	1
52400	ὑπηρετής	υπηρετης	Architect’s assistant	Construction	95990	υπηρεται	1
52406	ἱερεύς 	ιερευς 	Priest, sacrificer	Miscellaneous	14990	ιερευς 	1
52407	ἱερεύς 	ιερευς 	Priest, sacrificer	Miscellaneous	14990	ιερευς 	1
52478	ἱερεύς 	ιερευς 	Priest, sacrificer	Miscellaneous	14990	ιερευς 	1
52486	ἱερεύς 	ιερευς 	Priest, sacrificer	Miscellaneous	14990	ιερευς 	1
52538	χαλκεύς	χαλκευς	Smith	Metalwork	72110	χαλκεα	1
52547	χαλκεύς	χαλκευς	Smith	Metalwork	72110	χαλκεα	1
52551	κελευστής	κελευστης	Rowing master	Seafaring/Maritime	98110	κελευστας	1
52551	γραμματεύς	γραμματευς	Scribe	Writing and the Book Trade	30120	γραμματευς	1
52568	γραμματεύς	γραμματευς	Scribe	Writing and the Book Trade	30120	γραμματευς	1
53002	χαλκεύς	χαλκευς	Smith	Metalwork	72110	χαλκεα	1
53093	κιθαριστής	κιθαριστης	Kithara teacher/player	Education and Training	13920	κιθαριστας	1
53093	πένταθλος	πενταθλος	Pentathlete	Sports and Competition	18990	πενταθλον	1
53093	ἱεροποιός	ιεροποιος	Sacrificer	Miscellaneous	14990	ιεροποιων	1
53096	γραμματεύς	γραμματευς	Scribe	Writing and the Book Trade	30120	γραμματευς	1
53097	γραμματεύς	γραμματευς	Scribe	Writing and the Book Trade	30120	γραμματευς	1
53119	ἀρχιτέκτων	αρχιτεκτων	Architect	Construction	2120	αρχιτεκτων	1
53253	ἱερεύς 	ιερευς 	Priest, sacrificer	Miscellaneous	14990	ιερευς 	1
53282	ὑπηρετής	υπηρετης	Architect’s assistant	Construction	95990	υπηρετας	1
53282	γραμματεύς	γραμματευς	Scribe	Writing and the Book Trade	30120	γραμματευς	1
53366	γραμματεύς	γραμματευς	Scribe	Writing and the Book Trade	30120	γραμματευς	1
53558	γραμματεύς	γραμματευς	Scribe	Writing and the Book Trade	30120	γραμματεως	1
53607	ἱερεύς 	ιερευς 	Priest, sacrificer	Miscellaneous	14990	ιερευς 	1
53713	γραμματεύς	γραμματευς	Scribe	Writing and the Book Trade	30120	γραμματευς	1
53713	ἱεροποιός	ιεροποιος	Sacrificer	Miscellaneous	14990	ιεροποιοι	1
53714	γραμματεύς	γραμματευς	Scribe	Writing and the Book Trade	30120	γραμματεων	1
53714	ἱερεύς 	ιερευς 	Priest, sacrificer	Miscellaneous	14990	ιερευς 	1
53861	ἱερεύς 	ιερευς 	Priest, sacrificer	Miscellaneous	14990	ιερευς 	1
53883	γραμματεύς	γραμματευς	Scribe	Writing and the Book Trade	30120	γραμματευς	1
53886	γραμματεύς	γραμματευς	Scribe	Writing and the Book Trade	30120	γραμματευς	1
53889	γραμματεύς	γραμματευς	Scribe	Writing and the Book Trade	30120	γραμματευς	1
54004	πρῳρεύς	πρωρευς	Quartermaster	Seafaring/Maritime	98110	πρωρευς	1
54004	ἰατρός	ιατρος	Doctor	Miscellaneous	6110	ιατρος	1
54078	γραμματεύς	γραμματευς	Scribe	Writing and the Book Trade	30120	γραμματευς	1
54157	ἱερεύς 	ιερευς 	Priest, sacrificer	Miscellaneous	14990	ιερευς 	1
54158	ἱπποδρόμος	ιπποδρομος	Charioteer	Sports and Competition	18990	ιπποδρομον	1
54184	χαλκεύς	χαλκευς	Smith	Metalwork	72110	χαλκεα	1
54188	ἀρχιτέκτων	αρχιτεκτων	Architect	Construction	2120	αρχιτεκτων	1
54188	ποιητής	ποιητης	Maker, poet	Literature and Scholarship	17150	ποιηται	1
54191	ἱερεύς 	ιερευς 	Priest, sacrificer	Miscellaneous	14990	ιερευς 	1
54192	ἱερεύς 	ιερευς 	Priest, sacrificer	Miscellaneous	14990	ιερευς 	1
54210	γραμματεύς	γραμματευς	Scribe	Writing and the Book Trade	30120	γραμματευς	1
54287	χρυσόχοος	χρυσοχοος	Goldsmith	Metalwork	72110	χρυσοχοος	1
54295	ἱερεύς 	ιερευς 	Priest, sacrificer	Miscellaneous	14990	ιερευς 	1
54296	ἱερεύς 	ιερευς 	Priest, sacrificer	Miscellaneous	14990	ιερευς 	1
54300	ἱερεύς 	ιερευς 	Priest, sacrificer	Miscellaneous	14990	ιερευς 	1
54308	ἱεροποιός	ιεροποιος	Sacrificer	Miscellaneous	14990	ιεροποιοι	1
54309	ἱεροποιός	ιεροποιος	Sacrificer	Miscellaneous	14990	ιεροποιοι	1
54310	ἱεροποιός	ιεροποιος	Sacrificer	Miscellaneous	14990	ιεροποιοι	1
54311	ἱεροποιός	ιεροποιος	Sacrificer	Miscellaneous	14990	ιεροποιοι	1
54312	ἱεροποιός	ιεροποιος	Sacrificer	Miscellaneous	14990	ιεροποιοι	1
54313	ἱεροποιός	ιεροποιος	Sacrificer	Miscellaneous	14990	ιεροποιοι	1
54314	ἱεροποιός	ιεροποιος	Sacrificer	Miscellaneous	14990	ιεροποιοι	1
54315	ἱεροποιός	ιεροποιος	Sacrificer	Miscellaneous	14990	ιεροποιοι	1
54316	ἱεροποιός	ιεροποιος	Sacrificer	Miscellaneous	14990	ιεροποιοι	1
54318	ἱεροποιός	ιεροποιος	Sacrificer	Miscellaneous	14990	ιεροποιοι	1
54319	ἱεροποιός	ιεροποιος	Sacrificer	Miscellaneous	14990	ιεροποιοι	1
54320	ἱεροποιός	ιεροποιος	Sacrificer	Miscellaneous	14990	ιεροποιοι	1
54321	ἱεροποιός	ιεροποιος	Sacrificer	Miscellaneous	14990	ιεροποιοι	1
54322	ἱεροποιός	ιεροποιος	Sacrificer	Miscellaneous	14990	ιεροποιοι	1
54323	ἱερεύς 	ιερευς 	Priest, sacrificer	Miscellaneous	14990	ιερευς 	1
54324	ἱεροποιός	ιεροποιος	Sacrificer	Miscellaneous	14990	ιεροποιοι	1
54325	ἱεροποιός	ιεροποιος	Sacrificer	Miscellaneous	14990	ιεροποιοι	1
54326	ἱεροποιός	ιεροποιος	Sacrificer	Miscellaneous	14990	ιεροποιοι	1
54328	ἱεροποιός	ιεροποιος	Sacrificer	Miscellaneous	14990	ιεροποιοι	1
54329	ἱεροποιός	ιεροποιος	Sacrificer	Miscellaneous	14990	ιεροποιοι	1
54329	ἱερεύς 	ιερευς 	Priest, sacrificer	Miscellaneous	14990	ιερευς 	1
54330	ἱεροποιός	ιεροποιος	Sacrificer	Miscellaneous	14990	ιεροποιοι	1
54332	ἱεροποιός	ιεροποιος	Sacrificer	Miscellaneous	14990	ιεροποιοι	1
54333	ἱεροποιός	ιεροποιος	Sacrificer	Miscellaneous	14990	ιεροποιοι	1
54334	ἱεροποιός	ιεροποιος	Sacrificer	Miscellaneous	14990	ιεροποιοι	1
54335	ἱεροποιός	ιεροποιος	Sacrificer	Miscellaneous	14990	ιεροποιοι	1
54335	ἱερεύς 	ιερευς 	Priest, sacrificer	Miscellaneous	14990	ιερευς 	1
54336	ἱερεύς 	ιερευς 	Priest, sacrificer	Miscellaneous	14990	ιερευς 	1
54337	γραμματεύς	γραμματευς	Scribe	Writing and the Book Trade	30120	γραμματευς	1
54338	ἱεροποιός	ιεροποιος	Sacrificer	Miscellaneous	14990	ιεροποιοι	1
54341	ἱεροποιός	ιεροποιος	Sacrificer	Miscellaneous	14990	ιεροποιοι	1
54342	ἱεροποιός	ιεροποιος	Sacrificer	Miscellaneous	14990	ιεροποιοι	1
54344	γραμματεύς	γραμματευς	Scribe	Writing and the Book Trade	30120	γραμματευς	1
54344	ἱεροποιός	ιεροποιος	Sacrificer	Miscellaneous	14990	ιεροποιοι	1
54345	γραμματεύς	γραμματευς	Scribe	Writing and the Book Trade	30120	γραμματευς	1
54345	ἱεροποιός	ιεροποιος	Sacrificer	Miscellaneous	14990	ιεροποιοι	1
54349	ἱεροποιός	ιεροποιος	Sacrificer	Miscellaneous	14990	ιεροποιοι	1
54351	ἱεροποιός	ιεροποιος	Sacrificer	Miscellaneous	14990	ιεροποιοι	1
54353	ἱεροποιός	ιεροποιος	Sacrificer	Miscellaneous	14990	ιεροποιοι	1
54354	ἱεροποιός	ιεροποιος	Sacrificer	Miscellaneous	14990	ιεροποιοι	1
54355	γραμματεύς	γραμματευς	Scribe	Writing and the Book Trade	30120	γραμματευς	1
54379	γραμματεύς	γραμματευς	Scribe	Writing and the Book Trade	30120	γραμματευς|γραμματεως	2
54379	ἱεροποιός	ιεροποιος	Sacrificer	Miscellaneous	14990	ιεροποιου	1
54385	ἱερεύς 	ιερευς 	Priest, sacrificer	Miscellaneous	14990	ιερευς 	1
54396	χαλκεύς	χαλκευς	Smith	Metalwork	72110	χαλκεα	1
54396	ἱεροποιός	ιεροποιος	Sacrificer	Miscellaneous	14990	ιεροποιον	1
54397	γραμματεύς	γραμματευς	Scribe	Writing and the Book Trade	30120	γραμματεις|γραμματευς	2
54397	ἱερεύς 	ιερευς 	Priest, sacrificer	Miscellaneous	14990	ιερευς 	1
54418	γραμματεύς	γραμματευς	Scribe	Writing and the Book Trade	30120	γραμματευς	1
54418	ἱεροποιός	ιεροποιος	Sacrificer	Miscellaneous	14990	ιεροποιος|ιεροποιων	2
54456	ἱερεύς 	ιερευς 	Priest, sacrificer	Miscellaneous	14990	ιερευς 	1
54457	ἱερεύς 	ιερευς 	Priest, sacrificer	Miscellaneous	14990	ιερευς 	1
54458	ἱεροποιός	ιεροποιος	Sacrificer	Miscellaneous	14990	ιεροποιοι	1
54459	ἱερεύς 	ιερευς 	Priest, sacrificer	Miscellaneous	14990	ιερευς 	1
54460	ἱεροποιός	ιεροποιος	Sacrificer	Miscellaneous	14990	ιεροποιοι	1
54461	ἱερεύς 	ιερευς 	Priest, sacrificer	Miscellaneous	14990	ιερευς 	1
54463	ἱεροποιός	ιεροποιος	Sacrificer	Miscellaneous	14990	ιεροποιοι	1
54464	ἱεροποιός	ιεροποιος	Sacrificer	Miscellaneous	14990	ιεροποιοι	1
54531	ἱερεύς 	ιερευς 	Priest, sacrificer	Miscellaneous	14990	ιερευς 	1
54533	ἱερεύς 	ιερευς 	Priest, sacrificer	Miscellaneous	14990	ιερευς 	1
54536	ἱερεύς 	ιερευς 	Priest, sacrificer	Miscellaneous	14990	ιερευς 	1
54541	ἱεροποιός	ιεροποιος	Sacrificer	Miscellaneous	14990	ιεροποιοι	1
54542	ἱεροποιός	ιεροποιος	Sacrificer	Miscellaneous	14990	ιεροποιοι	1
54544	ἱεροποιός	ιεροποιος	Sacrificer	Miscellaneous	14990	ιεροποιοι	1
54559	ὑπηρετής	υπηρετης	Architect’s assistant	Construction	95990	υπηρετας	1
54574	γραμματεύς	γραμματευς	Scribe	Writing and the Book Trade	30120	γραμματευς	1
54593	γραμματεύς	γραμματευς	Scribe	Writing and the Book Trade	30120	γραμματευς	1
54797	γραμματεύς	γραμματευς	Scribe	Writing and the Book Trade	30120	γραμματει	1
54798	γραμματεύς	γραμματευς	Scribe	Writing and the Book Trade	30120	γραμματει	1
54799	γραμματεύς	γραμματευς	Scribe	Writing and the Book Trade	30120	γραμματεα	1
54800	γραμματεύς	γραμματευς	Scribe	Writing and the Book Trade	30120	γραμματει	1
54801	γραμματεύς	γραμματευς	Scribe	Writing and the Book Trade	30120	γραμματει	1
54803	γραμματεύς	γραμματευς	Scribe	Writing and the Book Trade	30120	γραμματει	1
54804	γραμματεύς	γραμματευς	Scribe	Writing and the Book Trade	30120	γραμματευς	1
54805	γραμματεύς	γραμματευς	Scribe	Writing and the Book Trade	30120	γραμματευς	1
54807	γραμματεύς	γραμματευς	Scribe	Writing and the Book Trade	30120	γραμματευς	1
54810	γραμματεύς	γραμματευς	Scribe	Writing and the Book Trade	30120	γραμματευς	1
54813	γραμματεύς	γραμματευς	Scribe	Writing and the Book Trade	30120	γραμματει	1
54814	γραμματεύς	γραμματευς	Scribe	Writing and the Book Trade	30120	γραμματει	1
54815	γραμματεύς	γραμματευς	Scribe	Writing and the Book Trade	30120	γραμματει	1
54818	γραμματεύς	γραμματευς	Scribe	Writing and the Book Trade	30120	γραμματευς	1
54819	γραμματεύς	γραμματευς	Scribe	Writing and the Book Trade	30120	γραμματευς	1
54836	γραμματεύς	γραμματευς	Scribe	Writing and the Book Trade	30120	γραμματει	1
54837	γραμματεύς	γραμματευς	Scribe	Writing and the Book Trade	30120	γραμματεα	1
54841	ἱππικός	ιππικος	Riding trainer	Education and Training	18190	ιππικον	1
54841	μουσικός	μουσικος	Musician	Drama and Entertainment	17320	μουσικον	1
55095	γραμματεύς	γραμματευς	Scribe	Writing and the Book Trade	30120	γραμματεως	1
55096	γραμματεύς	γραμματευς	Scribe	Writing and the Book Trade	30120	γραμματεως	1
55191	ναύκληρος	ναυκληρος	Shipmaster	Seafaring/Maritime	98110	ναυκληρος	1
55200	γραμματεύς	γραμματευς	Scribe	Writing and the Book Trade	30120	γραμματευς	1
55223	ναύκληρος	ναυκληρος	Shipmaster	Seafaring/Maritime	98110	ναυκληρος	1
55237	γεωμέτρης	γεωμετρης	Surveyor	Construction	6145	γεωμετραι	1
55237	γραμματιστής	γραμματιστης	Elementary school teacher	Education and Training	13130	γραμματιστα	1
55237	χαλκεύς	χαλκευς	Smith	Metalwork	72110	χαλκεας	1
55238	γεωμέτρης	γεωμετρης	Surveyor	Construction	6145	γεωμετραι	1
55238	γραμματιστής	γραμματιστης	Elementary school teacher	Education and Training	13130	γραμματιστα	1
55238	χαλκεύς	χαλκευς	Smith	Metalwork	72110	χαλκεας	1
55269	ἱππικός	ιππικος	Riding trainer	Education and Training	18190	ιππικοις	1
55296	γραμματεύς	γραμματευς	Scribe	Writing and the Book Trade	30120	γραμματεις	1
55908	κεραμεύς	κεραμευς	Potter	Ceramics	89120	κεραμευς	1
56019	ὑπηρετής	υπηρετης	Architect’s assistant	Construction	95990	υπηρετων	1
56027	ἰατρός	ιατρος	Doctor	Miscellaneous	6110	ιατρον	1
56028	ἰατρός	ιατρος	Doctor	Miscellaneous	6110	ιατρος	1
56029	μουσικός	μουσικος	Musician	Drama and Entertainment	17320	μουσικου	1
56029	ἰατρός	ιατρος	Doctor	Miscellaneous	6110	ιατρος	1
56033	ἰατρός	ιατρος	Doctor	Miscellaneous	6110	ιατρος	1
56046	ἰατρός	ιατρος	Doctor	Miscellaneous	6110	ιατρον	1
56059	διδάσκαλος	διδασκαλος	Teacher	Education and Training	13130	διδασκαλος|διδασκαλου	2
56059	ὑπηρετής	υπηρετης	Architect’s assistant	Construction	95990	υπηρετας|υπηρετων	2
56059	ἰατρός	ιατρος	Doctor	Miscellaneous	6110	ιατρον|ιατρος	2
56061	γραμματεύς	γραμματευς	Scribe	Writing and the Book Trade	30120	γραμματεα	1
56070	ἱερεύς 	ιερευς 	Priest, sacrificer	Miscellaneous	14990	ιερευς 	1
56105	ἰατρός	ιατρος	Doctor	Miscellaneous	6110	ιατρος	1
56111	γραμματεύς	γραμματευς	Scribe	Writing and the Book Trade	30120	γραμματεα	1
56117	γραμματεύς	γραμματευς	Scribe	Writing and the Book Trade	30120	γραμματευς	1
56131	μουσικός	μουσικος	Musician	Drama and Entertainment	17320	μουσικοις	1
56131	γραμματεύς	γραμματευς	Scribe	Writing and the Book Trade	30120	γραμματεα	1
56166	γραμματεύς	γραμματευς	Scribe	Writing and the Book Trade	30120	γραμματεα	1
56213	ἰατρός	ιατρος	Doctor	Miscellaneous	6110	ιατρον|ιατρου	2
56214	γραμματεύς	γραμματευς	Scribe	Writing and the Book Trade	30120	γραμματεα	1
56218	γραμματικός	γραμματικος	Grammarian	Literature and Scholarship	13920	γραμματικος	1
56223	ἰατρός	ιατρος	Doctor	Miscellaneous	6110	ιατρος	1
56286	γραμματεύς	γραμματευς	Scribe	Writing and the Book Trade	30120	γραμματεας	1
56299	γραμματεύς	γραμματευς	Scribe	Writing and the Book Trade	30120	γραμματεα	1
56325	γραμματεύς	γραμματευς	Scribe	Writing and the Book Trade	30120	γραμματευς	1
56327	γραμματεύς	γραμματευς	Scribe	Writing and the Book Trade	30120	γραμματευς	1
56350	ἡνίοχος	ηνιοχος	charioteer	Transport	98510	ηνιοχος	1
56353	κεραμεύς	κεραμευς	Potter	Ceramics	89120	κεραμει	1
56382	ἰατρός	ιατρος	Doctor	Miscellaneous	6110	ιατρω	1
56383	ἰατρός	ιατρος	Doctor	Miscellaneous	6110	ιατρω	1
56622	γραμματεύς	γραμματευς	Scribe	Writing and the Book Trade	30120	γραμματευς	1
56637	γραμματεύς	γραμματευς	Scribe	Writing and the Book Trade	30120	γραμματευς	1
56770	ἱερεύς 	ιερευς 	Priest, sacrificer	Miscellaneous	14990	ιερευς 	1
56777	γραμματεύς	γραμματευς	Scribe	Writing and the Book Trade	30120	γραμματεως	1
56785	ἰατρός	ιατρος	Doctor	Miscellaneous	6110	ιατρον|ιατρος	2
56956	βούκολος	βουκολος	Cowherd	Agriculture, Animal Husbandry	61110	βουκολος	1
56956	κεραμεύς	κεραμευς	Potter	Ceramics	89120	κεραμευς	1
56974	κιθαριστής	κιθαριστης	Kithara teacher/player	Education and Training	13920	κιθαριστας	1
57103	ἡνίοχος	ηνιοχος	charioteer	Transport	98510	ηνιοχων	1
57293	ἀρχιτέκτων	αρχιτεκτων	Architect	Construction	2120	αρχιτεκτων	1
57297	γραμματεύς	γραμματευς	Scribe	Writing and the Book Trade	30120	γραμματει	1
57363	ποιητής	ποιητης	Maker, poet	Literature and Scholarship	17150	ποιητων	1
57624	ἰατρός	ιατρος	Doctor	Miscellaneous	6110	ιατρον|ιατρος|ιατρω	3
57701	χρυσόχοος	χρυσοχοος	Goldsmith	Metalwork	72110	χρυσοχοος	1
57716	γραμματεύς	γραμματευς	Scribe	Writing and the Book Trade	30120	γραμματευς	1
57774	σοφιστής	σοφιστης	Philosopher/sophist	Education and Training	19190	σοφιστης	1
57963	ἰατρός	ιατρος	Doctor	Miscellaneous	6110	ιατρον	1
58111	ἰατρός	ιατρος	Doctor	Miscellaneous	6110	ιατρω	1
58585	ἡνίοχος	ηνιοχος	charioteer	Transport	98510	ηνιοχος	1
58688	γραμματεύς	γραμματευς	Scribe	Writing and the Book Trade	30120	γραμματευς	1
58689	γραμματεύς	γραμματευς	Scribe	Writing and the Book Trade	30120	γραμματευς	1
58698	γραμματεύς	γραμματευς	Scribe	Writing and the Book Trade	30120	γραμματευς	1
58742	χρυσόχοος	χρυσοχοος	Goldsmith	Metalwork	72110	χρυσοχοω	1
58819	γραμματεύς	γραμματευς	Scribe	Writing and the Book Trade	30120	γραμματευς	1
58902	σοφιστής	σοφιστης	Philosopher/sophist	Education and Training	19190	σοφιστην	1
59060	χαλκεύς	χαλκευς	Smith	Metalwork	72110	χαλκευς	1
59210	γραμματεύς	γραμματευς	Scribe	Writing and the Book Trade	30120	γραμματει	1
59437	ναύκληρος	ναυκληρος	Shipmaster	Seafaring/Maritime	98110	ναυκληρος	1
59448	ἀρτοκόπος	αρτοκοπος	Baker	Food Preparation and Retail	53120	αρτοκοπου	1
59582	γραμματεύς	γραμματευς	Scribe	Writing and the Book Trade	30120	γραμματεα	1
59583	γραμματεύς	γραμματευς	Scribe	Writing and the Book Trade	30120	γραμματεα	1
59585	γραμματεύς	γραμματευς	Scribe	Writing and the Book Trade	30120	γραμματεα	1
59645	γραμματεύς	γραμματευς	Scribe	Writing and the Book Trade	30120	γραμματεων	1
59646	γραμματεύς	γραμματευς	Scribe	Writing and the Book Trade	30120	γραμματει	1
59662	παιδοτρίβης	παιδοτριβης	Physical trainer	Education and Training	18190	παιδοτριβης	1
59672	ἱερεύς 	ιερευς 	Priest, sacrificer	Miscellaneous	14990	ιερευς 	1
59675	γραμματεύς	γραμματευς	Scribe	Writing and the Book Trade	30120	γραμματεα	1
59939	ἱερεύς 	ιερευς 	Priest, sacrificer	Miscellaneous	14990	ιερευς 	1
60078	μουσικός	μουσικος	Musician	Drama and Entertainment	17320	μουσικους	1
60082	ἱερεύς 	ιερευς 	Priest, sacrificer	Miscellaneous	14990	ιερευς 	1
60083	κεραμεύς	κεραμευς	Potter	Ceramics	89120	κεραμεων	1
60083	χαλκεύς	χαλκευς	Smith	Metalwork	72110	χαλκεων	1
60083	ἰατρός	ιατρος	Doctor	Miscellaneous	6110	ιατροις	1
60087	ἰατρός	ιατρος	Doctor	Miscellaneous	6110	ιατροι	1
60087	ἱεροποιός	ιεροποιος	Sacrificer	Miscellaneous	14990	ιεροποιος	1
60087	ἱερεύς 	ιερευς 	Priest, sacrificer	Miscellaneous	14990	ιερευς 	1
60090	διδάσκαλος	διδασκαλος	Teacher	Education and Training	13130	διδασκαλων	1
60091	ἱερεύς 	ιερευς 	Priest, sacrificer	Miscellaneous	14990	ιερευς 	1
60118	ἱεροποιός	ιεροποιος	Sacrificer	Miscellaneous	14990	ιεροποιοι	1
60118	ἱερεύς 	ιερευς 	Priest, sacrificer	Miscellaneous	14990	ιερευς 	1
60120	ἱεροποιός	ιεροποιος	Sacrificer	Miscellaneous	14990	ιεροποιοι|ιεροποιοις	2
60120	ἱερεύς 	ιερευς 	Priest, sacrificer	Miscellaneous	14990	ιερευς 	1
60121	ἱερεύς 	ιερευς 	Priest, sacrificer	Miscellaneous	14990	ιερευς 	1
60244	παιδοτρίβης	παιδοτριβης	Physical trainer	Education and Training	18190	παιδοτριβης	1
60312	γραμματεύς	γραμματευς	Scribe	Writing and the Book Trade	30120	γραμματεα	1
60339	πένταθλος	πενταθλος	Pentathlete	Sports and Competition	18990	πενταθλον|πενταθλος	2
60340	κιθαριστής	κιθαριστης	Kithara teacher/player	Education and Training	13920	κιθαριστας	1
60340	πένταθλος	πενταθλος	Pentathlete	Sports and Competition	18990	πενταθλον	1
60365	ἱερεύς 	ιερευς 	Priest, sacrificer	Miscellaneous	14990	ιερευς 	1
60481	ἱερεύς 	ιερευς 	Priest, sacrificer	Miscellaneous	14990	ιερευς 	1
60494	γραμματεύς	γραμματευς	Scribe	Writing and the Book Trade	30120	γραμματεα	1
60495	γραμματεύς	γραμματευς	Scribe	Writing and the Book Trade	30120	γραμματευς	1
60496	γραμματεύς	γραμματευς	Scribe	Writing and the Book Trade	30120	γραμματεα	1
60500	ἱερεύς 	ιερευς 	Priest, sacrificer	Miscellaneous	14990	ιερευς 	1
60550	ἱερεύς 	ιερευς 	Priest, sacrificer	Miscellaneous	14990	ιερευς 	1
60571	κεραμεύς	κεραμευς	Potter	Ceramics	89120	κεραμευς	1
60642	ἰατρός	ιατρος	Doctor	Miscellaneous	6110	ιατρος	1
60679	κεραμεύς	κεραμευς	Potter	Ceramics	89120	κεραμευς	1
60680	κεραμεύς	κεραμευς	Potter	Ceramics	89120	κεραμευς	1
60681	κεραμεύς	κεραμευς	Potter	Ceramics	89120	κεραμευς	1
60685	κεραμεύς	κεραμευς	Potter	Ceramics	89120	κεραμευς	1
60686	κεραμεύς	κεραμευς	Potter	Ceramics	89120	κεραμευς	1
60695	κεραμεύς	κεραμευς	Potter	Ceramics	89120	κεραμευς	1
60714	κεραμεύς	κεραμευς	Potter	Ceramics	89120	κεραμευς	1
60721	κεραμεύς	κεραμευς	Potter	Ceramics	89120	κεραμευς	1
60723	κεραμεύς	κεραμευς	Potter	Ceramics	89120	κεραμευς	1
60724	κεραμεύς	κεραμευς	Potter	Ceramics	89120	κεραμευς	1
60733	κεραμεύς	κεραμευς	Potter	Ceramics	89120	κεραμευς	1
60735	κεραμεύς	κεραμευς	Potter	Ceramics	89120	κεραμευς	1
60736	κεραμεύς	κεραμευς	Potter	Ceramics	89120	κεραμευς	1
60737	κεραμεύς	κεραμευς	Potter	Ceramics	89120	κεραμευς	1
60739	κεραμεύς	κεραμευς	Potter	Ceramics	89120	κεραμευς	1
60740	κεραμεύς	κεραμευς	Potter	Ceramics	89120	κεραμευς	1
60741	κεραμεύς	κεραμευς	Potter	Ceramics	89120	κεραμευς	1
60744	κεραμεύς	κεραμευς	Potter	Ceramics	89120	κεραμευς	1
60746	κεραμεύς	κεραμευς	Potter	Ceramics	89120	κεραμευς	1
60749	κεραμεύς	κεραμευς	Potter	Ceramics	89120	κεραμευς	1
60750	κεραμεύς	κεραμευς	Potter	Ceramics	89120	κεραμευς	1
60751	κεραμεύς	κεραμευς	Potter	Ceramics	89120	κεραμευς	1
60754	κεραμεύς	κεραμευς	Potter	Ceramics	89120	κεραμευς	1
60755	κεραμεύς	κεραμευς	Potter	Ceramics	89120	κεραμευς	1
60756	κεραμεύς	κεραμευς	Potter	Ceramics	89120	κεραμευς	1
60757	κεραμεύς	κεραμευς	Potter	Ceramics	89120	κεραμευς	1
60759	κεραμεύς	κεραμευς	Potter	Ceramics	89120	κεραμευς	1
60764	κεραμεύς	κεραμευς	Potter	Ceramics	89120	κεραμευς	1
60765	κεραμεύς	κεραμευς	Potter	Ceramics	89120	κεραμευς	1
60766	κεραμεύς	κεραμευς	Potter	Ceramics	89120	κεραμευς	1
60767	κεραμεύς	κεραμευς	Potter	Ceramics	89120	κεραμευς	1
60770	κεραμεύς	κεραμευς	Potter	Ceramics	89120	κεραμευς	1
60771	κεραμεύς	κεραμευς	Potter	Ceramics	89120	κεραμευς	1
60775	κεραμεύς	κεραμευς	Potter	Ceramics	89120	κεραμευς	1
60776	κεραμεύς	κεραμευς	Potter	Ceramics	89120	κεραμευς	1
60786	κεραμεύς	κεραμευς	Potter	Ceramics	89120	κεραμευς	1
60791	κεραμεύς	κεραμευς	Potter	Ceramics	89120	κεραμευς	1
60799	κεραμεύς	κεραμευς	Potter	Ceramics	89120	κεραμευς	1
60803	κεραμεύς	κεραμευς	Potter	Ceramics	89120	κεραμευς	1
60808	κεραμεύς	κεραμευς	Potter	Ceramics	89120	κεραμευς	1
60810	κεραμεύς	κεραμευς	Potter	Ceramics	89120	κεραμευς	1
60869	κεραμεύς	κεραμευς	Potter	Ceramics	89120	κεραμευς	1
60881	κεραμεύς	κεραμευς	Potter	Ceramics	89120	κεραμευς	1
60891	κεραμεύς	κεραμευς	Potter	Ceramics	89120	κεραμευς	1
60911	κεραμεύς	κεραμευς	Potter	Ceramics	89120	κεραμευς	1
60913	κεραμεύς	κεραμευς	Potter	Ceramics	89120	κεραμευς	1
60914	κεραμεύς	κεραμευς	Potter	Ceramics	89120	κεραμευς	1
60941	κεραμεύς	κεραμευς	Potter	Ceramics	89120	κεραμευς	1
60949	κεραμεύς	κεραμευς	Potter	Ceramics	89120	κεραμευς	1
60961	κεραμεύς	κεραμευς	Potter	Ceramics	89120	κεραμευς	1
60962	κεραμεύς	κεραμευς	Potter	Ceramics	89120	κεραμευς	1
60968	κεραμεύς	κεραμευς	Potter	Ceramics	89120	κεραμευς	1
60969	κεραμεύς	κεραμευς	Potter	Ceramics	89120	κεραμευς	1
60979	κεραμεύς	κεραμευς	Potter	Ceramics	89120	κεραμευς	1
60981	κεραμεύς	κεραμευς	Potter	Ceramics	89120	κεραμευς	1
61055	ἰατρός	ιατρος	Doctor	Miscellaneous	6110	ιατρου	1
61115	γραμματεύς	γραμματευς	Scribe	Writing and the Book Trade	30120	γραμματεως	1
61244	ἱπποδρόμος	ιπποδρομος	Charioteer	Sports and Competition	18990	ιπποδρομου	1
61245	ἱπποδρόμος	ιπποδρομος	Charioteer	Sports and Competition	18990	ιπποδρομου	1
61260	γραμματεύς	γραμματευς	Scribe	Writing and the Book Trade	30120	γραμματευς	1
62604	γραφεύς	γραφευς	Scrivener/copyist	Writing and the Book Trade	30120	γραφεα	1
62648	γραμματεύς	γραμματευς	Scribe	Writing and the Book Trade	30120	γραμματεως	1
62649	θεατής	θεατης	Spectator	Drama and Entertainment	17990	θεατων	1
62651	ἱππικός	ιππικος	Riding trainer	Education and Training	18190	ιππικου	1
62651	κιθαριστής	κιθαριστης	Kithara teacher/player	Education and Training	13920	κιθαρισται	1
62651	πένταθλος	πενταθλος	Pentathlete	Sports and Competition	18990	πενταθλος	1
62654	γραμματεύς	γραμματευς	Scribe	Writing and the Book Trade	30120	γραμματευς	1
62656	γραμματεύς	γραμματευς	Scribe	Writing and the Book Trade	30120	γραμματευς	1
62658	ἀρχιτέκτων	αρχιτεκτων	Architect	Construction	2120	αρχιτεκτων	1
62658	γραμματεύς	γραμματευς	Scribe	Writing and the Book Trade	30120	γραμματευς	1
62658	ἰατρός	ιατρος	Doctor	Miscellaneous	6110	ιατρος	1
62660	γραμματεύς	γραμματευς	Scribe	Writing and the Book Trade	30120	γραμματευς	1
62665	γραμματεύς	γραμματευς	Scribe	Writing and the Book Trade	30120	γραμματευς	1
62670	γραμματεύς	γραμματευς	Scribe	Writing and the Book Trade	30120	γραμματευς	1
62673	περιηγητής	περιηγητης	Traveler	Exploration and Travel	43190	περιηγητης	1
62674	ἀρτοκόπος	αρτοκοπος	Baker	Food Preparation and Retail	53120	αρτοκοπος	1
62676	γραμματεύς	γραμματευς	Scribe	Writing and the Book Trade	30120	γραμματευς	1
62678	γραμματεύς	γραμματευς	Scribe	Writing and the Book Trade	30120	γραμματευς	1
62679	περιηγητής	περιηγητης	Traveler	Exploration and Travel	43190	περιηγητης	1
62679	γραμματεύς	γραμματευς	Scribe	Writing and the Book Trade	30120	γραμματευς	1
62680	γραμματεύς	γραμματευς	Scribe	Writing and the Book Trade	30120	γραμματευς	1
62681	γραμματεύς	γραμματευς	Scribe	Writing and the Book Trade	30120	γραμματευς	1
62687	γραμματεύς	γραμματευς	Scribe	Writing and the Book Trade	30120	γραμματευς	1
62689	γραμματεύς	γραμματευς	Scribe	Writing and the Book Trade	30120	γραμματευς	1
62696	γραμματεύς	γραμματευς	Scribe	Writing and the Book Trade	30120	γραμματευς	1
62699	γραμματεύς	γραμματευς	Scribe	Writing and the Book Trade	30120	γραμματευς	1
62700	γραμματεύς	γραμματευς	Scribe	Writing and the Book Trade	30120	γραμματευς	1
62701	γραμματεύς	γραμματευς	Scribe	Writing and the Book Trade	30120	γραμματευς	1
62702	γραμματεύς	γραμματευς	Scribe	Writing and the Book Trade	30120	γραμματευς	1
62704	γραμματεύς	γραμματευς	Scribe	Writing and the Book Trade	30120	γραμματευς	1
62707	περιηγητής	περιηγητης	Traveler	Exploration and Travel	43190	περιηγηται	1
62707	γραμματεύς	γραμματευς	Scribe	Writing and the Book Trade	30120	γραμματευς	1
62714	γραμματεύς	γραμματευς	Scribe	Writing and the Book Trade	30120	γραμματευς	1
62717	περιηγητής	περιηγητης	Traveler	Exploration and Travel	43190	περιηγηται	1
62718	γραμματεύς	γραμματευς	Scribe	Writing and the Book Trade	30120	γραμματευς	1
62719	γραμματεύς	γραμματευς	Scribe	Writing and the Book Trade	30120	γραμματευς	1
62773	πένταθλος	πενταθλος	Pentathlete	Sports and Competition	18990	πενταθλον	1
62838	πένταθλος	πενταθλος	Pentathlete	Sports and Competition	18990	πενταθλος	1
63027	γραμματεύς	γραμματευς	Scribe	Writing and the Book Trade	30120	γραμματεα	1
63030	γραμματεύς	γραμματευς	Scribe	Writing and the Book Trade	30120	γραμματεα	1
63050	φιλόσοφος	φιλοσοφος	Philosopher/sophist	Education and Training	19190	φιλοσοφον	1
63061	σοφιστής	σοφιστης	Philosopher/sophist	Education and Training	19190	σοφιστης	1
63073	σοφιστής	σοφιστης	Philosopher/sophist	Education and Training	19190	σοφιστην	1
63311	ὁπλομάχος	οπλομαχος	Weapons trainer	Education and Training	18190	οπλομαχος	1
63634	γραφεύς	γραφευς	Scrivener/copyist	Writing and the Book Trade	30120	γραφεα	1
63638	γραμματεύς	γραμματευς	Scribe	Writing and the Book Trade	30120	γραμματεα|γραμματευς	2
63638	ἱερεύς 	ιερευς 	Priest, sacrificer	Miscellaneous	14990	ιερευς 	1
63641	γραμματεύς	γραμματευς	Scribe	Writing and the Book Trade	30120	γραμματει	1
63801	γραφεύς	γραφευς	Scrivener/copyist	Writing and the Book Trade	30120	γραφεας	1
63818	γραφεύς	γραφευς	Scrivener/copyist	Writing and the Book Trade	30120	γραφεας	1
63861	πένταθλος	πενταθλος	Pentathlete	Sports and Competition	18990	πενταθλος	1
64303	γραμματεύς	γραμματευς	Scribe	Writing and the Book Trade	30120	γραμματει	1
64310	ἱεροποιός	ιεροποιος	Sacrificer	Miscellaneous	14990	ιεροποιων	1
64319	ἱεροποιός	ιεροποιος	Sacrificer	Miscellaneous	14990	ιεροποιον	1
64361	κιθαριστής	κιθαριστης	Kithara teacher/player	Education and Training	13920	κιθαριστας	1
64366	ἱεροποιός	ιεροποιος	Sacrificer	Miscellaneous	14990	ιεροποιους	1
64375	σκαφεύς	σκαφευς	Digger	Agriculture, Animal Husbandry	62990	σκαφεων	1
64404	ἱεροποιός	ιεροποιος	Sacrificer	Miscellaneous	14990	ιεροποιοις	1
64480	γραμματιστής	γραμματιστης	Elementary school teacher	Education and Training	13130	γραμματιστα	1
64517	ἱεροποιός	ιεροποιος	Sacrificer	Miscellaneous	14990	ιεροποιων	1
64518	ἱεροποιός	ιεροποιος	Sacrificer	Miscellaneous	14990	ιεροποιοις|ιεροποιον	2
64519	ἱεροποιός	ιεροποιος	Sacrificer	Miscellaneous	14990	ιεροποιων	1
64522	ἱερεύς 	ιερευς 	Priest, sacrificer	Miscellaneous	14990	ιερευς 	1
64527	ἱεροποιός	ιεροποιος	Sacrificer	Miscellaneous	14990	ιεροποιον	1
64531	ἱερεύς 	ιερευς 	Priest, sacrificer	Miscellaneous	14990	ιερευς 	1
64544	ἱππικός	ιππικος	Riding trainer	Education and Training	18190	ιππικον	1
64596	ἱερεύς 	ιερευς 	Priest, sacrificer	Miscellaneous	14990	ιερευς 	1
64605	ἱερεύς 	ιερευς 	Priest, sacrificer	Miscellaneous	14990	ιερευς 	1
64617	γραμματεύς	γραμματευς	Scribe	Writing and the Book Trade	30120	γραμματευς	1
64652	ἱερεύς 	ιερευς 	Priest, sacrificer	Miscellaneous	14990	ιερευς 	1
64677	ἱερεύς 	ιερευς 	Priest, sacrificer	Miscellaneous	14990	ιερευς 	1
64725	γεωργός	γεωργος	Farmer	Agriculture, Animal Husbandry	61110	γεωργων	1
64726	γραμματεύς	γραμματευς	Scribe	Writing and the Book Trade	30120	γραμματευς	1
64727	γραμματεύς	γραμματευς	Scribe	Writing and the Book Trade	30120	γραμματευς	1
64860	ἰατρός	ιατρος	Doctor	Miscellaneous	6110	ιατρου	1
64924	ἡνίοχος	ηνιοχος	charioteer	Transport	98510	ηνιοχος	1
65096	ἰατρός	ιατρος	Doctor	Miscellaneous	6110	ιατρου	1
65119	ἰατρός	ιατρος	Doctor	Miscellaneous	6110	ιατρου	1
65194	ἰατρός	ιατρος	Doctor	Miscellaneous	6110	ιατρος	1
65277	ἰατρός	ιατρος	Doctor	Miscellaneous	6110	ιατρος	1
65326	τέκτων	τεκτων	Carpenter/joiner	Woodwork	95110	τεκτων	1
65343	ἔμπορος	εμπορος	Maritime trader	Seafaring/Maritime	41110	εμπορου	1
65433	ἰατρός	ιατρος	Doctor	Miscellaneous	6110	ιατρος	1
65498	γραμματεύς	γραμματευς	Scribe	Writing and the Book Trade	30120	γραμματεις	1
65501	γεωργός	γεωργος	Farmer	Agriculture, Animal Husbandry	61110	γεωργοις|γεωργους	2
65560	παιδοτρίβης	παιδοτριβης	Physical trainer	Education and Training	18190	παιδοτριβης	1
65565	μυροπώλης	μυροπωλης	Perfume seller	Perfumes, Aromatics, and Nostrums	45190	μυροπωλης	1
65565	μυρόπωλις	μυροπωλις	Perfume seller	Perfumes, Aromatics, and Nostrums	45190	μυροπωλης	1
65572	βούκολος	βουκολος	Cowherd	Agriculture, Animal Husbandry	61110	βουκολοι	1
65626	χρυσόχοος	χρυσοχοος	Goldsmith	Metalwork	72110	χρυσοχοος	1
65688	γραφεύς	γραφευς	Scrivener/copyist	Writing and the Book Trade	30120	γραφει	1
65702	ἰατρός	ιατρος	Doctor	Miscellaneous	6110	ιατρου	1
65804	χαλκεύς	χαλκευς	Smith	Metalwork	72110	χαλκευς	1
65814	χαλκεύς	χαλκευς	Smith	Metalwork	72110	χαλκευς	1
65847	ἰατρός	ιατρος	Doctor	Miscellaneous	6110	ιατρος	1
65980	γραμματικός	γραμματικος	Grammarian	Literature and Scholarship	13920	γραμματικου	1
65987	οἰκοδομος	οικοδομος	Builder	Construction	95110	οικοδομου	1
65996	οἰκοδομος	οικοδομος	Builder	Construction	95110	οικοδομου	1
66050	κεραμεύς	κεραμευς	Potter	Ceramics	89120	κεραμευς	1
66073	τέκτων	τεκτων	Carpenter/joiner	Woodwork	95110	τεκτον	1
66150	ἰατρός	ιατρος	Doctor	Miscellaneous	6110	ιατρος	1
66211	οἰκοδομος	οικοδομος	Builder	Construction	95110	οικοδομοι	1
66331	ἰατρός	ιατρος	Doctor	Miscellaneous	6110	ιατρος	1
66352	γραμματεύς	γραμματευς	Scribe	Writing and the Book Trade	30120	γραμματεως	1
66354	ναύκληρος	ναυκληρος	Shipmaster	Seafaring/Maritime	98110	ναυκληρου	1
66359	γραμματεύς	γραμματευς	Scribe	Writing and the Book Trade	30120	γραμματεως	1
66366	γραμματεύς	γραμματευς	Scribe	Writing and the Book Trade	30120	γραμματει|γραμματεως	2
66371	γεωργός	γεωργος	Farmer	Agriculture, Animal Husbandry	61110	γεωργων	1
66419	ἱεροποιός	ιεροποιος	Sacrificer	Miscellaneous	14990	ιεροποιος	1
66423	τέκτων	τεκτων	Carpenter/joiner	Woodwork	95110	τεκτονων	1
66423	ἱερεύς 	ιερευς 	Priest, sacrificer	Miscellaneous	14990	ιερευς 	1
66424	ἰατρός	ιατρος	Doctor	Miscellaneous	6110	ιατρος	1
66426	ἱερεύς 	ιερευς 	Priest, sacrificer	Miscellaneous	14990	ιερευς 	1
66437	ῥήτωρ	ρητωρ	Orator	Literature and Scholarship	17150	ρητωρ	1
66443	ναύκληρος	ναυκληρος	Shipmaster	Seafaring/Maritime	98110	ναυκληρος	1
66456	γραμματεύς	γραμματευς	Scribe	Writing and the Book Trade	30120	γραμματευς	1
66467	ἰατρός	ιατρος	Doctor	Miscellaneous	6110	ιατρος	1
66508	χαλκεύς	χαλκευς	Smith	Metalwork	72110	χαλκευς	1
66510	ἀρχιτέκτων	αρχιτεκτων	Architect	Construction	2120	αρχιτεκτων	1
66515	ἀρχιτέκτων	αρχιτεκτων	Architect	Construction	2120	αρχιτεκτονος	1
66533	ἰατρός	ιατρος	Doctor	Miscellaneous	6110	ιατροι	1
66544	μυρεψός	μυρεψος	Perfume boiler	Perfumes, Aromatics, and Nostrums	6390	μυρεψος	1
66557	ἱερεύς 	ιερευς 	Priest, sacrificer	Miscellaneous	14990	ιερευς 	1
66558	ἱερεύς 	ιερευς 	Priest, sacrificer	Miscellaneous	14990	ιερευς 	1
66559	ἱερεύς 	ιερευς 	Priest, sacrificer	Miscellaneous	14990	ιερευς 	1
66562	τέκτων	τεκτων	Carpenter/joiner	Woodwork	95110	τεκτον	1
66562	ἱερεύς 	ιερευς 	Priest, sacrificer	Miscellaneous	14990	ιερευς 	1
66566	ἱερεύς 	ιερευς 	Priest, sacrificer	Miscellaneous	14990	ιερευς 	1
66568	ἱερεύς 	ιερευς 	Priest, sacrificer	Miscellaneous	14990	ιερευς 	1
66589	ἰατρός	ιατρος	Doctor	Miscellaneous	6110	ιατρου	1
66596	γραμματεύς	γραμματευς	Scribe	Writing and the Book Trade	30120	γραμματεως	1
66637	γραφεύς	γραφευς	Scrivener/copyist	Writing and the Book Trade	30120	γραφει	1
66723	λιθουργός	λιθουργος	Stonemason	Stonework	82120	λιθουργου	1
66755	ἰατρός	ιατρος	Doctor	Miscellaneous	6110	ιατρου	1
66816	ἀρχιτέκτων	αρχιτεκτων	Architect	Construction	2120	αρχιτεκτων	1
66816	γραμματεύς	γραμματευς	Scribe	Writing and the Book Trade	30120	γραμματευς	1
66862	ἱεροποιός	ιεροποιος	Sacrificer	Miscellaneous	14990	ιεροποιος	1
66888	χαλκεύς	χαλκευς	Smith	Metalwork	72110	χαλκευς	1
66902	χαλκεύς	χαλκευς	Smith	Metalwork	72110	χαλκευς	1
66908	χαλκεύς	χαλκευς	Smith	Metalwork	72110	χαλκευς	1
66967	γραμματεύς	γραμματευς	Scribe	Writing and the Book Trade	30120	γραμματεα	1
66970	ἱερεύς 	ιερευς 	Priest, sacrificer	Miscellaneous	14990	ιερευς 	1
66976	γραμματεύς	γραμματευς	Scribe	Writing and the Book Trade	30120	γραμματευς	1
67026	ἀρτοκόπος	αρτοκοπος	Baker	Food Preparation and Retail	53120	αρτοκοπος	1
67043	ἱεροποιός	ιεροποιος	Sacrificer	Miscellaneous	14990	ιεροποιος	1
67063	γραμματεύς	γραμματευς	Scribe	Writing and the Book Trade	30120	γραμματεις	1
67070	κιθαριστής	κιθαριστης	Kithara teacher/player	Education and Training	13920	κιθαριστης	1
67070	ποιητής	ποιητης	Maker, poet	Literature and Scholarship	17150	ποιηται	1
67070	σκευοποιός	σκευοποιος	Maker of drama equipment	Drama and Entertainment	17990	σκευοποιος	1
67070	γραμματεύς	γραμματευς	Scribe	Writing and the Book Trade	30120	γραμματεα	1
67071	ἱερεύς 	ιερευς 	Priest, sacrificer	Miscellaneous	14990	ιερευς 	1
67072	παγκρατιαστής	παγκρατιαστης	Pancratiast	Sports and Competition	18990	παγκρατιασται	1
67110	οἰκοδομος	οικοδομος	Builder	Construction	95110	οικοδομος	1
67115	ἀρτοκόπος	αρτοκοπος	Baker	Food Preparation and Retail	53120	αρτοκοπου	1
67118	ἱερεύς 	ιερευς 	Priest, sacrificer	Miscellaneous	14990	ιερευς 	1
67189	γραμματεύς	γραμματευς	Scribe	Writing and the Book Trade	30120	γραμματεα	1
67191	κιθαριστής	κιθαριστης	Kithara teacher/player	Education and Training	13920	κιθαριστης	1
67191	ποιητής	ποιητης	Maker, poet	Literature and Scholarship	17150	ποιηται	1
67191	σκευοποιός	σκευοποιος	Maker of drama equipment	Drama and Entertainment	17990	σκευοποιος	1
67191	γραμματεύς	γραμματευς	Scribe	Writing and the Book Trade	30120	γραμματεα	1
67194	ἱππικός	ιππικος	Riding trainer	Education and Training	18190	ιππικων	1
67195	γραμματεύς	γραμματευς	Scribe	Writing and the Book Trade	30120	γραμματεις	1
67196	γραμματεύς	γραμματευς	Scribe	Writing and the Book Trade	30120	γραμματεις	1
67228	ἱερεύς 	ιερευς 	Priest, sacrificer	Miscellaneous	14990	ιερευς 	1
67242	γραμματεύς	γραμματευς	Scribe	Writing and the Book Trade	30120	γραμματεις	1
67245	γραμματεύς	γραμματευς	Scribe	Writing and the Book Trade	30120	γραμματεως	1
67275	ἰατρός	ιατρος	Doctor	Miscellaneous	6110	ιατρος	1
67287	ἀρχιτέκτων	αρχιτεκτων	Architect	Construction	2120	αρχιτεκτων	1
67287	γραμματεύς	γραμματευς	Scribe	Writing and the Book Trade	30120	γραμματευς	1
67292	γραμματεύς	γραμματευς	Scribe	Writing and the Book Trade	30120	γραμματεις	1
67296	γεωργός	γεωργος	Farmer	Agriculture, Animal Husbandry	61110	γεωργοις|γεωργους	2
67301	ναυπηγός	ναυπηγος	Shipwright	Woodwork	73210	ναυπηγου	1
67301	πρῳρεύς	πρωρευς	Quartermaster	Seafaring/Maritime	98110	πρωρεως	1
67309	γραμματεύς	γραμματευς	Scribe	Writing and the Book Trade	30120	γραμματευς	1
67336	φιλόσοφος	φιλοσοφος	Philosopher/sophist	Education and Training	19190	φιλοσοφοι	1
67351	ἱερεύς 	ιερευς 	Priest, sacrificer	Miscellaneous	14990	ιερευς 	1
67353	γραμματεύς	γραμματευς	Scribe	Writing and the Book Trade	30120	γραμματευς	1
67355	γραμματεύς	γραμματευς	Scribe	Writing and the Book Trade	30120	γραμματευς	1
67356	ἱερεύς 	ιερευς 	Priest, sacrificer	Miscellaneous	14990	ιερευς 	1
67463	ἱερεύς 	ιερευς 	Priest, sacrificer	Miscellaneous	14990	ιερευς 	1
67471	ἱερεύς 	ιερευς 	Priest, sacrificer	Miscellaneous	14990	ιερευς 	1
67497	γεωργός	γεωργος	Farmer	Agriculture, Animal Husbandry	61110	γεωργε	1
67559	ἀρχιτέκτων	αρχιτεκτων	Architect	Construction	2120	αρχιτεκτων	1
67562	ἀρχιτέκτων	αρχιτεκτων	Architect	Construction	2120	αρχιτεκτονος	1
67572	ἀρχιτέκτων	αρχιτεκτων	Architect	Construction	2120	αρχιτεκτονων	1
67594	ἱερεύς 	ιερευς 	Priest, sacrificer	Miscellaneous	14990	ιερευς 	1
67616	τέκτων	τεκτων	Carpenter/joiner	Woodwork	95110	τεκτων	1
67665	ναύκληρος	ναυκληρος	Shipmaster	Seafaring/Maritime	98110	ναυκληρος	1
67719	γραμματεύς	γραμματευς	Scribe	Writing and the Book Trade	30120	γραμματεις	1
67720	γραμματεύς	γραμματευς	Scribe	Writing and the Book Trade	30120	γραμματευς	1
67725	γραμματεύς	γραμματευς	Scribe	Writing and the Book Trade	30120	γραμματευς	1
67748	διδάσκαλος	διδασκαλος	Teacher	Education and Training	13130	διδασκαλου	1
67787	ἱερεύς 	ιερευς 	Priest, sacrificer	Miscellaneous	14990	ιερευς 	1
67831	γραμματεύς	γραμματευς	Scribe	Writing and the Book Trade	30120	γραμματευς	1
67847	μυρεψός	μυρεψος	Perfume boiler	Perfumes, Aromatics, and Nostrums	6390	μυρεψος	1
67889	κυβερνήτης	κυβερνητης	Helmsman	Seafaring/Maritime	98110	κυβερνητης	1
68038	φιλόσοφος	φιλοσοφος	Philosopher/sophist	Education and Training	19190	φιλοσοφον	1
68046	ποιητής	ποιητης	Maker, poet	Literature and Scholarship	17150	ποιητα	1
68083	ἔμπορος	εμπορος	Maritime trader	Seafaring/Maritime	41110	εμπορος	1
68084	ἔμπορος	εμπορος	Maritime trader	Seafaring/Maritime	41110	εμπορος	1
68087	ἔμπορος	εμπορος	Maritime trader	Seafaring/Maritime	41110	εμπορος	1
68089	ναυπηγός	ναυπηγος	Shipwright	Woodwork	73210	ναυπηγου	1
68089	πρῳρεύς	πρωρευς	Quartermaster	Seafaring/Maritime	98110	πρωρεως	1
68092	ῥήτωρ	ρητωρ	Orator	Literature and Scholarship	17150	ρητωρ	1
68124	ἔμπορος	εμπορος	Maritime trader	Seafaring/Maritime	41110	εμποροι	1
68124	ναύκληρος	ναυκληρος	Shipmaster	Seafaring/Maritime	98110	ναυκληρων	1
68125	ναύκληρος	ναυκληρος	Shipmaster	Seafaring/Maritime	98110	ναυκληρων	1
68127	γραμματεύς	γραμματευς	Scribe	Writing and the Book Trade	30120	γραμματευς	1
68132	ξυλουργός	ξυλουργος	Turner	Woodwork	73990	ξυλουργος	1
68139	κιθαριστής	κιθαριστης	Kithara teacher/player	Education and Training	13920	κιθαριστης	1
68139	ποιητής	ποιητης	Maker, poet	Literature and Scholarship	17150	ποιηται	1
68139	σκευοποιός	σκευοποιος	Maker of drama equipment	Drama and Entertainment	17990	σκευοποιος	1
68139	γραμματεύς	γραμματευς	Scribe	Writing and the Book Trade	30120	γραμματεα	1
68140	γραμματεύς	γραμματευς	Scribe	Writing and the Book Trade	30120	γραμματεα	1
68141	γραμματεύς	γραμματευς	Scribe	Writing and the Book Trade	30120	γραμματεις	1
68142	γραμματεύς	γραμματευς	Scribe	Writing and the Book Trade	30120	γραμματεις	1
68155	γραμματεύς	γραμματευς	Scribe	Writing and the Book Trade	30120	γραμματεις	1
68157	γραμματεύς	γραμματευς	Scribe	Writing and the Book Trade	30120	γραμματεως	1
68158	ἱερεύς 	ιερευς 	Priest, sacrificer	Miscellaneous	14990	ιερευς 	1
68170	γραμματεύς	γραμματευς	Scribe	Writing and the Book Trade	30120	γραμματευς	1
68171	γραμματεύς	γραμματευς	Scribe	Writing and the Book Trade	30120	γραμματευς	1
68180	γραμματεύς	γραμματευς	Scribe	Writing and the Book Trade	30120	γραμματευς	1
68181	ἱερεύς 	ιερευς 	Priest, sacrificer	Miscellaneous	14990	ιερευς 	1
68184	γεωργός	γεωργος	Farmer	Agriculture, Animal Husbandry	61110	γεωργους	1
68185	γραμματεύς	γραμματευς	Scribe	Writing and the Book Trade	30120	γραμματεις	1
68190	γεωργός	γεωργος	Farmer	Agriculture, Animal Husbandry	61110	γεωργοις|γεωργους	2
68192	ναυπηγός	ναυπηγος	Shipwright	Woodwork	73210	ναυπηγου	1
68192	πρῳρεύς	πρωρευς	Quartermaster	Seafaring/Maritime	98110	πρωρεως	1
68194	γραμματεύς	γραμματευς	Scribe	Writing and the Book Trade	30120	γραμματει|γραμματεως	2
68721	ἰατρός	ιατρος	Doctor	Miscellaneous	6110	ιατρος	1
68898	ναύκληρος	ναυκληρος	Shipmaster	Seafaring/Maritime	98110	ναυκληρος	1
68910	ῥήτωρ	ρητωρ	Orator	Literature and Scholarship	17150	ρητωρ	1
70085	ἀρχιτέκτων	αρχιτεκτων	Architect	Construction	2120	αρχιτεκτονος	1
70204	ἰατρός	ιατρος	Doctor	Miscellaneous	6110	ιατρος	1
70214	ῥήτωρ	ρητωρ	Orator	Literature and Scholarship	17150	ρητωρ	1
70579	ἰατρός	ιατρος	Doctor	Miscellaneous	6110	ιατρος	1
70581	ἰατρός	ιατρος	Doctor	Miscellaneous	6110	ιατρος	1
70638	ὑπηρετής	υπηρετης	Architect’s assistant	Construction	95990	υπηρετης	1
70704	κάπηλος	καπηλος	Retailer	Miscellaneous Retail	49190	καπηλος	1
70750	ἐριοπώλης	εριοπωλης	Wool seller	Textiles	45190	εριοπωλων	1
70750	κεραμεύς	κεραμευς	Potter	Ceramics	89120	κεραμεις|κεραμεων	2
70750	οἰνοπώλης	οινοπωλης	Wine Dealer	Food Preparation and Retail	45190	οινοπωλων	1
70750	γραμματεύς	γραμματευς	Scribe	Writing and the Book Trade	30120	γραμματευς	1
70755	λεπτουργός	λεπτουργος	Joiner, wood worker	Construction	95110	λεπτουργων	1
70801	γραμματεύς	γραμματευς	Scribe	Writing and the Book Trade	30120	γραμματεως	1
70802	ἱερεύς 	ιερευς 	Priest, sacrificer	Miscellaneous	14990	ιερευς 	1
70809	χαλκεύς	χαλκευς	Smith	Metalwork	72110	χαλκεων	1
70809	λεπτουργός	λεπτουργος	Joiner, wood worker	Construction	95110	λεπτουργων	1
70914	ἱερεύς 	ιερευς 	Priest, sacrificer	Miscellaneous	14990	ιερευς 	1
70950	γεωργός	γεωργος	Farmer	Agriculture, Animal Husbandry	61110	γεωργους	1
71016	ἔμπορος	εμπορος	Maritime trader	Seafaring/Maritime	41110	εμποροι	1
71016	ναύκληρος	ναυκληρος	Shipmaster	Seafaring/Maritime	98110	ναυκληροι	1
71026	ἰατρός	ιατρος	Doctor	Miscellaneous	6110	ιατρος	1
71029	ἰατρός	ιατρος	Doctor	Miscellaneous	6110	ιατρος	1
71031	ἰατρός	ιατρος	Doctor	Miscellaneous	6110	ιατρος	1
71057	γραμματεύς	γραμματευς	Scribe	Writing and the Book Trade	30120	γραμματευς	1
71125	ἰατρός	ιατρος	Doctor	Miscellaneous	6110	ιατρον	1
71228	γραμματεύς	γραμματευς	Scribe	Writing and the Book Trade	30120	γραμματευς	1
71240	ἰατρός	ιατρος	Doctor	Miscellaneous	6110	ιατρος	1
71481	ὑπηρετής	υπηρετης	Architect’s assistant	Construction	95990	υπηρετων	1
71568	χαλκεύς	χαλκευς	Smith	Metalwork	72110	χαλκευς	1
71613	ἰατρός	ιατρος	Doctor	Miscellaneous	6110	ιατρος	1
71670	τέκτων	τεκτων	Carpenter/joiner	Woodwork	95110	τεκτων	1
71713	γραμματεύς	γραμματευς	Scribe	Writing and the Book Trade	30120	γραμματεως	1
71717	ἀρχιτέκτων	αρχιτεκτων	Architect	Construction	2120	αρχιτεκτων	1
71736	γραμματεύς	γραμματευς	Scribe	Writing and the Book Trade	30120	γραμματευς	1
71737	γραμματεύς	γραμματευς	Scribe	Writing and the Book Trade	30120	γραμματευς	1
71738	γραμματεύς	γραμματευς	Scribe	Writing and the Book Trade	30120	γραμματευς	1
71749	ἱερεύς 	ιερευς 	Priest, sacrificer	Miscellaneous	14990	ιερευς 	1
71765	ἰατρός	ιατρος	Doctor	Miscellaneous	6110	ιατρος	1
71769	ἰατρός	ιατρος	Doctor	Miscellaneous	6110	ιατρος	1
71809	ἰατρός	ιατρος	Doctor	Miscellaneous	6110	ιατρος	1
71870	ἰατρός	ιατρος	Doctor	Miscellaneous	6110	ιατρος	1
71876	ἰατρός	ιατρος	Doctor	Miscellaneous	6110	ιατρος	1
71885	ἰατρός	ιατρος	Doctor	Miscellaneous	6110	ιατρος	1
71897	ἰατρός	ιατρος	Doctor	Miscellaneous	6110	ιατρος	1
71904	φιλόσοφος	φιλοσοφος	Philosopher/sophist	Education and Training	19190	φιλοσοφος	1
71917	ἰατρός	ιατρος	Doctor	Miscellaneous	6110	ιατρος	1
72201	γραμματικός	γραμματικος	Grammarian	Literature and Scholarship	13920	γραμματικος	1
72442	ἰατρός	ιατρος	Doctor	Miscellaneous	6110	ιατρος	1
72448	ἰατρός	ιατρος	Doctor	Miscellaneous	6110	ιατρος	1
72604	ἰατρός	ιατρος	Doctor	Miscellaneous	6110	ιατρος	1
72721	ῥήτωρ	ρητωρ	Orator	Literature and Scholarship	17150	ρητωρ	1
72725	ῥήτωρ	ρητωρ	Orator	Literature and Scholarship	17150	ρητωρ	1
72727	ῥήτωρ	ρητωρ	Orator	Literature and Scholarship	17150	ρητωρ	1
72730	ἰατρός	ιατρος	Doctor	Miscellaneous	6110	ιατρος	1
72763	γραμματεύς	γραμματευς	Scribe	Writing and the Book Trade	30120	γραμματεως	1
72791	ῥήτωρ	ρητωρ	Orator	Literature and Scholarship	17150	ρητωρ	1
72793	ποιητής	ποιητης	Maker, poet	Literature and Scholarship	17150	ποιητης	1
72809	ἰατρός	ιατρος	Doctor	Miscellaneous	6110	ιατρος	1
72882	ἰατρός	ιατρος	Doctor	Miscellaneous	6110	ιατρος	1
72898	φιλόσοφος	φιλοσοφος	Philosopher/sophist	Education and Training	19190	φιλοσοφος	1
72937	ἰατρός	ιατρος	Doctor	Miscellaneous	6110	ιατρος	1
72945	ἰατρός	ιατρος	Doctor	Miscellaneous	6110	ιατρος	1
72969	ἰατρός	ιατρος	Doctor	Miscellaneous	6110	ιατρος	1
72989	γραμματικός	γραμματικος	Grammarian	Literature and Scholarship	13920	γραμματικος	1
72996	ἰατρός	ιατρος	Doctor	Miscellaneous	6110	ιατρος	1
73032	ῥήτωρ	ρητωρ	Orator	Literature and Scholarship	17150	ρητωρ	1
73058	φιλόσοφος	φιλοσοφος	Philosopher/sophist	Education and Training	19190	φιλοσοφε	1
73059	ἰατρός	ιατρος	Doctor	Miscellaneous	6110	ιατρος	1
73075	ἰατρός	ιατρος	Doctor	Miscellaneous	6110	ιατρος	1
73084	φιλόσοφος	φιλοσοφος	Philosopher/sophist	Education and Training	19190	φιλοσοφος	1
73130	ῥήτωρ	ρητωρ	Orator	Literature and Scholarship	17150	ρητωρ	1
73191	ῥήτωρ	ρητωρ	Orator	Literature and Scholarship	17150	ρητωρ	1
73205	ἰατρός	ιατρος	Doctor	Miscellaneous	6110	ιατρος	1
73242	ῥήτωρ	ρητωρ	Orator	Literature and Scholarship	17150	ρητωρ	1
73244	φιλόσοφος	φιλοσοφος	Philosopher/sophist	Education and Training	19190	φιλοσοφος	1
73323	φιλόσοφος	φιλοσοφος	Philosopher/sophist	Education and Training	19190	φιλοσοφος	1
73329	ἰατρός	ιατρος	Doctor	Miscellaneous	6110	ιατρος	1
73352	φιλόσοφος	φιλοσοφος	Philosopher/sophist	Education and Training	19190	φιλοσοφος	1
73379	ναύτης	ναυτης	Sailor	Seafaring/Maritime	98110	ναυτης	1
73381	ἰατρός	ιατρος	Doctor	Miscellaneous	6110	ιατρος	1
73423	ἰατρός	ιατρος	Doctor	Miscellaneous	6110	ιατρος	1
73496	σοφιστής	σοφιστης	Philosopher/sophist	Education and Training	19190	σοφιστης	1
73545	γραμματικός	γραμματικος	Grammarian	Literature and Scholarship	13920	γραμματικος	1
73555	ῥήτωρ	ρητωρ	Orator	Literature and Scholarship	17150	ρητωρ	1
73609	ἰατρός	ιατρος	Doctor	Miscellaneous	6110	ιατρος	1
73630	ἰατρός	ιατρος	Doctor	Miscellaneous	6110	ιατρου	1
73658	ἰατρός	ιατρος	Doctor	Miscellaneous	6110	ιατρος	1
73681	ἰατρός	ιατρος	Doctor	Miscellaneous	6110	ιατρου	1
73684	ῥήτωρ	ρητωρ	Orator	Literature and Scholarship	17150	ρητωρ	1
73721	ἰατρός	ιατρος	Doctor	Miscellaneous	6110	ιατρος	1
73862	ἰατρός	ιατρος	Doctor	Miscellaneous	6110	ιατρος	1
74183	ποιητής	ποιητης	Maker, poet	Literature and Scholarship	17150	ποιητης	1
74235	ναύτης	ναυτης	Sailor	Seafaring/Maritime	98110	ναυτης	1
74236	ἱερεύς 	ιερευς 	Priest, sacrificer	Miscellaneous	14990	ιερευς 	1
74391	ἀρχιτέκτων	αρχιτεκτων	Architect	Construction	2120	αρχιτεκτων	1
74425	ἱερεύς 	ιερευς 	Priest, sacrificer	Miscellaneous	14990	ιερευς 	1
74530	γραμματεύς	γραμματευς	Scribe	Writing and the Book Trade	30120	γραμματεως	1
74535	ἰατρός	ιατρος	Doctor	Miscellaneous	6110	ιατροι	1
74664	ἱερεύς 	ιερευς 	Priest, sacrificer	Miscellaneous	14990	ιερευς 	1
74678	κεραμεύς	κεραμευς	Potter	Ceramics	89120	κεραμευς	1
74734	γναφεύς	γναφευς	Fuller	Textiles	75140	γναφεως	1
74815	γραμματεύς	γραμματευς	Scribe	Writing and the Book Trade	30120	γραμματεως	1
74827	γραμματεύς	γραμματευς	Scribe	Writing and the Book Trade	30120	γραμματει|γραμματεως	2
74832	γραμματεύς	γραμματευς	Scribe	Writing and the Book Trade	30120	γραμματεως	1
74892	ναύκληρος	ναυκληρος	Shipmaster	Seafaring/Maritime	98110	ναυκληρου	1
74904	μυροπώλης	μυροπωλης	Perfume seller	Perfumes, Aromatics, and Nostrums	45190	μυροπωλης	1
74904	μυρόπωλις	μυροπωλις	Perfume seller	Perfumes, Aromatics, and Nostrums	45190	μυροπωλης	1
74906	φιλόσοφος	φιλοσοφος	Philosopher/sophist	Education and Training	19190	φιλοσοφοι	1
74949	ἰατρός	ιατρος	Doctor	Miscellaneous	6110	ιατρος	1
74995	ἰατρός	ιατρος	Doctor	Miscellaneous	6110	ιατρος	1
75138	ἱερεύς 	ιερευς 	Priest, sacrificer	Miscellaneous	14990	ιερευς 	1
75140	ἰατρός	ιατρος	Doctor	Miscellaneous	6110	ιατρον	1
75147	ἱερεύς 	ιερευς 	Priest, sacrificer	Miscellaneous	14990	ιερευς 	1
75163	γραμματεύς	γραμματευς	Scribe	Writing and the Book Trade	30120	γραμματευς	1
75167	γεωργός	γεωργος	Farmer	Agriculture, Animal Husbandry	61110	γεωργων	1
75169	τέκτων	τεκτων	Carpenter/joiner	Woodwork	95110	τεκτονων	1
75169	ἱερεύς 	ιερευς 	Priest, sacrificer	Miscellaneous	14990	ιερευς 	1
75187	γραμματεύς	γραμματευς	Scribe	Writing and the Book Trade	30120	γραμματευς	1
75460	ἰατρός	ιατρος	Doctor	Miscellaneous	6110	ιατρου	1
75635	γραμματεύς	γραμματευς	Scribe	Writing and the Book Trade	30120	γραμματευς	1
75650	γραμματεύς	γραμματευς	Scribe	Writing and the Book Trade	30120	γραμματευς	1
75662	ῥήτωρ	ρητωρ	Orator	Literature and Scholarship	17150	ρητωρ	1
75662	σοφιστής	σοφιστης	Philosopher/sophist	Education and Training	19190	σοφιστης	1
75713	γραμματεύς	γραμματευς	Scribe	Writing and the Book Trade	30120	γραμματευς	1
75729	γραμματεύς	γραμματευς	Scribe	Writing and the Book Trade	30120	γραμματευς	1
75743	ἰατρός	ιατρος	Doctor	Miscellaneous	6110	ιατρος	1
75762	γραμματεύς	γραμματευς	Scribe	Writing and the Book Trade	30120	γραμματεως	1
75814	ἰατρός	ιατρος	Doctor	Miscellaneous	6110	ιατρος	1
75834	γεωμέτρης	γεωμετρης	Surveyor	Construction	6145	γεωμετρης	1
75834	ἱεροποιός	ιεροποιος	Sacrificer	Miscellaneous	14990	ιεροποιου	1
75838	γεωμέτρης	γεωμετρης	Surveyor	Construction	6145	γεωμετρης	1
75838	ἱερεύς 	ιερευς 	Priest, sacrificer	Miscellaneous	14990	ιερευς 	1
75839	ἱερεύς 	ιερευς 	Priest, sacrificer	Miscellaneous	14990	ιερευς 	1
75840	ἱερεύς 	ιερευς 	Priest, sacrificer	Miscellaneous	14990	ιερευς 	1
75843	ἱερεύς 	ιερευς 	Priest, sacrificer	Miscellaneous	14990	ιερευς 	1
75844	τέκτων	τεκτων	Carpenter/joiner	Woodwork	95110	τεκτον	1
75844	ἱερεύς 	ιερευς 	Priest, sacrificer	Miscellaneous	14990	ιερευς 	1
75847	ἱερεύς 	ιερευς 	Priest, sacrificer	Miscellaneous	14990	ιερευς 	1
75848	ἱερεύς 	ιερευς 	Priest, sacrificer	Miscellaneous	14990	ιερευς 	1
75849	ἱερεύς 	ιερευς 	Priest, sacrificer	Miscellaneous	14990	ιερευς 	1
75851	ἱερεύς 	ιερευς 	Priest, sacrificer	Miscellaneous	14990	ιερευς 	1
75852	ἱερεύς 	ιερευς 	Priest, sacrificer	Miscellaneous	14990	ιερευς 	1
75858	ἱερεύς 	ιερευς 	Priest, sacrificer	Miscellaneous	14990	ιερευς 	1
75863	τέκτων	τεκτων	Carpenter/joiner	Woodwork	95110	τεκτων	1
75867	ἱερεύς 	ιερευς 	Priest, sacrificer	Miscellaneous	14990	ιερευς 	1
75868	ἱερεύς 	ιερευς 	Priest, sacrificer	Miscellaneous	14990	ιερευς 	1
75869	ἱερεύς 	ιερευς 	Priest, sacrificer	Miscellaneous	14990	ιερευς 	1
75878	ἱερεύς 	ιερευς 	Priest, sacrificer	Miscellaneous	14990	ιερευς 	1
75880	ἱερεύς 	ιερευς 	Priest, sacrificer	Miscellaneous	14990	ιερευς 	1
75881	ἱερεύς 	ιερευς 	Priest, sacrificer	Miscellaneous	14990	ιερευς 	1
75883	ἱερεύς 	ιερευς 	Priest, sacrificer	Miscellaneous	14990	ιερευς 	1
75887	ἱερεύς 	ιερευς 	Priest, sacrificer	Miscellaneous	14990	ιερευς 	1
75888	ἱερεύς 	ιερευς 	Priest, sacrificer	Miscellaneous	14990	ιερευς 	1
76997	γραμματεύς	γραμματευς	Scribe	Writing and the Book Trade	30120	γραμματεως	1
76998	γραμματεύς	γραμματευς	Scribe	Writing and the Book Trade	30120	γραμματευς	1
77030	ἱερεύς 	ιερευς 	Priest, sacrificer	Miscellaneous	14990	ιερευς 	1
77035	γραμματεύς	γραμματευς	Scribe	Writing and the Book Trade	30120	γραμματεις	1
77167	κυβερνήτης	κυβερνητης	Helmsman	Seafaring/Maritime	98110	κυβερνητα	1
77187	μουσικός	μουσικος	Musician	Drama and Entertainment	17320	μουσικον	1
77202	μουσικός	μουσικος	Musician	Drama and Entertainment	17320	μουσικον	1
77219	μουσικός	μουσικος	Musician	Drama and Entertainment	17320	μουσικον	1
77220	μουσικός	μουσικος	Musician	Drama and Entertainment	17320	μουσικον	1
77230	ἰατρός	ιατρος	Doctor	Miscellaneous	6110	ιατρος	1
77239	ἰατρός	ιατρος	Doctor	Miscellaneous	6110	ιατρος	1
77242	ἰατρός	ιατρος	Doctor	Miscellaneous	6110	ιατροις|ιατρων	2
77243	ἰατρός	ιατρος	Doctor	Miscellaneous	6110	ιατρος	1
77308	ἱερεύς 	ιερευς 	Priest, sacrificer	Miscellaneous	14990	ιερευς 	1
77322	παιδοτρίβης	παιδοτριβης	Physical trainer	Education and Training	18190	παιδοτριβης	1
77369	γραμματεύς	γραμματευς	Scribe	Writing and the Book Trade	30120	γραμματεα	1
77378	γραμματεύς	γραμματευς	Scribe	Writing and the Book Trade	30120	γραμματευς	1
77464	γραμματεύς	γραμματευς	Scribe	Writing and the Book Trade	30120	γραμματεα	1
77469	γραμματεύς	γραμματευς	Scribe	Writing and the Book Trade	30120	γραμματεα	1
77471	γραμματεύς	γραμματευς	Scribe	Writing and the Book Trade	30120	γραμματευς	1
77624	γραμματεύς	γραμματευς	Scribe	Writing and the Book Trade	30120	γραμματευς	1
77630	γραμματεύς	γραμματευς	Scribe	Writing and the Book Trade	30120	γραμματεα	1
77757	γραμματεύς	γραμματευς	Scribe	Writing and the Book Trade	30120	γραμματεις	1
77853	ἱερεύς 	ιερευς 	Priest, sacrificer	Miscellaneous	14990	ιερευς 	1
77872	ἱερεύς 	ιερευς 	Priest, sacrificer	Miscellaneous	14990	ιερευς 	1
77874	ἱερεύς 	ιερευς 	Priest, sacrificer	Miscellaneous	14990	ιερευς 	1
77995	ἱερεύς 	ιερευς 	Priest, sacrificer	Miscellaneous	14990	ιερευς 	1
77997	ἱερεύς 	ιερευς 	Priest, sacrificer	Miscellaneous	14990	ιερευς 	1
78145	ἱεροποιός	ιεροποιος	Sacrificer	Miscellaneous	14990	ιεροποιους	1
78156	γραμματεύς	γραμματευς	Scribe	Writing and the Book Trade	30120	γραμματεα	1
78217	γραμματεύς	γραμματευς	Scribe	Writing and the Book Trade	30120	γραμματευς	1
78219	γραμματεύς	γραμματευς	Scribe	Writing and the Book Trade	30120	γραμματευς	1
78231	γραμματεύς	γραμματευς	Scribe	Writing and the Book Trade	30120	γραμματευς	1
78240	γραμματεύς	γραμματευς	Scribe	Writing and the Book Trade	30120	γραμματευς	1
78242	γραμματεύς	γραμματευς	Scribe	Writing and the Book Trade	30120	γραμματεα|γραμματευς	2
78244	γραμματεύς	γραμματευς	Scribe	Writing and the Book Trade	30120	γραμματευς	1
78245	ὑπηρετής	υπηρετης	Architect’s assistant	Construction	95990	υπηρετης	1
78245	γραμματεύς	γραμματευς	Scribe	Writing and the Book Trade	30120	γραμματευς	1
78246	ἱεροποιός	ιεροποιος	Sacrificer	Miscellaneous	14990	ιεροποιους	1
78247	γραμματεύς	γραμματευς	Scribe	Writing and the Book Trade	30120	γραμματευς	1
78251	γραμματεύς	γραμματευς	Scribe	Writing and the Book Trade	30120	γραμματευς	1
78252	γραμματεύς	γραμματευς	Scribe	Writing and the Book Trade	30120	γραμματευς	1
78257	γραμματεύς	γραμματευς	Scribe	Writing and the Book Trade	30120	γραμματεα|γραμματευς	2
78261	γραμματεύς	γραμματευς	Scribe	Writing and the Book Trade	30120	γραμματευς	1
78266	γραμματεύς	γραμματευς	Scribe	Writing and the Book Trade	30120	γραμματεα|γραμματευς	2
78270	ὑπηρετής	υπηρετης	Architect’s assistant	Construction	95990	υπηρεται	1
78270	γραμματεύς	γραμματευς	Scribe	Writing and the Book Trade	30120	γραμματευς	1
78274	γραμματεύς	γραμματευς	Scribe	Writing and the Book Trade	30120	γραμματεα	1
78275	ὑπηρετής	υπηρετης	Architect’s assistant	Construction	95990	υπηρετης	1
78279	γραμματεύς	γραμματευς	Scribe	Writing and the Book Trade	30120	γραμματεα	1
78280	ὑπηρετής	υπηρετης	Architect’s assistant	Construction	95990	υπηρετης	1
78280	γραμματεύς	γραμματευς	Scribe	Writing and the Book Trade	30120	γραμματευς	1
78284	γραμματεύς	γραμματευς	Scribe	Writing and the Book Trade	30120	γραμματεα	1
78285	γραμματεύς	γραμματευς	Scribe	Writing and the Book Trade	30120	γραμματεα	1
78286	γραμματεύς	γραμματευς	Scribe	Writing and the Book Trade	30120	γραμματεα	1
78292	γραμματεύς	γραμματευς	Scribe	Writing and the Book Trade	30120	γραμματεα	1
78293	γραμματεύς	γραμματευς	Scribe	Writing and the Book Trade	30120	γραμματεα	1
78293	ἱεροποιός	ιεροποιος	Sacrificer	Miscellaneous	14990	ιεροποιοις	1
78294	γραμματεύς	γραμματευς	Scribe	Writing and the Book Trade	30120	γραμματεα	1
78296	γραμματεύς	γραμματευς	Scribe	Writing and the Book Trade	30120	γραμματεα	1
78297	γραμματεύς	γραμματευς	Scribe	Writing and the Book Trade	30120	γραμματεα	1
78300	γραμματεύς	γραμματευς	Scribe	Writing and the Book Trade	30120	γραμματεα	1
78306	γραμματεύς	γραμματευς	Scribe	Writing and the Book Trade	30120	γραμματεα	1
78307	γραμματεύς	γραμματευς	Scribe	Writing and the Book Trade	30120	γραμματεα	1
78308	γραμματεύς	γραμματευς	Scribe	Writing and the Book Trade	30120	γραμματεα	1
78311	ὑπηρετής	υπηρετης	Architect’s assistant	Construction	95990	υπηρετης	1
78312	γραμματεύς	γραμματευς	Scribe	Writing and the Book Trade	30120	γραμματεα	1
78323	γραμματεύς	γραμματευς	Scribe	Writing and the Book Trade	30120	γραμματεα	1
78328	γραμματεύς	γραμματευς	Scribe	Writing and the Book Trade	30120	γραμματεα	1
78329	γραμματεύς	γραμματευς	Scribe	Writing and the Book Trade	30120	γραμματεα	1
78334	γραμματεύς	γραμματευς	Scribe	Writing and the Book Trade	30120	γραμματεα	1
78335	γραμματεύς	γραμματευς	Scribe	Writing and the Book Trade	30120	γραμματεα	1
78336	γραμματεύς	γραμματευς	Scribe	Writing and the Book Trade	30120	γραμματεα	1
78337	γραμματεύς	γραμματευς	Scribe	Writing and the Book Trade	30120	γραμματεα	1
78338	γραμματεύς	γραμματευς	Scribe	Writing and the Book Trade	30120	γραμματεα	1
78340	γραμματεύς	γραμματευς	Scribe	Writing and the Book Trade	30120	γραμματεα	1
78341	γραμματεύς	γραμματευς	Scribe	Writing and the Book Trade	30120	γραμματεα	1
78343	γραμματεύς	γραμματευς	Scribe	Writing and the Book Trade	30120	γραμματεα	1
78345	γραμματεύς	γραμματευς	Scribe	Writing and the Book Trade	30120	γραμματεα	1
78346	γραμματεύς	γραμματευς	Scribe	Writing and the Book Trade	30120	γραμματεα	1
78347	γραμματεύς	γραμματευς	Scribe	Writing and the Book Trade	30120	γραμματεα	1
78349	γραμματεύς	γραμματευς	Scribe	Writing and the Book Trade	30120	γραμματεα	1
78353	γραμματεύς	γραμματευς	Scribe	Writing and the Book Trade	30120	γραμματεα	1
78355	γραμματεύς	γραμματευς	Scribe	Writing and the Book Trade	30120	γραμματεα	1
78366	γραμματεύς	γραμματευς	Scribe	Writing and the Book Trade	30120	γραμματεα	1
78368	γραμματεύς	γραμματευς	Scribe	Writing and the Book Trade	30120	γραμματεα	1
78370	γραμματεύς	γραμματευς	Scribe	Writing and the Book Trade	30120	γραμματεα	1
78371	γραμματεύς	γραμματευς	Scribe	Writing and the Book Trade	30120	γραμματεα	1
78375	γραμματεύς	γραμματευς	Scribe	Writing and the Book Trade	30120	γραμματεα	1
78376	γραμματεύς	γραμματευς	Scribe	Writing and the Book Trade	30120	γραμματεα	1
78378	γραμματεύς	γραμματευς	Scribe	Writing and the Book Trade	30120	γραμματεα	1
78379	γραμματεύς	γραμματευς	Scribe	Writing and the Book Trade	30120	γραμματεα	1
78381	γραμματεύς	γραμματευς	Scribe	Writing and the Book Trade	30120	γραμματεα	1
78382	γραμματεύς	γραμματευς	Scribe	Writing and the Book Trade	30120	γραμματεα	1
78383	γραμματεύς	γραμματευς	Scribe	Writing and the Book Trade	30120	γραμματεα	1
78384	γραμματεύς	γραμματευς	Scribe	Writing and the Book Trade	30120	γραμματεα	1
78387	γραμματεύς	γραμματευς	Scribe	Writing and the Book Trade	30120	γραμματεα	1
78389	γραμματεύς	γραμματευς	Scribe	Writing and the Book Trade	30120	γραμματεα	1
78392	γραμματεύς	γραμματευς	Scribe	Writing and the Book Trade	30120	γραμματεα	1
78394	γραμματεύς	γραμματευς	Scribe	Writing and the Book Trade	30120	γραμματεα	1
78395	γραμματεύς	γραμματευς	Scribe	Writing and the Book Trade	30120	γραμματεα	1
78397	γραμματεύς	γραμματευς	Scribe	Writing and the Book Trade	30120	γραμματεα	1
78399	γραμματεύς	γραμματευς	Scribe	Writing and the Book Trade	30120	γραμματεα	1
78400	γραμματεύς	γραμματευς	Scribe	Writing and the Book Trade	30120	γραμματεα	1
78401	γραμματεύς	γραμματευς	Scribe	Writing and the Book Trade	30120	γραμματεα	1
78402	γραμματεύς	γραμματευς	Scribe	Writing and the Book Trade	30120	γραμματεα	1
78404	γραμματεύς	γραμματευς	Scribe	Writing and the Book Trade	30120	γραμματεα	1
78407	γραμματεύς	γραμματευς	Scribe	Writing and the Book Trade	30120	γραμματεα	1
78412	γραμματεύς	γραμματευς	Scribe	Writing and the Book Trade	30120	γραμματεα	1
78413	γραμματεύς	γραμματευς	Scribe	Writing and the Book Trade	30120	γραμματεα	1
78414	γραμματεύς	γραμματευς	Scribe	Writing and the Book Trade	30120	γραμματεα	1
78418	γραμματεύς	γραμματευς	Scribe	Writing and the Book Trade	30120	γραμματεα	1
78419	γραμματεύς	γραμματευς	Scribe	Writing and the Book Trade	30120	γραμματεα	1
78420	γραμματεύς	γραμματευς	Scribe	Writing and the Book Trade	30120	γραμματεα	1
78421	γραμματεύς	γραμματευς	Scribe	Writing and the Book Trade	30120	γραμματεα	1
78422	γραμματεύς	γραμματευς	Scribe	Writing and the Book Trade	30120	γραμματεα	1
78423	γραμματεύς	γραμματευς	Scribe	Writing and the Book Trade	30120	γραμματεα	1
78424	γραμματεύς	γραμματευς	Scribe	Writing and the Book Trade	30120	γραμματεα	1
78425	γραμματεύς	γραμματευς	Scribe	Writing and the Book Trade	30120	γραμματεα	1
78428	γραμματεύς	γραμματευς	Scribe	Writing and the Book Trade	30120	γραμματεα	1
78429	γραμματεύς	γραμματευς	Scribe	Writing and the Book Trade	30120	γραμματεα	1
78430	γραμματεύς	γραμματευς	Scribe	Writing and the Book Trade	30120	γραμματεα	1
78431	γραμματεύς	γραμματευς	Scribe	Writing and the Book Trade	30120	γραμματεα	1
78433	γραμματεύς	γραμματευς	Scribe	Writing and the Book Trade	30120	γραμματεα	1
78434	γραμματεύς	γραμματευς	Scribe	Writing and the Book Trade	30120	γραμματεα	1
78439	γραμματεύς	γραμματευς	Scribe	Writing and the Book Trade	30120	γραμματεα	1
78440	γραμματεύς	γραμματευς	Scribe	Writing and the Book Trade	30120	γραμματεα	1
78441	γραμματεύς	γραμματευς	Scribe	Writing and the Book Trade	30120	γραμματεα	1
78442	γραμματεύς	γραμματευς	Scribe	Writing and the Book Trade	30120	γραμματεα	1
78444	γραμματεύς	γραμματευς	Scribe	Writing and the Book Trade	30120	γραμματεα	1
78447	γραμματεύς	γραμματευς	Scribe	Writing and the Book Trade	30120	γραμματεα	1
78448	γραμματεύς	γραμματευς	Scribe	Writing and the Book Trade	30120	γραμματεα	1
78450	ὑπηρετής	υπηρετης	Architect’s assistant	Construction	95990	υπηρετης	1
78451	ὑπηρετής	υπηρετης	Architect’s assistant	Construction	95990	υπηρετης	1
78451	γραμματεύς	γραμματευς	Scribe	Writing and the Book Trade	30120	γραμματεα	1
78452	γραμματεύς	γραμματευς	Scribe	Writing and the Book Trade	30120	γραμματεα	1
78454	γραμματεύς	γραμματευς	Scribe	Writing and the Book Trade	30120	γραμματεα	1
78455	γραμματεύς	γραμματευς	Scribe	Writing and the Book Trade	30120	γραμματεα	1
78456	γραμματεύς	γραμματευς	Scribe	Writing and the Book Trade	30120	γραμματεα	1
78457	γραμματεύς	γραμματευς	Scribe	Writing and the Book Trade	30120	γραμματεα	1
78460	γραμματεύς	γραμματευς	Scribe	Writing and the Book Trade	30120	γραμματεα	1
78462	γραμματεύς	γραμματευς	Scribe	Writing and the Book Trade	30120	γραμματεα	1
78463	γραμματεύς	γραμματευς	Scribe	Writing and the Book Trade	30120	γραμματεα	1
78466	γραμματεύς	γραμματευς	Scribe	Writing and the Book Trade	30120	γραμματεα	1
78467	γραμματεύς	γραμματευς	Scribe	Writing and the Book Trade	30120	γραμματευς	1
78467	ἱερεύς 	ιερευς 	Priest, sacrificer	Miscellaneous	14990	ιερευς 	1
78468	γραμματεύς	γραμματευς	Scribe	Writing and the Book Trade	30120	γραμματεα	1
78469	γραμματεύς	γραμματευς	Scribe	Writing and the Book Trade	30120	γραμματεα	1
78470	γραμματεύς	γραμματευς	Scribe	Writing and the Book Trade	30120	γραμματεα	1
78472	γραμματεύς	γραμματευς	Scribe	Writing and the Book Trade	30120	γραμματεα	1
78473	γραμματεύς	γραμματευς	Scribe	Writing and the Book Trade	30120	γραμματεα	1
78476	γραμματεύς	γραμματευς	Scribe	Writing and the Book Trade	30120	γραμματεα	1
78481	γραμματεύς	γραμματευς	Scribe	Writing and the Book Trade	30120	γραμματεα	1
78486	γραμματεύς	γραμματευς	Scribe	Writing and the Book Trade	30120	γραμματεα	1
78487	γραμματεύς	γραμματευς	Scribe	Writing and the Book Trade	30120	γραμματεα	1
78499	γραμματεύς	γραμματευς	Scribe	Writing and the Book Trade	30120	γραμματεα	1
78502	γραμματεύς	γραμματευς	Scribe	Writing and the Book Trade	30120	γραμματεα	1
78516	γραμματεύς	γραμματευς	Scribe	Writing and the Book Trade	30120	γραμματεα	1
78520	γραμματεύς	γραμματευς	Scribe	Writing and the Book Trade	30120	γραμματευς	1
78531	γραμματεύς	γραμματευς	Scribe	Writing and the Book Trade	30120	γραμματεα|γραμματευς	2
78539	γραμματεύς	γραμματευς	Scribe	Writing and the Book Trade	30120	γραμματευς	1
78539	ἱερεύς 	ιερευς 	Priest, sacrificer	Miscellaneous	14990	ιερευς 	1
78541	γραμματεύς	γραμματευς	Scribe	Writing and the Book Trade	30120	γραμματευς	1
78542	γραμματεύς	γραμματευς	Scribe	Writing and the Book Trade	30120	γραμματευς	1
78543	ἱερεύς 	ιερευς 	Priest, sacrificer	Miscellaneous	14990	ιερευς 	1
78560	γραμματεύς	γραμματευς	Scribe	Writing and the Book Trade	30120	γραμματευς	1
78565	γραμματεύς	γραμματευς	Scribe	Writing and the Book Trade	30120	γραμματευς	1
78574	γραμματεύς	γραμματευς	Scribe	Writing and the Book Trade	30120	γραμματευς	1
78575	γραμματεύς	γραμματευς	Scribe	Writing and the Book Trade	30120	γραμματευς	1
78576	γραμματεύς	γραμματευς	Scribe	Writing and the Book Trade	30120	γραμματευς	1
78578	γραμματεύς	γραμματευς	Scribe	Writing and the Book Trade	30120	γραμματευς	1
78580	γραμματεύς	γραμματευς	Scribe	Writing and the Book Trade	30120	γραμματευς	1
78581	γραμματεύς	γραμματευς	Scribe	Writing and the Book Trade	30120	γραμματευς	1
78582	γραμματεύς	γραμματευς	Scribe	Writing and the Book Trade	30120	γραμματευς	1
78585	γραμματεύς	γραμματευς	Scribe	Writing and the Book Trade	30120	γραμματευς	1
78587	γραμματεύς	γραμματευς	Scribe	Writing and the Book Trade	30120	γραμματευς	1
78590	γραμματεύς	γραμματευς	Scribe	Writing and the Book Trade	30120	γραμματευς	1
78594	γραμματεύς	γραμματευς	Scribe	Writing and the Book Trade	30120	γραμματευς	1
78595	ἱερεύς 	ιερευς 	Priest, sacrificer	Miscellaneous	14990	ιερευς 	1
78596	γραμματεύς	γραμματευς	Scribe	Writing and the Book Trade	30120	γραμματευς	1
78596	ἱερεύς 	ιερευς 	Priest, sacrificer	Miscellaneous	14990	ιερευς 	1
78602	ἱερεύς 	ιερευς 	Priest, sacrificer	Miscellaneous	14990	ιερευς 	1
78607	γραμματεύς	γραμματευς	Scribe	Writing and the Book Trade	30120	γραμματευς	1
78609	γραμματεύς	γραμματευς	Scribe	Writing and the Book Trade	30120	γραμματευς	1
78611	γραμματεύς	γραμματευς	Scribe	Writing and the Book Trade	30120	γραμματευς	1
78611	ἱερεύς 	ιερευς 	Priest, sacrificer	Miscellaneous	14990	ιερευς 	1
78616	γραμματεύς	γραμματευς	Scribe	Writing and the Book Trade	30120	γραμματευς	1
78616	ἱερεύς 	ιερευς 	Priest, sacrificer	Miscellaneous	14990	ιερευς 	1
78617	γραμματεύς	γραμματευς	Scribe	Writing and the Book Trade	30120	γραμματευς	1
78617	ἱερεύς 	ιερευς 	Priest, sacrificer	Miscellaneous	14990	ιερευς 	1
78620	γραμματεύς	γραμματευς	Scribe	Writing and the Book Trade	30120	γραμματευς	1
78621	γραμματεύς	γραμματευς	Scribe	Writing and the Book Trade	30120	γραμματευς	1
78621	ἱερεύς 	ιερευς 	Priest, sacrificer	Miscellaneous	14990	ιερευς 	1
78625	γραμματεύς	γραμματευς	Scribe	Writing and the Book Trade	30120	γραμματευς	1
78625	ἱερεύς 	ιερευς 	Priest, sacrificer	Miscellaneous	14990	ιερευς 	1
78626	γραμματεύς	γραμματευς	Scribe	Writing and the Book Trade	30120	γραμματευς	1
78627	γραμματεύς	γραμματευς	Scribe	Writing and the Book Trade	30120	γραμματευς	1
78627	ἱερεύς 	ιερευς 	Priest, sacrificer	Miscellaneous	14990	ιερευς 	1
78629	γραμματεύς	γραμματευς	Scribe	Writing and the Book Trade	30120	γραμματευς	1
78629	ἱερεύς 	ιερευς 	Priest, sacrificer	Miscellaneous	14990	ιερευς 	1
78630	γραμματεύς	γραμματευς	Scribe	Writing and the Book Trade	30120	γραμματευς	1
78630	ἱερεύς 	ιερευς 	Priest, sacrificer	Miscellaneous	14990	ιερευς 	1
78631	γραμματεύς	γραμματευς	Scribe	Writing and the Book Trade	30120	γραμματευς	1
78634	ἱερεύς 	ιερευς 	Priest, sacrificer	Miscellaneous	14990	ιερευς 	1
78636	γραμματεύς	γραμματευς	Scribe	Writing and the Book Trade	30120	γραμματευς	1
78647	γραμματεύς	γραμματευς	Scribe	Writing and the Book Trade	30120	γραμματευς	1
78647	ἱερεύς 	ιερευς 	Priest, sacrificer	Miscellaneous	14990	ιερευς 	1
78652	γραμματεύς	γραμματευς	Scribe	Writing and the Book Trade	30120	γραμματευς	1
78652	ἱερεύς 	ιερευς 	Priest, sacrificer	Miscellaneous	14990	ιερευς 	1
78653	γραμματεύς	γραμματευς	Scribe	Writing and the Book Trade	30120	γραμματευς	1
78655	γραμματεύς	γραμματευς	Scribe	Writing and the Book Trade	30120	γραμματευς	1
78657	ἱερεύς 	ιερευς 	Priest, sacrificer	Miscellaneous	14990	ιερευς 	1
78664	γραμματεύς	γραμματευς	Scribe	Writing and the Book Trade	30120	γραμματευς	1
78669	γραμματεύς	γραμματευς	Scribe	Writing and the Book Trade	30120	γραμματευς	1
78670	γραμματεύς	γραμματευς	Scribe	Writing and the Book Trade	30120	γραμματευς	1
78670	ἱερεύς 	ιερευς 	Priest, sacrificer	Miscellaneous	14990	ιερευς 	1
78676	γραμματεύς	γραμματευς	Scribe	Writing and the Book Trade	30120	γραμματευς	1
78682	γραμματεύς	γραμματευς	Scribe	Writing and the Book Trade	30120	γραμματευς	1
78688	γραμματεύς	γραμματευς	Scribe	Writing and the Book Trade	30120	γραμματευς	1
78692	ἱερεύς 	ιερευς 	Priest, sacrificer	Miscellaneous	14990	ιερευς 	1
78696	ἱερεύς 	ιερευς 	Priest, sacrificer	Miscellaneous	14990	ιερευς 	1
78701	γραμματεύς	γραμματευς	Scribe	Writing and the Book Trade	30120	γραμματευς	1
78703	γραμματεύς	γραμματευς	Scribe	Writing and the Book Trade	30120	γραμματεων	1
79103	γναφαλλουφάντης	γναφαλλουφαντης	Flock weaver	Textiles	75990	γναφαλλουφαντης	1
79555	ἱερεύς 	ιερευς 	Priest, sacrificer	Miscellaneous	14990	ιερευς 	1
79749	ἔμπορος	εμπορος	Maritime trader	Seafaring/Maritime	41110	εμπορον	1
79756	ἀργυροκόπος	αργυροκοπος	Coin minter	Metalwork	72110	αργυροκοπος	1
79952	ἱεροποιός	ιεροποιος	Sacrificer	Miscellaneous	14990	ιεροποιοι|ιεροποιοις	2
80024	γραμματεύς	γραμματευς	Scribe	Writing and the Book Trade	30120	γραμματεα	1
80033	γραμματεύς	γραμματευς	Scribe	Writing and the Book Trade	30120	γραμματευς	1
80054	ἀρχιτέκτων	αρχιτεκτων	Architect	Construction	2120	αρχιτεκτονα	1
80056	γραμματεύς	γραμματευς	Scribe	Writing and the Book Trade	30120	γραμματεα	1
80057	γραμματεύς	γραμματευς	Scribe	Writing and the Book Trade	30120	γραμματεα	1
80060	γραμματεύς	γραμματευς	Scribe	Writing and the Book Trade	30120	γραμματεα	1
80061	γραμματεύς	γραμματευς	Scribe	Writing and the Book Trade	30120	γραμματεα	1
80063	γραμματεύς	γραμματευς	Scribe	Writing and the Book Trade	30120	γραμματευς	1
80068	γραμματεύς	γραμματευς	Scribe	Writing and the Book Trade	30120	γραμματεα	1
80069	γραμματεύς	γραμματευς	Scribe	Writing and the Book Trade	30120	γραμματεα	1
80079	γραμματεύς	γραμματευς	Scribe	Writing and the Book Trade	30120	γραμματεα	1
80089	γραμματεύς	γραμματευς	Scribe	Writing and the Book Trade	30120	γραμματεα	1
80090	γραμματεύς	γραμματευς	Scribe	Writing and the Book Trade	30120	γραμματεα	1
80093	γραμματεύς	γραμματευς	Scribe	Writing and the Book Trade	30120	γραμματεα	1
80094	γραμματεύς	γραμματευς	Scribe	Writing and the Book Trade	30120	γραμματεα	1
80102	γραμματεύς	γραμματευς	Scribe	Writing and the Book Trade	30120	γραμματεα	1
80103	γραμματεύς	γραμματευς	Scribe	Writing and the Book Trade	30120	γραμματεα	1
80104	γραμματεύς	γραμματευς	Scribe	Writing and the Book Trade	30120	γραμματεα	1
80106	γραμματεύς	γραμματευς	Scribe	Writing and the Book Trade	30120	γραμματεα	1
80107	γραμματεύς	γραμματευς	Scribe	Writing and the Book Trade	30120	γραμματεα	1
80119	γραμματεύς	γραμματευς	Scribe	Writing and the Book Trade	30120	γραμματεα	1
80120	γραμματεύς	γραμματευς	Scribe	Writing and the Book Trade	30120	γραμματεα	1
80121	γραμματεύς	γραμματευς	Scribe	Writing and the Book Trade	30120	γραμματευς	1
80122	γραμματεύς	γραμματευς	Scribe	Writing and the Book Trade	30120	γραμματευς	1
80134	γραμματεύς	γραμματευς	Scribe	Writing and the Book Trade	30120	γραμματεα|γραμματει	2
80137	γραμματεύς	γραμματευς	Scribe	Writing and the Book Trade	30120	γραμματεα|γραμματει	2
80139	γραμματεύς	γραμματευς	Scribe	Writing and the Book Trade	30120	γραμματεα|γραμματει	2
80149	γραμματεύς	γραμματευς	Scribe	Writing and the Book Trade	30120	γραμματεα	1
80157	ἱεροποιός	ιεροποιος	Sacrificer	Miscellaneous	14990	ιεροποιους	1
80158	ἱεροποιός	ιεροποιος	Sacrificer	Miscellaneous	14990	ιεροποιους	1
80165	γραμματεύς	γραμματευς	Scribe	Writing and the Book Trade	30120	γραμματεα	1
80167	ἱεροποιός	ιεροποιος	Sacrificer	Miscellaneous	14990	ιεροποιοι|ιεροποιοις|ιεροποιους|ιεροποιων	4
80168	ἱεροποιός	ιεροποιος	Sacrificer	Miscellaneous	14990	ιεροποιοις	1
80175	γραμματεύς	γραμματευς	Scribe	Writing and the Book Trade	30120	γραμματεα	1
80196	γραμματεύς	γραμματευς	Scribe	Writing and the Book Trade	30120	γραμματεα	1
80204	γραμματεύς	γραμματευς	Scribe	Writing and the Book Trade	30120	γραμματεα	1
80206	γραμματεύς	γραμματευς	Scribe	Writing and the Book Trade	30120	γραμματεα	1
80234	ἀρχιτέκτων	αρχιτεκτων	Architect	Construction	2120	αρχιτεκτονες|αρχιτεκτοσι	2
80239	γραμματεύς	γραμματευς	Scribe	Writing and the Book Trade	30120	γραμματεα	1
80241	γραμματεύς	γραμματευς	Scribe	Writing and the Book Trade	30120	γραμματεα	1
80245	γραμματεύς	γραμματευς	Scribe	Writing and the Book Trade	30120	γραμματεις	1
80251	γραμματεύς	γραμματευς	Scribe	Writing and the Book Trade	30120	γραμματεα	1
80252	γραμματεύς	γραμματευς	Scribe	Writing and the Book Trade	30120	γραμματεα	1
80253	γραμματεύς	γραμματευς	Scribe	Writing and the Book Trade	30120	γραμματεα	1
80260	γραμματεύς	γραμματευς	Scribe	Writing and the Book Trade	30120	γραμματεα	1
80261	γραμματεύς	γραμματευς	Scribe	Writing and the Book Trade	30120	γραμματεα	1
80263	γραμματεύς	γραμματευς	Scribe	Writing and the Book Trade	30120	γραμματεα	1
80264	γραμματεύς	γραμματευς	Scribe	Writing and the Book Trade	30120	γραμματεα	1
80273	γραμματεύς	γραμματευς	Scribe	Writing and the Book Trade	30120	γραμματεα	1
80274	γραμματεύς	γραμματευς	Scribe	Writing and the Book Trade	30120	γραμματεα	1
80275	γραμματεύς	γραμματευς	Scribe	Writing and the Book Trade	30120	γραμματεα	1
80288	γραμματεύς	γραμματευς	Scribe	Writing and the Book Trade	30120	γραμματεα	1
80289	γραμματεύς	γραμματευς	Scribe	Writing and the Book Trade	30120	γραμματεα	1
80298	ἀρχιτέκτων	αρχιτεκτων	Architect	Construction	2120	αρχιτεκτονα	1
80299	ἀρχιτέκτων	αρχιτεκτων	Architect	Construction	2120	αρχιτεκτονα	1
80328	γραμματεύς	γραμματευς	Scribe	Writing and the Book Trade	30120	γραμματεα	1
80335	γραμματεύς	γραμματευς	Scribe	Writing and the Book Trade	30120	γραμματεα	1
80336	γραμματεύς	γραμματευς	Scribe	Writing and the Book Trade	30120	γραμματεα	1
80341	γραμματεύς	γραμματευς	Scribe	Writing and the Book Trade	30120	γραμματεα	1
80354	γραμματεύς	γραμματευς	Scribe	Writing and the Book Trade	30120	γραμματεα	1
80356	γραμματεύς	γραμματευς	Scribe	Writing and the Book Trade	30120	γραμματεα	1
80357	γραμματεύς	γραμματευς	Scribe	Writing and the Book Trade	30120	γραμματεα	1
80359	γραμματεύς	γραμματευς	Scribe	Writing and the Book Trade	30120	γραμματεα	1
80360	γραμματεύς	γραμματευς	Scribe	Writing and the Book Trade	30120	γραμματεα	1
80361	γραμματεύς	γραμματευς	Scribe	Writing and the Book Trade	30120	γραμματεα	1
80367	γραμματεύς	γραμματευς	Scribe	Writing and the Book Trade	30120	γραμματεα	1
80368	γραμματεύς	γραμματευς	Scribe	Writing and the Book Trade	30120	γραμματεα	1
80371	γραμματεύς	γραμματευς	Scribe	Writing and the Book Trade	30120	γραμματεα	1
80372	γραμματεύς	γραμματευς	Scribe	Writing and the Book Trade	30120	γραμματεα	1
80375	γραμματεύς	γραμματευς	Scribe	Writing and the Book Trade	30120	γραμματεα	1
80376	ἀρχιτέκτων	αρχιτεκτων	Architect	Construction	2120	αρχιτεκτονα	1
80376	γραμματεύς	γραμματευς	Scribe	Writing and the Book Trade	30120	γραμματεα|γραμματευς|γραμματεως	3
80385	γραμματεύς	γραμματευς	Scribe	Writing and the Book Trade	30120	γραμματεα	1
80386	γραμματεύς	γραμματευς	Scribe	Writing and the Book Trade	30120	γραμματεα	1
80393	γραμματεύς	γραμματευς	Scribe	Writing and the Book Trade	30120	γραμματεα	1
80394	γραμματεύς	γραμματευς	Scribe	Writing and the Book Trade	30120	γραμματεα	1
80395	γραμματεύς	γραμματευς	Scribe	Writing and the Book Trade	30120	γραμματεα	1
80404	γραμματεύς	γραμματευς	Scribe	Writing and the Book Trade	30120	γραμματεα	1
80405	γραμματεύς	γραμματευς	Scribe	Writing and the Book Trade	30120	γραμματεα	1
80411	γραμματεύς	γραμματευς	Scribe	Writing and the Book Trade	30120	γραμματεα	1
80416	φιλόσοφος	φιλοσοφος	Philosopher/sophist	Education and Training	19190	φιλοσοφος	1
80416	γραμματεύς	γραμματευς	Scribe	Writing and the Book Trade	30120	γραμματεα	1
80418	γραμματεύς	γραμματευς	Scribe	Writing and the Book Trade	30120	γραμματεα	1
80419	γραμματεύς	γραμματευς	Scribe	Writing and the Book Trade	30120	γραμματεα	1
80424	ἀρχιτέκτων	αρχιτεκτων	Architect	Construction	2120	αρχιτεκτονα	1
80424	ἱεροποιός	ιεροποιος	Sacrificer	Miscellaneous	14990	ιεροποιοι	1
80428	γραμματεύς	γραμματευς	Scribe	Writing and the Book Trade	30120	γραμματεα	1
80429	γραμματεύς	γραμματευς	Scribe	Writing and the Book Trade	30120	γραμματεα	1
80431	γραμματεύς	γραμματευς	Scribe	Writing and the Book Trade	30120	γραμματευς	1
80432	γραμματεύς	γραμματευς	Scribe	Writing and the Book Trade	30120	γραμματεα	1
80434	γραμματεύς	γραμματευς	Scribe	Writing and the Book Trade	30120	γραμματεα	1
80438	γραμματεύς	γραμματευς	Scribe	Writing and the Book Trade	30120	γραμματεα	1
80439	γραμματεύς	γραμματευς	Scribe	Writing and the Book Trade	30120	γραμματεα	1
80455	γραμματεύς	γραμματευς	Scribe	Writing and the Book Trade	30120	γραμματεα	1
80456	γραμματεύς	γραμματευς	Scribe	Writing and the Book Trade	30120	γραμματεα	1
80457	γραμματεύς	γραμματευς	Scribe	Writing and the Book Trade	30120	γραμματεα	1
80465	ἱεροποιός	ιεροποιος	Sacrificer	Miscellaneous	14990	ιεροποιοι	1
80466	ἱεροποιός	ιεροποιος	Sacrificer	Miscellaneous	14990	ιεροποιοι	1
80470	γραμματεύς	γραμματευς	Scribe	Writing and the Book Trade	30120	γραμματεα	1
80471	γραμματεύς	γραμματευς	Scribe	Writing and the Book Trade	30120	γραμματεα	1
80473	γραμματεύς	γραμματευς	Scribe	Writing and the Book Trade	30120	γραμματεα	1
80475	ἱερεύς 	ιερευς 	Priest, sacrificer	Miscellaneous	14990	ιερευς 	1
80476	ἱερεύς 	ιερευς 	Priest, sacrificer	Miscellaneous	14990	ιερευς 	1
80479	γραμματεύς	γραμματευς	Scribe	Writing and the Book Trade	30120	γραμματεα	1
80504	γραμματεύς	γραμματευς	Scribe	Writing and the Book Trade	30120	γραμματεα	1
80511	ἱερεύς 	ιερευς 	Priest, sacrificer	Miscellaneous	14990	ιερευς 	1
80517	γραμματεύς	γραμματευς	Scribe	Writing and the Book Trade	30120	γραμματεα	1
80519	γραμματεύς	γραμματευς	Scribe	Writing and the Book Trade	30120	γραμματεα	1
80541	γραμματεύς	γραμματευς	Scribe	Writing and the Book Trade	30120	γραμματεα	1
80555	ἀρχιτέκτων	αρχιτεκτων	Architect	Construction	2120	αρχιτεκτονος	1
80557	ἀρχιτέκτων	αρχιτεκτων	Architect	Construction	2120	αρχιτεκτονος	1
80560	γραμματεύς	γραμματευς	Scribe	Writing and the Book Trade	30120	γραμματεα	1
80564	γραμματεύς	γραμματευς	Scribe	Writing and the Book Trade	30120	γραμματεα	1
80579	γραμματεύς	γραμματευς	Scribe	Writing and the Book Trade	30120	γραμματεα	1
80584	γραμματεύς	γραμματευς	Scribe	Writing and the Book Trade	30120	γραμματεα	1
80605	ἱερεύς 	ιερευς 	Priest, sacrificer	Miscellaneous	14990	ιερευς 	1
80627	ἱερεύς 	ιερευς 	Priest, sacrificer	Miscellaneous	14990	ιερευς 	1
81448	ἰατρός	ιατρος	Doctor	Miscellaneous	6110	ιατρος	1
81448	ἱερεύς 	ιερευς 	Priest, sacrificer	Miscellaneous	14990	ιερευς 	1
81449	ἰατρός	ιατρος	Doctor	Miscellaneous	6110	ιατρου	1
81449	ἱερεύς 	ιερευς 	Priest, sacrificer	Miscellaneous	14990	ιερευς 	1
81523	κάπηλος	καπηλος	Retailer	Miscellaneous Retail	49190	καπηλος	1
81523	σκηνίτης	σκηνιτης	Stallholder	Miscellaneous Retail	45190	σκηνιτης	1
81574	τέκτων	τεκτων	Carpenter/joiner	Woodwork	95110	τεκτονα	1
81583	κρανοποιός	κρανοποιος	Helmet maker	Armaments	72990	κρανοποιον	1
81586	κάπηλος	καπηλος	Retailer	Miscellaneous Retail	49190	καπηλον	1
81590	μολυβδοκόπος	μολυβδοκοπος	Lead cutter	Metalwork	72110	μολυβδοκοπον	1
81667	κεραμεύς	κεραμευς	Potter	Ceramics	89120	κεραμευς	1
81715	κεραμεύς	κεραμευς	Potter	Ceramics	89120	κεραμευς	1
81775	κεραμεύς	κεραμευς	Potter	Ceramics	89120	κεραμευς	1
81803	κεραμεύς	κεραμευς	Potter	Ceramics	89120	κεραμευς	1
81821	τέκτων	τεκτων	Carpenter/joiner	Woodwork	95110	τεκτον	1
81822	κεραμεύς	κεραμευς	Potter	Ceramics	89120	κεραμευς	1
81834	κεραμεύς	κεραμευς	Potter	Ceramics	89120	κεραμευς	1
81850	κεραμεύς	κεραμευς	Potter	Ceramics	89120	κεραμευς	1
82009	γραμματεύς	γραμματευς	Scribe	Writing and the Book Trade	30120	γραμματευς	1
82019	ἀρχιτέκτων	αρχιτεκτων	Architect	Construction	2120	αρχιτεκτων	1
82026	διδάσκαλος	διδασκαλος	Teacher	Education and Training	13130	διδασκαλον	1
82042	ὑπηρετής	υπηρετης	Architect’s assistant	Construction	95990	υπηρετας	1
82042	ἱεροποιός	ιεροποιος	Sacrificer	Miscellaneous	14990	ιεροποιων	1
82058	γραμματεύς	γραμματευς	Scribe	Writing and the Book Trade	30120	γραμματεα	1
82059	ἱεροποιός	ιεροποιος	Sacrificer	Miscellaneous	14990	ιεροποιοις	1
82217	γραμματεύς	γραμματευς	Scribe	Writing and the Book Trade	30120	γραμματεα	1
82218	παιδοτρίβης	παιδοτριβης	Physical trainer	Education and Training	18190	παιδοτριβην	1
82218	γραμματεύς	γραμματευς	Scribe	Writing and the Book Trade	30120	γραμματεα	1
82231	γραμματεύς	γραμματευς	Scribe	Writing and the Book Trade	30120	γραμματευς	1
82262	παιδοτρίβης	παιδοτριβης	Physical trainer	Education and Training	18190	παιδοτριβην	1
82266	ἱερεύς 	ιερευς 	Priest, sacrificer	Miscellaneous	14990	ιερευς 	1
82330	γραμματεύς	γραμματευς	Scribe	Writing and the Book Trade	30120	γραμματεα	1
82340	γραμματεύς	γραμματευς	Scribe	Writing and the Book Trade	30120	γραμματευς	1
82340	ἱερεύς 	ιερευς 	Priest, sacrificer	Miscellaneous	14990	ιερευς 	1
82341	ὑπηρετής	υπηρετης	Architect’s assistant	Construction	95990	υπηρετης	1
82341	γραμματεύς	γραμματευς	Scribe	Writing and the Book Trade	30120	γραμματευς	1
82348	γραμματεύς	γραμματευς	Scribe	Writing and the Book Trade	30120	γραμματεα	1
82355	γραμματεύς	γραμματευς	Scribe	Writing and the Book Trade	30120	γραμματεα	1
82370	γραμματεύς	γραμματευς	Scribe	Writing and the Book Trade	30120	γραμματεα	1
82373	γραμματεύς	γραμματευς	Scribe	Writing and the Book Trade	30120	γραμματεα	1
82377	διδάσκαλος	διδασκαλος	Teacher	Education and Training	13130	διδασκαλους	1
82377	γραμματεύς	γραμματευς	Scribe	Writing and the Book Trade	30120	γραμματεα	1
82383	γραμματεύς	γραμματευς	Scribe	Writing and the Book Trade	30120	γραμματεα	1
82390	γραμματεύς	γραμματευς	Scribe	Writing and the Book Trade	30120	γραμματεα	1
82400	γραμματεύς	γραμματευς	Scribe	Writing and the Book Trade	30120	γραμματεα	1
82408	ὑπηρετής	υπηρετης	Architect’s assistant	Construction	95990	υπηρετης	1
82423	ἱερεύς 	ιερευς 	Priest, sacrificer	Miscellaneous	14990	ιερευς 	1
82447	γραμματεύς	γραμματευς	Scribe	Writing and the Book Trade	30120	γραμματεα	1
82448	γραμματεύς	γραμματευς	Scribe	Writing and the Book Trade	30120	γραμματεα	1
82458	γραμματεύς	γραμματευς	Scribe	Writing and the Book Trade	30120	γραμματεα	1
82465	γραμματεύς	γραμματευς	Scribe	Writing and the Book Trade	30120	γραμματευς	1
82467	γραμματεύς	γραμματευς	Scribe	Writing and the Book Trade	30120	γραμματεα	1
82468	γραμματεύς	γραμματευς	Scribe	Writing and the Book Trade	30120	γραμματεα	1
82469	διδάσκαλος	διδασκαλος	Teacher	Education and Training	13130	διδασκαλους	1
82469	ὁπλομάχος	οπλομαχος	Weapons trainer	Education and Training	18190	οπλομαχον	1
82469	παιδοτρίβης	παιδοτριβης	Physical trainer	Education and Training	18190	παιδοτριβην	1
82469	γραμματεύς	γραμματευς	Scribe	Writing and the Book Trade	30120	γραμματεα	1
82473	γραμματεύς	γραμματευς	Scribe	Writing and the Book Trade	30120	γραμματευς	1
82508	γραμματεύς	γραμματευς	Scribe	Writing and the Book Trade	30120	γραμματεα	1
82512	γραμματεύς	γραμματευς	Scribe	Writing and the Book Trade	30120	γραμματεα	1
82527	ἀμόργινος	αμοργινος	Amorgan-technique linen worker	Textiles	75130	αμοργινον	1
82570	χαλκεύς	χαλκευς	Smith	Metalwork	72110	χαλκεα	1
82619	γραμματεύς	γραμματευς	Scribe	Writing and the Book Trade	30120	γραμματεα	1
82627	γραμματεύς	γραμματευς	Scribe	Writing and the Book Trade	30120	γραμματεα	1
82697	ἀρχιτέκτων	αρχιτεκτων	Architect	Construction	2120	αρχιτεκτονα	1
82697	γραμματεύς	γραμματευς	Scribe	Writing and the Book Trade	30120	γραμματεα	1
82716	γραμματεύς	γραμματευς	Scribe	Writing and the Book Trade	30120	γραμματεα	1
82718	γραμματεύς	γραμματευς	Scribe	Writing and the Book Trade	30120	γραμματεα	1
82993	γραμματεύς	γραμματευς	Scribe	Writing and the Book Trade	30120	γραμματεα	1
82995	γραμματεύς	γραμματευς	Scribe	Writing and the Book Trade	30120	γραμματεως	1
83209	γραμματεύς	γραμματευς	Scribe	Writing and the Book Trade	30120	γραμματευς	1
83209	ἱερεύς 	ιερευς 	Priest, sacrificer	Miscellaneous	14990	ιερευς 	1
83214	γραμματεύς	γραμματευς	Scribe	Writing and the Book Trade	30120	γραμματεα	1
83285	γραμματεύς	γραμματευς	Scribe	Writing and the Book Trade	30120	γραμματεα	1
83310	τέκτων	τεκτων	Carpenter/joiner	Woodwork	95110	τεκτονας	1
84043	ὁπλομάχος	οπλομαχος	Weapons trainer	Education and Training	18190	οπλομαχος	1
84104	ἱερεύς 	ιερευς 	Priest, sacrificer	Miscellaneous	14990	ιερευς 	1
84147	ἀμόργινος	αμοργινος	Amorgan-technique linen worker	Textiles	75130	αμοργινον	1
84174	γραμματεύς	γραμματευς	Scribe	Writing and the Book Trade	30120	γραμματεα	1
84179	διδάσκαλος	διδασκαλος	Teacher	Education and Training	13130	διδασκαλους	1
84179	γραμματεύς	γραμματευς	Scribe	Writing and the Book Trade	30120	γραμματεα	1
84180	διδάσκαλος	διδασκαλος	Teacher	Education and Training	13130	διδασκαλους	1
84184	διδάσκαλος	διδασκαλος	Teacher	Education and Training	13130	διδασκαλον	1
84425	φιλόσοφος	φιλοσοφος	Philosopher/sophist	Education and Training	19190	φιλοσοφου	1
84428	ἱερεύς 	ιερευς 	Priest, sacrificer	Miscellaneous	14990	ιερευς 	1
84436	ἱερεύς 	ιερευς 	Priest, sacrificer	Miscellaneous	14990	ιερευς 	1
84441	ἱερεύς 	ιερευς 	Priest, sacrificer	Miscellaneous	14990	ιερευς 	1
84456	γραμματεύς	γραμματευς	Scribe	Writing and the Book Trade	30120	γραμματευς	1
84459	γραμματεύς	γραμματευς	Scribe	Writing and the Book Trade	30120	γραμματευς	1
84462	ἱερεύς 	ιερευς 	Priest, sacrificer	Miscellaneous	14990	ιερευς 	1
84465	γραμματεύς	γραμματευς	Scribe	Writing and the Book Trade	30120	γραμματεα|γραμματει	2
84466	γραμματεύς	γραμματευς	Scribe	Writing and the Book Trade	30120	γραμματεα	1
84467	ἀρχιτέκτων	αρχιτεκτων	Architect	Construction	2120	αρχιτεκτονας|αρχιτεκτονες|αρχιτεκτοσι	3
84467	γραμματεύς	γραμματευς	Scribe	Writing and the Book Trade	30120	γραμματεα|γραμματει	2
84470	γραμματεύς	γραμματευς	Scribe	Writing and the Book Trade	30120	γραμματεα	1
84471	γραμματεύς	γραμματευς	Scribe	Writing and the Book Trade	30120	γραμματεα	1
84473	γραμματεύς	γραμματευς	Scribe	Writing and the Book Trade	30120	γραμματεα|γραμματευς	2
84476	γραμματεύς	γραμματευς	Scribe	Writing and the Book Trade	30120	γραμματευς	1
84477	γραμματεύς	γραμματευς	Scribe	Writing and the Book Trade	30120	γραμματεα	1
84477	ἱεροποιός	ιεροποιος	Sacrificer	Miscellaneous	14990	ιεροποιοι	1
84478	γραμματεύς	γραμματευς	Scribe	Writing and the Book Trade	30120	γραμματεα	1
84481	ἱεροποιός	ιεροποιος	Sacrificer	Miscellaneous	14990	ιεροποιοι|ιεροποιοις|ιεροποιους|ιεροποιων	4
84482	γραμματεύς	γραμματευς	Scribe	Writing and the Book Trade	30120	γραμματεα	1
84482	ἱεροποιός	ιεροποιος	Sacrificer	Miscellaneous	14990	ιεροποιοι|ιεροποιον|ιεροποιους	3
84488	γραμματεύς	γραμματευς	Scribe	Writing and the Book Trade	30120	γραμματεα	1
84491	ἔμπορος	εμπορος	Maritime trader	Seafaring/Maritime	41110	εμποροις	1
84492	γραμματεύς	γραμματευς	Scribe	Writing and the Book Trade	30120	γραμματεα	1
84496	γραμματεύς	γραμματευς	Scribe	Writing and the Book Trade	30120	γραμματεα	1
84503	γραμματεύς	γραμματευς	Scribe	Writing and the Book Trade	30120	γραμματεα	1
84504	γραμματεύς	γραμματευς	Scribe	Writing and the Book Trade	30120	γραμματεα	1
84505	γραμματεύς	γραμματευς	Scribe	Writing and the Book Trade	30120	γραμματεα	1
84508	ὑποκριτής	υποκριτης	Actor	Drama and Entertainment	17120	υποκριτης	1
84512	γραμματεύς	γραμματευς	Scribe	Writing and the Book Trade	30120	γραμματεα	1
84516	ἱερεύς 	ιερευς 	Priest, sacrificer	Miscellaneous	14990	ιερευς 	1
84518	γραμματεύς	γραμματευς	Scribe	Writing and the Book Trade	30120	γραμματεα|γραμματευς	2
84531	ἔμπορος	εμπορος	Maritime trader	Seafaring/Maritime	41110	εμπορων	1
84531	γραμματεύς	γραμματευς	Scribe	Writing and the Book Trade	30120	γραμματεα	1
84542	γραμματεύς	γραμματευς	Scribe	Writing and the Book Trade	30120	γραμματεα	1
84545	γραμματεύς	γραμματευς	Scribe	Writing and the Book Trade	30120	γραμματεα	1
84547	ἔμπορος	εμπορος	Maritime trader	Seafaring/Maritime	41110	εμποροι	1
84547	ναύκληρος	ναυκληρος	Shipmaster	Seafaring/Maritime	98110	ναυκληροι	1
84547	γραμματεύς	γραμματευς	Scribe	Writing and the Book Trade	30120	γραμματεα	1
84606	κιθαριστής	κιθαριστης	Kithara teacher/player	Education and Training	13920	κιθαριστης	1
84621	κιθαριστής	κιθαριστης	Kithara teacher/player	Education and Training	13920	κιθαριστας	1
84645	μουσικός	μουσικος	Musician	Drama and Entertainment	17320	μουσικος	1
84648	ῥήτωρ	ρητωρ	Orator	Literature and Scholarship	17150	ρητωρ	1
84673	ἱερεύς 	ιερευς 	Priest, sacrificer	Miscellaneous	14990	ιερευς 	1
84708	παγκρατιαστής	παγκρατιαστης	Pancratiast	Sports and Competition	18990	παγκρατιαστης	1
84730	γραμματεύς	γραμματευς	Scribe	Writing and the Book Trade	30120	γραμματεως	1
84747	γραμματεύς	γραμματευς	Scribe	Writing and the Book Trade	30120	γραμματεα	1
84794	πένταθλος	πενταθλος	Pentathlete	Sports and Competition	18990	πενταθλων	1
84795	πένταθλος	πενταθλος	Pentathlete	Sports and Competition	18990	πενταθλων	1
84814	γραμματεύς	γραμματευς	Scribe	Writing and the Book Trade	30120	γραμματεως	1
84829	γραμματεύς	γραμματευς	Scribe	Writing and the Book Trade	30120	γραμματεα	1
84882	γραμματεύς	γραμματευς	Scribe	Writing and the Book Trade	30120	γραμματεως	1
84883	γραμματεύς	γραμματευς	Scribe	Writing and the Book Trade	30120	γραμματεως	1
84961	κελευστής	κελευστης	Rowing master	Seafaring/Maritime	98110	κελευστην|κελευστης	2
84975	ὑποκριτής	υποκριτης	Actor	Drama and Entertainment	17120	υποκριτας	1
84975	ἰατρός	ιατρος	Doctor	Miscellaneous	6110	ιατρος	1
84977	ἰατρός	ιατρος	Doctor	Miscellaneous	6110	ιατρος	1
85003	ἀρχιτέκτων	αρχιτεκτων	Architect	Construction	2120	αρχιτεκτονι	1
85003	γραμματιστής	γραμματιστης	Elementary school teacher	Education and Training	13130	γραμματισται	1
85003	χαλκεύς	χαλκευς	Smith	Metalwork	72110	χαλκει	1
85003	λιθαγωγός	λιθαγωγος	Stone haulier	Transport	98310	λιθαγωγοις	1
85008	ἀρχιτέκτων	αρχιτεκτων	Architect	Construction	2120	αρχιτεκτονι	1
85008	γραμματιστής	γραμματιστης	Elementary school teacher	Education and Training	13130	γραμματισται	1
85008	λιθαγωγός	λιθαγωγος	Stone haulier	Transport	98310	λιθαγωγοις	1
85018	ἀρχιτέκτων	αρχιτεκτων	Architect	Construction	2120	αρχιτεκτονι	1
85022	ἀρχιτέκτων	αρχιτεκτων	Architect	Construction	2120	αρχιτεκτονι	1
85026	ἀρχιτέκτων	αρχιτεκτων	Architect	Construction	2120	αρχιτεκτονι	1
85031	ἀρχιτέκτων	αρχιτεκτων	Architect	Construction	2120	αρχιτεκτονι	1
85034	γραμματιστής	γραμματιστης	Elementary school teacher	Education and Training	13130	γραμματισται	1
85040	ἀρχιτέκτων	αρχιτεκτων	Architect	Construction	2120	αρχιτεκτονος	1
85042	ἀρχιτέκτων	αρχιτεκτων	Architect	Construction	2120	αρχιτεκτονι	1
85042	γραμματιστής	γραμματιστης	Elementary school teacher	Education and Training	13130	γραμματισταις	1
85057	γραμματεύς	γραμματευς	Scribe	Writing and the Book Trade	30120	γραμματει	1
85060	γραμματεύς	γραμματευς	Scribe	Writing and the Book Trade	30120	γραμματευς	1
85061	ἀρχιτέκτων	αρχιτεκτων	Architect	Construction	2120	αρχιτεκτονι	1
85061	γραμματεύς	γραμματευς	Scribe	Writing and the Book Trade	30120	γραμματει	1
85071	ἀρχιτέκτων	αρχιτεκτων	Architect	Construction	2120	αρχιτεκτονι	1
85072	ἀρχιτέκτων	αρχιτεκτων	Architect	Construction	2120	αρχιτεκτονι	1
85073	γραμματεύς	γραμματευς	Scribe	Writing and the Book Trade	30120	γραμματει	1
85083	ἀρχιτέκτων	αρχιτεκτων	Architect	Construction	2120	αρχιτεκτονι	1
85087	γραμματεύς	γραμματευς	Scribe	Writing and the Book Trade	30120	γραμματει	1
85091	ἱπποδρόμος	ιπποδρομος	Charioteer	Sports and Competition	18990	ιπποδρομω	1
85092	γραμματεύς	γραμματευς	Scribe	Writing and the Book Trade	30120	γραμματει	1
85097	ἀρχιτέκτων	αρχιτεκτων	Architect	Construction	2120	αρχιτεκτων	1
85100	γραμματεύς	γραμματευς	Scribe	Writing and the Book Trade	30120	γραμματει	1
85107	γραμματεύς	γραμματευς	Scribe	Writing and the Book Trade	30120	γραμματευς	1
85108	γραμματεύς	γραμματευς	Scribe	Writing and the Book Trade	30120	γραμματει	1
85118	ἀρχιτέκτων	αρχιτεκτων	Architect	Construction	2120	αρχιτεκτων	1
85141	ἔμπορος	εμπορος	Maritime trader	Seafaring/Maritime	41110	εμπορους	1
85141	ὑπηρετής	υπηρετης	Architect’s assistant	Construction	95990	υπηρεται	1
85142	ἱπποδρόμος	ιπποδρομος	Charioteer	Sports and Competition	18990	ιπποδρομον|ιπποδρομου	2
85142	πένταθλος	πενταθλος	Pentathlete	Sports and Competition	18990	πενταθλοις	1
85318	ποιητής	ποιητης	Maker, poet	Literature and Scholarship	17150	ποιητης	1
85377	γραμματεύς	γραμματευς	Scribe	Writing and the Book Trade	30120	γραμματεως	1
85439	φιλόσοφος	φιλοσοφος	Philosopher/sophist	Education and Training	19190	φιλοσοφον	1
85440	φιλόσοφος	φιλοσοφος	Philosopher/sophist	Education and Training	19190	φιλοσοφον	1
85443	παιδοτρίβης	παιδοτριβης	Physical trainer	Education and Training	18190	παιδοτριβην	1
85453	γραμματικός	γραμματικος	Grammarian	Literature and Scholarship	13920	γραμματικον	1
85453	ποιητής	ποιητης	Maker, poet	Literature and Scholarship	17150	ποιητην	1
85457	ποιητής	ποιητης	Maker, poet	Literature and Scholarship	17150	ποιητην	1
85546	ποιητής	ποιητης	Maker, poet	Literature and Scholarship	17150	ποιητης	1
85589	μουσικός	μουσικος	Musician	Drama and Entertainment	17320	μουσικον	1
85640	γραμματεύς	γραμματευς	Scribe	Writing and the Book Trade	30120	γραμματεα|γραμματευς	2
85641	γραμματεύς	γραμματευς	Scribe	Writing and the Book Trade	30120	γραμματεα|γραμματευς	2
85650	γραμματεύς	γραμματευς	Scribe	Writing and the Book Trade	30120	γραμματεα|γραμματει	2
85761	γραμματεύς	γραμματευς	Scribe	Writing and the Book Trade	30120	γραμματεα	1
85769	γραμματικός	γραμματικος	Grammarian	Literature and Scholarship	13920	γραμματικον	1
85774	θαυματοποιός	θαυματοποιος	street fair entertainer/ puppeteer	Drama and Entertainment	17990	θαυματοποιον	1
85782	ζευγότροφος	ζευγοτροφος	Teamster	Agriculture, Animal Husbandry	61110	ζευγοτροφων	1
85788	διδάσκαλος	διδασκαλος	Teacher	Education and Training	13130	διδασκαλος	1
85790	γραμματεύς	γραμματευς	Scribe	Writing and the Book Trade	30120	γραμματεα	1
85793	ἱππικός	ιππικος	Riding trainer	Education and Training	18190	ιππικον	1
85793	μουσικός	μουσικος	Musician	Drama and Entertainment	17320	μουσικον	1
85795	ἱππικός	ιππικος	Riding trainer	Education and Training	18190	ιππικον	1
85795	μουσικός	μουσικος	Musician	Drama and Entertainment	17320	μουσικον	1
85797	μουσικός	μουσικος	Musician	Drama and Entertainment	17320	μουσικον	1
85801	γραφεύς	γραφευς	Scrivener/copyist	Writing and the Book Trade	30120	γραφευς	1
85801	ναύτης	ναυτης	Sailor	Seafaring/Maritime	98110	ναυται	1
85801	ποιητής	ποιητης	Maker, poet	Literature and Scholarship	17150	ποιηται	1
85840	ἱεροποιός	ιεροποιος	Sacrificer	Miscellaneous	14990	ιεροποιοι	1
85875	ποιητής	ποιητης	Maker, poet	Literature and Scholarship	17150	ποιητης	1
85882	γραμματεύς	γραμματευς	Scribe	Writing and the Book Trade	30120	γραμματευς	1
85885	παιδοτρίβης	παιδοτριβης	Physical trainer	Education and Training	18190	παιδοτριβης	1
85887	ὑποκριτής	υποκριτης	Actor	Drama and Entertainment	17120	υποκριτην	1
85889	γραμματεύς	γραμματευς	Scribe	Writing and the Book Trade	30120	γραμματευς	1
85907	ἱερεύς 	ιερευς 	Priest, sacrificer	Miscellaneous	14990	ιερευς 	1
85924	ἱερεύς 	ιερευς 	Priest, sacrificer	Miscellaneous	14990	ιερευς 	1
85925	ἱερεύς 	ιερευς 	Priest, sacrificer	Miscellaneous	14990	ιερευς 	1
85931	διδάσκαλος	διδασκαλος	Teacher	Education and Training	13130	διδασκαλοι	1
85946	διδάσκαλος	διδασκαλος	Teacher	Education and Training	13130	διδασκαλων	1
85946	ἱππικός	ιππικος	Riding trainer	Education and Training	18190	ιππικον	1
85946	ὁπλομάχος	οπλομαχος	Weapons trainer	Education and Training	18190	οπλομαχου	1
85946	γραμματεύς	γραμματευς	Scribe	Writing and the Book Trade	30120	γραμματεως	1
85951	γραμματεύς	γραμματευς	Scribe	Writing and the Book Trade	30120	γραμματευς	1
85971	διδάσκαλος	διδασκαλος	Teacher	Education and Training	13130	διδασκαλον	1
85971	κιθαριστής	κιθαριστης	Kithara teacher/player	Education and Training	13920	κιθαριστας	1
85972	διδάσκαλος	διδασκαλος	Teacher	Education and Training	13130	διδασκαλον	1
85972	κιθαριστής	κιθαριστης	Kithara teacher/player	Education and Training	13920	κιθαριστας	1
85972	ποιητής	ποιητης	Maker, poet	Literature and Scholarship	17150	ποιητας	1
85972	ὑποδιδάσκαλος	υποδιδασκαλος	Teacher’s assistant	Education and Training	13990	υποδιδασκαλον	1
85975	ποιητής	ποιητης	Maker, poet	Literature and Scholarship	17150	ποιητας|ποιητης	2
85979	ἱεροποιός	ιεροποιος	Sacrificer	Miscellaneous	14990	ιεροποιοι	1
85982	ἱερεύς 	ιερευς 	Priest, sacrificer	Miscellaneous	14990	ιερευς 	1
85984	ἱερεύς 	ιερευς 	Priest, sacrificer	Miscellaneous	14990	ιερευς 	1
85986	ἱερεύς 	ιερευς 	Priest, sacrificer	Miscellaneous	14990	ιερευς 	1
85987	ἱερεύς 	ιερευς 	Priest, sacrificer	Miscellaneous	14990	ιερευς 	1
85988	ἱερεύς 	ιερευς 	Priest, sacrificer	Miscellaneous	14990	ιερευς 	1
85989	ἱερεύς 	ιερευς 	Priest, sacrificer	Miscellaneous	14990	ιερευς 	1
85990	ἱερεύς 	ιερευς 	Priest, sacrificer	Miscellaneous	14990	ιερευς 	1
85991	ἱερεύς 	ιερευς 	Priest, sacrificer	Miscellaneous	14990	ιερευς 	1
85992	ἱεροποιός	ιεροποιος	Sacrificer	Miscellaneous	14990	ιεροποιος	1
85992	ἱερεύς 	ιερευς 	Priest, sacrificer	Miscellaneous	14990	ιερευς 	1
85993	ἱεροποιός	ιεροποιος	Sacrificer	Miscellaneous	14990	ιεροποιος	1
85993	ἱερεύς 	ιερευς 	Priest, sacrificer	Miscellaneous	14990	ιερευς 	1
85996	ποιητής	ποιητης	Maker, poet	Literature and Scholarship	17150	ποιητην|ποιητων	2
85996	γραμματεύς	γραμματευς	Scribe	Writing and the Book Trade	30120	γραμματεως	1
86006	ποιητής	ποιητης	Maker, poet	Literature and Scholarship	17150	ποιητης	1
86014	γραμματεύς	γραμματευς	Scribe	Writing and the Book Trade	30120	γραμματεα	1
86018	γραμματεύς	γραμματευς	Scribe	Writing and the Book Trade	30120	γραμματεα	1
86038	ὑποκριτής	υποκριτης	Actor	Drama and Entertainment	17120	υποκριτην	1
86048	γραμματικός	γραμματικος	Grammarian	Literature and Scholarship	13920	γραμματικον	1
86049	φιλόσοφος	φιλοσοφος	Philosopher/sophist	Education and Training	19190	φιλοσοφον	1
86050	ἰατρός	ιατρος	Doctor	Miscellaneous	6110	ιατρον	1
86053	ἱερεύς 	ιερευς 	Priest, sacrificer	Miscellaneous	14990	ιερευς 	1
86055	ἱερεύς 	ιερευς 	Priest, sacrificer	Miscellaneous	14990	ιερευς 	1
86075	γραμματεύς	γραμματευς	Scribe	Writing and the Book Trade	30120	γραμματεα	1
86076	γραμματεύς	γραμματευς	Scribe	Writing and the Book Trade	30120	γραμματεα	1
86159	γραμματεύς	γραμματευς	Scribe	Writing and the Book Trade	30120	γραμματευς	1
86162	ἱερεύς 	ιερευς 	Priest, sacrificer	Miscellaneous	14990	ιερευς 	1
86164	ἱερεύς 	ιερευς 	Priest, sacrificer	Miscellaneous	14990	ιερευς 	1
86183	γραμματεύς	γραμματευς	Scribe	Writing and the Book Trade	30120	γραμματευς	1
86232	ἱερεύς 	ιερευς 	Priest, sacrificer	Miscellaneous	14990	ιερευς 	1
86233	ἱερεύς 	ιερευς 	Priest, sacrificer	Miscellaneous	14990	ιερευς 	1
86237	ἱερεύς 	ιερευς 	Priest, sacrificer	Miscellaneous	14990	ιερευς 	1
86239	ἱερεύς 	ιερευς 	Priest, sacrificer	Miscellaneous	14990	ιερευς 	1
86246	ἱερεύς 	ιερευς 	Priest, sacrificer	Miscellaneous	14990	ιερευς 	1
86248	ἱερεύς 	ιερευς 	Priest, sacrificer	Miscellaneous	14990	ιερευς 	1
86249	ἱερεύς 	ιερευς 	Priest, sacrificer	Miscellaneous	14990	ιερευς 	1
86252	ἱερεύς 	ιερευς 	Priest, sacrificer	Miscellaneous	14990	ιερευς 	1
86268	ἱερεύς 	ιερευς 	Priest, sacrificer	Miscellaneous	14990	ιερευς 	1
86278	ἱερεύς 	ιερευς 	Priest, sacrificer	Miscellaneous	14990	ιερευς 	1
86285	γραμματεύς	γραμματευς	Scribe	Writing and the Book Trade	30120	γραμματευς	1
86290	ἱερεύς 	ιερευς 	Priest, sacrificer	Miscellaneous	14990	ιερευς 	1
86385	ἱερεύς 	ιερευς 	Priest, sacrificer	Miscellaneous	14990	ιερευς 	1
86392	ἱερεύς 	ιερευς 	Priest, sacrificer	Miscellaneous	14990	ιερευς 	1
86395	ἱερεύς 	ιερευς 	Priest, sacrificer	Miscellaneous	14990	ιερευς 	1
86401	ἱερεύς 	ιερευς 	Priest, sacrificer	Miscellaneous	14990	ιερευς 	1
86407	γραμματεύς	γραμματευς	Scribe	Writing and the Book Trade	30120	γραμματεα	1
86438	ἱερεύς 	ιερευς 	Priest, sacrificer	Miscellaneous	14990	ιερευς 	1
86439	ἱερεύς 	ιερευς 	Priest, sacrificer	Miscellaneous	14990	ιερευς 	1
86447	ἀρχιτέκτων	αρχιτεκτων	Architect	Construction	2120	αρχιτεκτων	1
86447	γραμματεύς	γραμματευς	Scribe	Writing and the Book Trade	30120	γραμματεα	1
86482	ἱππικός	ιππικος	Riding trainer	Education and Training	18190	ιππικον	1
86482	μουσικός	μουσικος	Musician	Drama and Entertainment	17320	μουσικον	1
86488	ποιητής	ποιητης	Maker, poet	Literature and Scholarship	17150	ποιητας	1
86493	χαλκεύς	χαλκευς	Smith	Metalwork	72110	χαλκεας	1
86493	γραμματεύς	γραμματευς	Scribe	Writing and the Book Trade	30120	γραμματεα	1
86496	γραμματεύς	γραμματευς	Scribe	Writing and the Book Trade	30120	γραμματεα	1
86498	χαλκεύς	χαλκευς	Smith	Metalwork	72110	χαλκεας	1
86498	γραμματεύς	γραμματευς	Scribe	Writing and the Book Trade	30120	γραμματεα	1
86501	γραμματεύς	γραμματευς	Scribe	Writing and the Book Trade	30120	γραμματεα	1
86516	ἱππικός	ιππικος	Riding trainer	Education and Training	18190	ιππικον	1
86516	μουσικός	μουσικος	Musician	Drama and Entertainment	17320	μουσικον	1
86516	γραμματεύς	γραμματευς	Scribe	Writing and the Book Trade	30120	γραμματευς	1
86517	μουσικός	μουσικος	Musician	Drama and Entertainment	17320	μουσικον	1
86518	ἱππικός	ιππικος	Riding trainer	Education and Training	18190	ιππικον	1
86518	μουσικός	μουσικος	Musician	Drama and Entertainment	17320	μουσικον	1
86520	σοφιστής	σοφιστης	Philosopher/sophist	Education and Training	19190	σοφιστην	1
86521	σοφιστής	σοφιστης	Philosopher/sophist	Education and Training	19190	σοφιστην	1
86541	ἱππικός	ιππικος	Riding trainer	Education and Training	18190	ιππικον	1
86541	μουσικός	μουσικος	Musician	Drama and Entertainment	17320	μουσικον	1
86564	ἱερεύς 	ιερευς 	Priest, sacrificer	Miscellaneous	14990	ιερευς 	1
86579	ἱερεύς 	ιερευς 	Priest, sacrificer	Miscellaneous	14990	ιερευς 	1
86584	ἰατρός	ιατρος	Doctor	Miscellaneous	6110	ιατρω	1
86620	ἱερεύς 	ιερευς 	Priest, sacrificer	Miscellaneous	14990	ιερευς 	1
86634	ἱερεύς 	ιερευς 	Priest, sacrificer	Miscellaneous	14990	ιερευς 	1
86642	ἱερεύς 	ιερευς 	Priest, sacrificer	Miscellaneous	14990	ιερευς 	1
86657	ἱερεύς 	ιερευς 	Priest, sacrificer	Miscellaneous	14990	ιερευς 	1
86693	ἱερεύς 	ιερευς 	Priest, sacrificer	Miscellaneous	14990	ιερευς 	1
86704	ἱερεύς 	ιερευς 	Priest, sacrificer	Miscellaneous	14990	ιερευς 	1
86710	ἱερεύς 	ιερευς 	Priest, sacrificer	Miscellaneous	14990	ιερευς 	1
86724	ἱερεύς 	ιερευς 	Priest, sacrificer	Miscellaneous	14990	ιερευς 	1
86811	ἰατρός	ιατρος	Doctor	Miscellaneous	6110	ιατρος	1
86814	γραμματικός	γραμματικος	Grammarian	Literature and Scholarship	13920	γραμματικος	1
86815	γραμματικός	γραμματικος	Grammarian	Literature and Scholarship	13920	γραμματικος	1
86833	ἀρτοκόπος	αρτοκοπος	Baker	Food Preparation and Retail	53120	αρτοκοπον	1
86833	κεραμεύς	κεραμευς	Potter	Ceramics	89120	κεραμεις	1
86843	ἰατρός	ιατρος	Doctor	Miscellaneous	6110	ιατρω	1
86847	φιλόσοφος	φιλοσοφος	Philosopher/sophist	Education and Training	19190	φιλοσοφω	1
86850	φιλόσοφος	φιλοσοφος	Philosopher/sophist	Education and Training	19190	φιλοσοφοις	1
86852	ἀρχιτέκτων	αρχιτεκτων	Architect	Construction	2120	αρχιτεκτονα	1
86859	φιλόσοφος	φιλοσοφος	Philosopher/sophist	Education and Training	19190	φιλοσοφω	1
86861	γραμματεύς	γραμματευς	Scribe	Writing and the Book Trade	30120	γραμματεως	1
86864	φιλόσοφος	φιλοσοφος	Philosopher/sophist	Education and Training	19190	φιλοσοφω	1
86867	φιλόσοφος	φιλοσοφος	Philosopher/sophist	Education and Training	19190	φιλοσοφω	1
86868	ποιητής	ποιητης	Maker, poet	Literature and Scholarship	17150	ποιητη	1
86873	φιλόσοφος	φιλοσοφος	Philosopher/sophist	Education and Training	19190	φιλοσοφον	1
86874	ποιητής	ποιητης	Maker, poet	Literature and Scholarship	17150	ποιητη	1
86888	κιθαριστής	κιθαριστης	Kithara teacher/player	Education and Training	13920	κιθαριστας	1
86889	κιθαριστής	κιθαριστης	Kithara teacher/player	Education and Training	13920	κιθαριστας	1
86922	ποιητής	ποιητης	Maker, poet	Literature and Scholarship	17150	ποιηται	1
87074	σοφιστής	σοφιστης	Philosopher/sophist	Education and Training	19190	σοφιστην	1
87094	γραμματεύς	γραμματευς	Scribe	Writing and the Book Trade	30120	γραμματευς	1
87136	γραμματεύς	γραμματευς	Scribe	Writing and the Book Trade	30120	γραμματευς	1
87188	ἰατρός	ιατρος	Doctor	Miscellaneous	6110	ιατρον	1
87195	διδάσκαλος	διδασκαλος	Teacher	Education and Training	13130	διδασκαλος	1
87195	ποιητής	ποιητης	Maker, poet	Literature and Scholarship	17150	ποιηται	1
87200	ἀρχιτέκτων	αρχιτεκτων	Architect	Construction	2120	αρχιτεκτονα	1
87200	γραμματεύς	γραμματευς	Scribe	Writing and the Book Trade	30120	γραμματεα	1
87208	γραμματεύς	γραμματευς	Scribe	Writing and the Book Trade	30120	γραμματεα	1
87327	ἱερεύς 	ιερευς 	Priest, sacrificer	Miscellaneous	14990	ιερευς 	1
87346	ἡνίοχος	ηνιοχος	charioteer	Transport	98510	ηνιοχος	1
87375	διδάσκαλος	διδασκαλος	Teacher	Education and Training	13130	διδασκαλον	1
87375	σοφιστής	σοφιστης	Philosopher/sophist	Education and Training	19190	σοφιστην	1
87408	γραμματεύς	γραμματευς	Scribe	Writing and the Book Trade	30120	γραμματεως	1
87415	γραμματεύς	γραμματευς	Scribe	Writing and the Book Trade	30120	γραμματεως	1
87416	γραμματεύς	γραμματευς	Scribe	Writing and the Book Trade	30120	γραμματεως	1
87437	ὑποκριτής	υποκριτης	Actor	Drama and Entertainment	17120	υποκριτας	1
87437	ἰατρός	ιατρος	Doctor	Miscellaneous	6110	ιατρος	1
87440	ἰατρός	ιατρος	Doctor	Miscellaneous	6110	ιατρος	1
87452	ἀρχιτέκτων	αρχιτεκτων	Architect	Construction	2120	αρχιτεκτονι	1
87452	γραμματιστής	γραμματιστης	Elementary school teacher	Education and Training	13130	γραμματισται	1
87452	χαλκεύς	χαλκευς	Smith	Metalwork	72110	χαλκει	1
87452	λιθαγωγός	λιθαγωγος	Stone haulier	Transport	98310	λιθαγωγοις	1
87455	ἀρχιτέκτων	αρχιτεκτων	Architect	Construction	2120	αρχιτεκτονι	1
87456	ἀρχιτέκτων	αρχιτεκτων	Architect	Construction	2120	αρχιτεκτονι	1
87456	γραμματιστής	γραμματιστης	Elementary school teacher	Education and Training	13130	γραμματισται	1
87456	λιθαγωγός	λιθαγωγος	Stone haulier	Transport	98310	λιθαγωγοις	1
87458	ἀρχιτέκτων	αρχιτεκτων	Architect	Construction	2120	αρχιτεκτονι	1
87458	γραμματιστής	γραμματιστης	Elementary school teacher	Education and Training	13130	γραμματισται	1
87459	γραμματιστής	γραμματιστης	Elementary school teacher	Education and Training	13130	γραμματισται	1
87469	ἀρχιτέκτων	αρχιτεκτων	Architect	Construction	2120	αρχιτεκτονος	1
87470	ἀρχιτέκτων	αρχιτεκτων	Architect	Construction	2120	αρχιτεκτονι	1
87471	ἀρχιτέκτων	αρχιτεκτων	Architect	Construction	2120	αρχιτεκτονι	1
87475	ἀρχιτέκτων	αρχιτεκτων	Architect	Construction	2120	αρχιτεκτονι	1
87479	λιθαγωγός	λιθαγωγος	Stone haulier	Transport	98310	λιθαγωγος	1
87480	γραμματεύς	γραμματευς	Scribe	Writing and the Book Trade	30120	γραμματει	1
87482	γραμματεύς	γραμματευς	Scribe	Writing and the Book Trade	30120	γραμματευς	1
87483	ἀρχιτέκτων	αρχιτεκτων	Architect	Construction	2120	αρχιτεκτονι	1
87486	ἀρχιτέκτων	αρχιτεκτων	Architect	Construction	2120	αρχιτεκτονι	1
87486	γραμματεύς	γραμματευς	Scribe	Writing and the Book Trade	30120	γραμματει	1
87492	γραμματεύς	γραμματευς	Scribe	Writing and the Book Trade	30120	γραμματει	1
87497	γραμματεύς	γραμματευς	Scribe	Writing and the Book Trade	30120	γραμματει	1
87507	γραμματεύς	γραμματευς	Scribe	Writing and the Book Trade	30120	γραμματει	1
87510	ἀρχιτέκτων	αρχιτεκτων	Architect	Construction	2120	αρχιτεκτονι	1
87521	γραμματεύς	γραμματευς	Scribe	Writing and the Book Trade	30120	γραμματει	1
87521	λιθαγωγός	λιθαγωγος	Stone haulier	Transport	98310	λιθαγωγοις	1
87526	ἀρχιτέκτων	αρχιτεκτων	Architect	Construction	2120	αρχιτεκτων	1
87537	γραμματεύς	γραμματευς	Scribe	Writing and the Book Trade	30120	γραμματεως	1
87546	γραμματεύς	γραμματευς	Scribe	Writing and the Book Trade	30120	γραμματεως	1
87548	γραμματεύς	γραμματευς	Scribe	Writing and the Book Trade	30120	γραμματεως	1
87551	γραμματεύς	γραμματευς	Scribe	Writing and the Book Trade	30120	γραμματεως	1
87554	γραμματεύς	γραμματευς	Scribe	Writing and the Book Trade	30120	γραμματεως	1
87556	γραμματεύς	γραμματευς	Scribe	Writing and the Book Trade	30120	γραμματεως	1
87557	γραμματεύς	γραμματευς	Scribe	Writing and the Book Trade	30120	γραμματεως	1
87559	γραμματεύς	γραμματευς	Scribe	Writing and the Book Trade	30120	γραμματεως	1
87564	γραμματεύς	γραμματευς	Scribe	Writing and the Book Trade	30120	γραμματεως	1
87566	γραμματεύς	γραμματευς	Scribe	Writing and the Book Trade	30120	γραμματεως	1
87568	γραμματεύς	γραμματευς	Scribe	Writing and the Book Trade	30120	γραμματεως	1
87570	γραμματεύς	γραμματευς	Scribe	Writing and the Book Trade	30120	γραμματεως	1
87571	γραμματεύς	γραμματευς	Scribe	Writing and the Book Trade	30120	γραμματεως	1
87572	γραμματεύς	γραμματευς	Scribe	Writing and the Book Trade	30120	γραμματεως	1
87572	ἱερεύς 	ιερευς 	Priest, sacrificer	Miscellaneous	14990	ιερευς 	1
87573	γραμματεύς	γραμματευς	Scribe	Writing and the Book Trade	30120	γραμματεως	1
87574	γραμματεύς	γραμματευς	Scribe	Writing and the Book Trade	30120	γραμματεως	1
87576	γραμματεύς	γραμματευς	Scribe	Writing and the Book Trade	30120	γραμματεως	1
87579	γραμματεύς	γραμματευς	Scribe	Writing and the Book Trade	30120	γραμματεως	1
87582	γραμματεύς	γραμματευς	Scribe	Writing and the Book Trade	30120	γραμματεως	1
87586	γραμματεύς	γραμματευς	Scribe	Writing and the Book Trade	30120	γραμματεως	1
87589	γραμματεύς	γραμματευς	Scribe	Writing and the Book Trade	30120	γραμματεως	1
87592	γραμματεύς	γραμματευς	Scribe	Writing and the Book Trade	30120	γραμματεως	1
87598	γραμματεύς	γραμματευς	Scribe	Writing and the Book Trade	30120	γραμματεως	1
87603	γραμματεύς	γραμματευς	Scribe	Writing and the Book Trade	30120	γραμματεως	1
87617	ἱερεύς 	ιερευς 	Priest, sacrificer	Miscellaneous	14990	ιερευς 	1
87621	ἱερεύς 	ιερευς 	Priest, sacrificer	Miscellaneous	14990	ιερευς 	1
87631	ἱερεύς 	ιερευς 	Priest, sacrificer	Miscellaneous	14990	ιερευς 	1
87640	ἱερεύς 	ιερευς 	Priest, sacrificer	Miscellaneous	14990	ιερευς 	1
87655	ἱερεύς 	ιερευς 	Priest, sacrificer	Miscellaneous	14990	ιερευς 	1
87657	γραμματεύς	γραμματευς	Scribe	Writing and the Book Trade	30120	γραμματεως	1
87658	γραμματεύς	γραμματευς	Scribe	Writing and the Book Trade	30120	γραμματευς	1
87664	γραμματεύς	γραμματευς	Scribe	Writing and the Book Trade	30120	γραμματεως	1
87665	ἱερεύς 	ιερευς 	Priest, sacrificer	Miscellaneous	14990	ιερευς 	1
87674	γραμματεύς	γραμματευς	Scribe	Writing and the Book Trade	30120	γραμματεως	1
87675	γραμματεύς	γραμματευς	Scribe	Writing and the Book Trade	30120	γραμματεως	1
87676	γραμματεύς	γραμματευς	Scribe	Writing and the Book Trade	30120	γραμματεως	1
87677	γραμματεύς	γραμματευς	Scribe	Writing and the Book Trade	30120	γραμματεως	1
87680	γραμματεύς	γραμματευς	Scribe	Writing and the Book Trade	30120	γραμματεως	1
87682	γραμματεύς	γραμματευς	Scribe	Writing and the Book Trade	30120	γραμματεως	1
87686	γραμματεύς	γραμματευς	Scribe	Writing and the Book Trade	30120	γραμματεως	1
87687	γραμματεύς	γραμματευς	Scribe	Writing and the Book Trade	30120	γραμματεως	1
87690	ἱερεύς 	ιερευς 	Priest, sacrificer	Miscellaneous	14990	ιερευς 	1
87691	γραμματεύς	γραμματευς	Scribe	Writing and the Book Trade	30120	γραμματεως	1
87695	γραμματεύς	γραμματευς	Scribe	Writing and the Book Trade	30120	γραμματεως	1
87699	ἱερεύς 	ιερευς 	Priest, sacrificer	Miscellaneous	14990	ιερευς 	1
87701	διδάσκαλος	διδασκαλος	Teacher	Education and Training	13130	διδασκαλω	1
87759	γραμματεύς	γραμματευς	Scribe	Writing and the Book Trade	30120	γραμματεα	1
87760	γραμματεύς	γραμματευς	Scribe	Writing and the Book Trade	30120	γραμματεα	1
87806	παγκρατιαστής	παγκρατιαστης	Pancratiast	Sports and Competition	18990	παγκρατιαστης	1
87829	ἱερεύς 	ιερευς 	Priest, sacrificer	Miscellaneous	14990	ιερευς 	1
87850	ἱερεύς 	ιερευς 	Priest, sacrificer	Miscellaneous	14990	ιερευς 	1
87851	ἱερεύς 	ιερευς 	Priest, sacrificer	Miscellaneous	14990	ιερευς 	1
87856	ἀρχιτέκτων	αρχιτεκτων	Architect	Construction	2120	αρχιτεκτων	1
87862	ἱερεύς 	ιερευς 	Priest, sacrificer	Miscellaneous	14990	ιερευς 	1
87863	ἱερεύς 	ιερευς 	Priest, sacrificer	Miscellaneous	14990	ιερευς 	1
87868	ἱερεύς 	ιερευς 	Priest, sacrificer	Miscellaneous	14990	ιερευς 	1
87876	ἱερεύς 	ιερευς 	Priest, sacrificer	Miscellaneous	14990	ιερευς 	1
87894	ἱερεύς 	ιερευς 	Priest, sacrificer	Miscellaneous	14990	ιερευς 	1
87904	ἱερεύς 	ιερευς 	Priest, sacrificer	Miscellaneous	14990	ιερευς 	1
87915	ἱερεύς 	ιερευς 	Priest, sacrificer	Miscellaneous	14990	ιερευς 	1
87916	ἱερεύς 	ιερευς 	Priest, sacrificer	Miscellaneous	14990	ιερευς 	1
87918	ἱερεύς 	ιερευς 	Priest, sacrificer	Miscellaneous	14990	ιερευς 	1
87932	ἱερεύς 	ιερευς 	Priest, sacrificer	Miscellaneous	14990	ιερευς 	1
87953	ἱερεύς 	ιερευς 	Priest, sacrificer	Miscellaneous	14990	ιερευς 	1
87971	ἱερεύς 	ιερευς 	Priest, sacrificer	Miscellaneous	14990	ιερευς 	1
87976	ἱερεύς 	ιερευς 	Priest, sacrificer	Miscellaneous	14990	ιερευς 	1
87977	ἱερεύς 	ιερευς 	Priest, sacrificer	Miscellaneous	14990	ιερευς 	1
87983	ἱερεύς 	ιερευς 	Priest, sacrificer	Miscellaneous	14990	ιερευς 	1
87986	ἱερεύς 	ιερευς 	Priest, sacrificer	Miscellaneous	14990	ιερευς 	1
87989	ἱερεύς 	ιερευς 	Priest, sacrificer	Miscellaneous	14990	ιερευς 	1
88000	ἱερεύς 	ιερευς 	Priest, sacrificer	Miscellaneous	14990	ιερευς 	1
88001	ἱερεύς 	ιερευς 	Priest, sacrificer	Miscellaneous	14990	ιερευς 	1
88016	ἱερεύς 	ιερευς 	Priest, sacrificer	Miscellaneous	14990	ιερευς 	1
88024	ἱερεύς 	ιερευς 	Priest, sacrificer	Miscellaneous	14990	ιερευς 	1
88026	ἱερεύς 	ιερευς 	Priest, sacrificer	Miscellaneous	14990	ιερευς 	1
88029	ἱερεύς 	ιερευς 	Priest, sacrificer	Miscellaneous	14990	ιερευς 	1
88040	ἱερεύς 	ιερευς 	Priest, sacrificer	Miscellaneous	14990	ιερευς 	1
88041	ἱερεύς 	ιερευς 	Priest, sacrificer	Miscellaneous	14990	ιερευς 	1
88042	ἱερεύς 	ιερευς 	Priest, sacrificer	Miscellaneous	14990	ιερευς 	1
88045	ἱερεύς 	ιερευς 	Priest, sacrificer	Miscellaneous	14990	ιερευς 	1
88046	ἱερεύς 	ιερευς 	Priest, sacrificer	Miscellaneous	14990	ιερευς 	1
88051	ἱερεύς 	ιερευς 	Priest, sacrificer	Miscellaneous	14990	ιερευς 	1
88053	μανθάνων	μανθανων	Student	Literature and Scholarship	13990	μανθανων	1
88053	ἱερεύς 	ιερευς 	Priest, sacrificer	Miscellaneous	14990	ιερευς 	1
88061	ἱερεύς 	ιερευς 	Priest, sacrificer	Miscellaneous	14990	ιερευς 	1
88062	ἱερεύς 	ιερευς 	Priest, sacrificer	Miscellaneous	14990	ιερευς 	1
88064	ἱερεύς 	ιερευς 	Priest, sacrificer	Miscellaneous	14990	ιερευς 	1
88065	ἱερεύς 	ιερευς 	Priest, sacrificer	Miscellaneous	14990	ιερευς 	1
88074	ἱερεύς 	ιερευς 	Priest, sacrificer	Miscellaneous	14990	ιερευς 	1
88079	ἱερεύς 	ιερευς 	Priest, sacrificer	Miscellaneous	14990	ιερευς 	1
88085	γραμματεύς	γραμματευς	Scribe	Writing and the Book Trade	30120	γραμματευς	1
88096	ἱερεύς 	ιερευς 	Priest, sacrificer	Miscellaneous	14990	ιερευς 	1
88097	ἱερεύς 	ιερευς 	Priest, sacrificer	Miscellaneous	14990	ιερευς 	1
88101	ἱερεύς 	ιερευς 	Priest, sacrificer	Miscellaneous	14990	ιερευς 	1
88116	ἱερεύς 	ιερευς 	Priest, sacrificer	Miscellaneous	14990	ιερευς 	1
88125	ἱερεύς 	ιερευς 	Priest, sacrificer	Miscellaneous	14990	ιερευς 	1
88129	ἱερεύς 	ιερευς 	Priest, sacrificer	Miscellaneous	14990	ιερευς 	1
88143	ἱερεύς 	ιερευς 	Priest, sacrificer	Miscellaneous	14990	ιερευς 	1
88145	ἱερεύς 	ιερευς 	Priest, sacrificer	Miscellaneous	14990	ιερευς 	1
88147	ἱερεύς 	ιερευς 	Priest, sacrificer	Miscellaneous	14990	ιερευς 	1
88149	ἱερεύς 	ιερευς 	Priest, sacrificer	Miscellaneous	14990	ιερευς 	1
88159	ἱερεύς 	ιερευς 	Priest, sacrificer	Miscellaneous	14990	ιερευς 	1
88163	ἱερεύς 	ιερευς 	Priest, sacrificer	Miscellaneous	14990	ιερευς 	1
88166	ἱερεύς 	ιερευς 	Priest, sacrificer	Miscellaneous	14990	ιερευς 	1
88171	ἱερεύς 	ιερευς 	Priest, sacrificer	Miscellaneous	14990	ιερευς 	1
88173	ἱερεύς 	ιερευς 	Priest, sacrificer	Miscellaneous	14990	ιερευς 	1
88177	ἱερεύς 	ιερευς 	Priest, sacrificer	Miscellaneous	14990	ιερευς 	1
88182	ἱερεύς 	ιερευς 	Priest, sacrificer	Miscellaneous	14990	ιερευς 	1
88191	ἱερεύς 	ιερευς 	Priest, sacrificer	Miscellaneous	14990	ιερευς 	1
88192	ἱερεύς 	ιερευς 	Priest, sacrificer	Miscellaneous	14990	ιερευς 	1
88193	ἱερεύς 	ιερευς 	Priest, sacrificer	Miscellaneous	14990	ιερευς 	1
88196	ἱερεύς 	ιερευς 	Priest, sacrificer	Miscellaneous	14990	ιερευς 	1
88199	ἱερεύς 	ιερευς 	Priest, sacrificer	Miscellaneous	14990	ιερευς 	1
88201	ἱερεύς 	ιερευς 	Priest, sacrificer	Miscellaneous	14990	ιερευς 	1
88205	ἱερεύς 	ιερευς 	Priest, sacrificer	Miscellaneous	14990	ιερευς 	1
88206	ἱερεύς 	ιερευς 	Priest, sacrificer	Miscellaneous	14990	ιερευς 	1
88210	ἱερεύς 	ιερευς 	Priest, sacrificer	Miscellaneous	14990	ιερευς 	1
88215	ἱερεύς 	ιερευς 	Priest, sacrificer	Miscellaneous	14990	ιερευς 	1
88219	ἱερεύς 	ιερευς 	Priest, sacrificer	Miscellaneous	14990	ιερευς 	1
88228	ἱερεύς 	ιερευς 	Priest, sacrificer	Miscellaneous	14990	ιερευς 	1
88230	ἱερεύς 	ιερευς 	Priest, sacrificer	Miscellaneous	14990	ιερευς 	1
88233	ἱερεύς 	ιερευς 	Priest, sacrificer	Miscellaneous	14990	ιερευς 	1
88235	ἱερεύς 	ιερευς 	Priest, sacrificer	Miscellaneous	14990	ιερευς 	1
88237	ἱερεύς 	ιερευς 	Priest, sacrificer	Miscellaneous	14990	ιερευς 	1
88239	ἱερεύς 	ιερευς 	Priest, sacrificer	Miscellaneous	14990	ιερευς 	1
88240	ἱερεύς 	ιερευς 	Priest, sacrificer	Miscellaneous	14990	ιερευς 	1
88241	ἱερεύς 	ιερευς 	Priest, sacrificer	Miscellaneous	14990	ιερευς 	1
88254	ἱερεύς 	ιερευς 	Priest, sacrificer	Miscellaneous	14990	ιερευς 	1
88256	ἱερεύς 	ιερευς 	Priest, sacrificer	Miscellaneous	14990	ιερευς 	1
88258	ἱερεύς 	ιερευς 	Priest, sacrificer	Miscellaneous	14990	ιερευς 	1
88259	ἱερεύς 	ιερευς 	Priest, sacrificer	Miscellaneous	14990	ιερευς 	1
88272	ἱερεύς 	ιερευς 	Priest, sacrificer	Miscellaneous	14990	ιερευς 	1
88274	ἱερεύς 	ιερευς 	Priest, sacrificer	Miscellaneous	14990	ιερευς 	1
88275	ἱερεύς 	ιερευς 	Priest, sacrificer	Miscellaneous	14990	ιερευς 	1
88279	ἱερεύς 	ιερευς 	Priest, sacrificer	Miscellaneous	14990	ιερευς 	1
88291	ἱερεύς 	ιερευς 	Priest, sacrificer	Miscellaneous	14990	ιερευς 	1
88292	γραμματεύς	γραμματευς	Scribe	Writing and the Book Trade	30120	γραμματευς	1
88292	ἱερεύς 	ιερευς 	Priest, sacrificer	Miscellaneous	14990	ιερευς 	1
88297	ἱερεύς 	ιερευς 	Priest, sacrificer	Miscellaneous	14990	ιερευς 	1
88303	ἱερεύς 	ιερευς 	Priest, sacrificer	Miscellaneous	14990	ιερευς 	1
88307	ἱερεύς 	ιερευς 	Priest, sacrificer	Miscellaneous	14990	ιερευς 	1
88310	ἱερεύς 	ιερευς 	Priest, sacrificer	Miscellaneous	14990	ιερευς 	1
88313	ἱερεύς 	ιερευς 	Priest, sacrificer	Miscellaneous	14990	ιερευς 	1
88315	ἱερεύς 	ιερευς 	Priest, sacrificer	Miscellaneous	14990	ιερευς 	1
88319	ἱερεύς 	ιερευς 	Priest, sacrificer	Miscellaneous	14990	ιερευς 	1
88320	ἱερεύς 	ιερευς 	Priest, sacrificer	Miscellaneous	14990	ιερευς 	1
88322	ἱερεύς 	ιερευς 	Priest, sacrificer	Miscellaneous	14990	ιερευς 	1
88325	ἱερεύς 	ιερευς 	Priest, sacrificer	Miscellaneous	14990	ιερευς 	1
88326	ἱερεύς 	ιερευς 	Priest, sacrificer	Miscellaneous	14990	ιερευς 	1
88327	ἱερεύς 	ιερευς 	Priest, sacrificer	Miscellaneous	14990	ιερευς 	1
88328	ἱερεύς 	ιερευς 	Priest, sacrificer	Miscellaneous	14990	ιερευς 	1
88331	ἱερεύς 	ιερευς 	Priest, sacrificer	Miscellaneous	14990	ιερευς 	1
88334	ἱερεύς 	ιερευς 	Priest, sacrificer	Miscellaneous	14990	ιερευς 	1
88335	γραμματεύς	γραμματευς	Scribe	Writing and the Book Trade	30120	γραμματευς	1
88338	ἱερεύς 	ιερευς 	Priest, sacrificer	Miscellaneous	14990	ιερευς 	1
88342	γραμματεύς	γραμματευς	Scribe	Writing and the Book Trade	30120	γραμματευς	1
88346	ἱερεύς 	ιερευς 	Priest, sacrificer	Miscellaneous	14990	ιερευς 	1
88347	ἱερεύς 	ιερευς 	Priest, sacrificer	Miscellaneous	14990	ιερευς 	1
88356	ἱερεύς 	ιερευς 	Priest, sacrificer	Miscellaneous	14990	ιερευς 	1
88359	ἱερεύς 	ιερευς 	Priest, sacrificer	Miscellaneous	14990	ιερευς 	1
88362	ἱερεύς 	ιερευς 	Priest, sacrificer	Miscellaneous	14990	ιερευς 	1
88368	ἱερεύς 	ιερευς 	Priest, sacrificer	Miscellaneous	14990	ιερευς 	1
88369	ἱερεύς 	ιερευς 	Priest, sacrificer	Miscellaneous	14990	ιερευς 	1
88371	ἱερεύς 	ιερευς 	Priest, sacrificer	Miscellaneous	14990	ιερευς 	1
88376	ἱερεύς 	ιερευς 	Priest, sacrificer	Miscellaneous	14990	ιερευς 	1
88381	ἱερεύς 	ιερευς 	Priest, sacrificer	Miscellaneous	14990	ιερευς 	1
88385	ἱερεύς 	ιερευς 	Priest, sacrificer	Miscellaneous	14990	ιερευς 	1
88394	ἱερεύς 	ιερευς 	Priest, sacrificer	Miscellaneous	14990	ιερευς 	1
88396	ἱερεύς 	ιερευς 	Priest, sacrificer	Miscellaneous	14990	ιερευς 	1
88399	ἱερεύς 	ιερευς 	Priest, sacrificer	Miscellaneous	14990	ιερευς 	1
88400	ἱερεύς 	ιερευς 	Priest, sacrificer	Miscellaneous	14990	ιερευς 	1
88401	ἱερεύς 	ιερευς 	Priest, sacrificer	Miscellaneous	14990	ιερευς 	1
88403	ἱερεύς 	ιερευς 	Priest, sacrificer	Miscellaneous	14990	ιερευς 	1
88407	ἱερεύς 	ιερευς 	Priest, sacrificer	Miscellaneous	14990	ιερευς 	1
88415	ἱερεύς 	ιερευς 	Priest, sacrificer	Miscellaneous	14990	ιερευς 	1
88433	ἱερεύς 	ιερευς 	Priest, sacrificer	Miscellaneous	14990	ιερευς 	1
88435	ἱερεύς 	ιερευς 	Priest, sacrificer	Miscellaneous	14990	ιερευς 	1
88454	ποιητής	ποιητης	Maker, poet	Literature and Scholarship	17150	ποιητης	1
88454	γραμματεύς	γραμματευς	Scribe	Writing and the Book Trade	30120	γραμματεις	1
88501	γραμματεύς	γραμματευς	Scribe	Writing and the Book Trade	30120	γραμματεα	1
88505	ἱερεύς 	ιερευς 	Priest, sacrificer	Miscellaneous	14990	ιερευς 	1
88604	ἱππικός	ιππικος	Riding trainer	Education and Training	18190	ιππικον	1
88604	μουσικός	μουσικος	Musician	Drama and Entertainment	17320	μουσικον	1
88612	διδάσκαλος	διδασκαλος	Teacher	Education and Training	13130	διδασκαλοι|διδασκαλος	2
88612	κιθαριστής	κιθαριστης	Kithara teacher/player	Education and Training	13920	κιθαρισται	1
88616	ὑπηρετής	υπηρετης	Architect’s assistant	Construction	95990	υπηρετων	1
88616	γραμματεύς	γραμματευς	Scribe	Writing and the Book Trade	30120	γραμματεα	1
88625	ἀρχιτέκτων	αρχιτεκτων	Architect	Construction	2120	αρχιτεκτων	1
88630	ὑπηρετής	υπηρετης	Architect’s assistant	Construction	95990	υπηρετας	1
88662	γραμματεύς	γραμματευς	Scribe	Writing and the Book Trade	30120	γραμματεα	1
88664	ἱπποδρόμος	ιπποδρομος	Charioteer	Sports and Competition	18990	ιπποδρομου	1
88672	κιθαριστής	κιθαριστης	Kithara teacher/player	Education and Training	13920	κιθαριστας	1
88695	ἱερεύς 	ιερευς 	Priest, sacrificer	Miscellaneous	14990	ιερευς 	1
88708	μουσικός	μουσικος	Musician	Drama and Entertainment	17320	μουσικων	1
88708	ἱερεύς 	ιερευς 	Priest, sacrificer	Miscellaneous	14990	ιερευς 	1
88746	ἱερεύς 	ιερευς 	Priest, sacrificer	Miscellaneous	14990	ιερευς 	1
88837	ἱερεύς 	ιερευς 	Priest, sacrificer	Miscellaneous	14990	ιερευς 	1
88898	ἱερεύς 	ιερευς 	Priest, sacrificer	Miscellaneous	14990	ιερευς 	1
88945	ἀρχιτέκτων	αρχιτεκτων	Architect	Construction	2120	αρχιτεκτονες	1
88962	ἀρχιτέκτων	αρχιτεκτων	Architect	Construction	2120	αρχιτεκτονας	1
88967	οἰκοδομος	οικοδομος	Builder	Construction	95110	οικοδομου	1
88968	οἰκοδομος	οικοδομος	Builder	Construction	95110	οικοδομου	1
89035	ἡνίοχος	ηνιοχος	charioteer	Transport	98510	ηνιοχος	1
89036	ἡνίοχος	ηνιοχος	charioteer	Transport	98510	ηνιοχος	1
89292	γραμματεύς	γραμματευς	Scribe	Writing and the Book Trade	30120	γραμματεως	1
89458	ἀρτοκόπος	αρτοκοπος	Baker	Food Preparation and Retail	53120	αρτοκοπου	1
89525	ἀρχιτέκτων	αρχιτεκτων	Architect	Construction	2120	αρχιτεκτονος	1
89529	ὑπηρετής	υπηρετης	Architect’s assistant	Construction	95990	υπηρετων	1
89544	ἱερεύς 	ιερευς 	Priest, sacrificer	Miscellaneous	14990	ιερευς 	1
89582	γραμματεύς	γραμματευς	Scribe	Writing and the Book Trade	30120	γραμματεως	1
89728	γραμματεύς	γραμματευς	Scribe	Writing and the Book Trade	30120	γραμματευς	1
89778	ὑποκριτής	υποκριτης	Actor	Drama and Entertainment	17120	υποκριτην	1
89879	ὑπηρετής	υπηρετης	Architect’s assistant	Construction	95990	υπηρετης	1
90123	ζυγοποιός	ζυγοποιος	Yoke maker	Woodwork	73990	ζυγοποιοι	1
90540	ἰατρός	ιατρος	Doctor	Miscellaneous	6110	ιατρον	1
90562	γραφεύς	γραφευς	Scrivener/copyist	Writing and the Book Trade	30120	γραφεις	1
90817	οἰκοδομος	οικοδομος	Builder	Construction	95110	οικοδομων	1
90841	ἱεροποιός	ιεροποιος	Sacrificer	Miscellaneous	14990	ιεροποιου	1
91016	ἱερεύς 	ιερευς 	Priest, sacrificer	Miscellaneous	14990	ιερευς 	1
91017	ἱερεύς 	ιερευς 	Priest, sacrificer	Miscellaneous	14990	ιερευς 	1
91116	ἱππικός	ιππικος	Riding trainer	Education and Training	18190	ιππικος	1
91139	χρυσόχοος	χρυσοχοος	Goldsmith	Metalwork	72110	χρυσοχοων	1
91168	ἀσκοποιός	ασκοποιος	Wineskin maker	Leatherwork and Footwear	80110	ασκοποιων	1
91169	ἀσκοποιός	ασκοποιος	Wineskin maker	Leatherwork and Footwear	80110	ασκοποιων	1
91170	ἀσκοποιός	ασκοποιος	Wineskin maker	Leatherwork and Footwear	80110	ασκοποιων	1
91171	χρυσόχοος	χρυσοχοος	Goldsmith	Metalwork	72110	χρυσοχοων	1
91172	χρυσόχοος	χρυσοχοος	Goldsmith	Metalwork	72110	χρυσοχοων	1
91173	χρυσόχοος	χρυσοχοος	Goldsmith	Metalwork	72110	χρυσοχοων	1
91283	ἱερεύς 	ιερευς 	Priest, sacrificer	Miscellaneous	14990	ιερευς 	1
91711	ἱεροποιός	ιεροποιος	Sacrificer	Miscellaneous	14990	ιεροποιους	1
91724	μουσικός	μουσικος	Musician	Drama and Entertainment	17320	μουσικον|μουσικους|μουσικων	3
91724	ποιητής	ποιητης	Maker, poet	Literature and Scholarship	17150	ποιητων	1
91735	ἔμπορος	εμπορος	Maritime trader	Seafaring/Maritime	41110	εμπορον	1
91735	ἐριοπώλης	εριοπωλης	Wool seller	Textiles	45190	εριοπωλας	1
91739	γραμματεύς	γραμματευς	Scribe	Writing and the Book Trade	30120	γραμματευς	1
91741	γραμματεύς	γραμματευς	Scribe	Writing and the Book Trade	30120	γραμματεα	1
91747	ἱεροποιός	ιεροποιος	Sacrificer	Miscellaneous	14990	ιεροποιοις	1
91770	πένταθλος	πενταθλος	Pentathlete	Sports and Competition	18990	πενταθλον	1
91790	ἱεροποιός	ιεροποιος	Sacrificer	Miscellaneous	14990	ιεροποιοις	1
91791	ποιητής	ποιητης	Maker, poet	Literature and Scholarship	17150	ποιηται	1
91892	ναύκληρος	ναυκληρος	Shipmaster	Seafaring/Maritime	98110	ναυκληροι	1
91895	ἱεροποιός	ιεροποιος	Sacrificer	Miscellaneous	14990	ιεροποιον	1
91918	γραμματεύς	γραμματευς	Scribe	Writing and the Book Trade	30120	γραμματεις	1
91919	γραμματεύς	γραμματευς	Scribe	Writing and the Book Trade	30120	γραμματευς	1
91920	πορθμεύς	πορθμευς	Ferryman	Seafaring/Maritime	98110	πορθμεις	1
91932	ἱεροποιός	ιεροποιος	Sacrificer	Miscellaneous	14990	ιεροποιος	1
91951	ἱεροποιός	ιεροποιος	Sacrificer	Miscellaneous	14990	ιεροποιων	1
92007	γεωργός	γεωργος	Farmer	Agriculture, Animal Husbandry	61110	γεωργος	1
92229	κυβερνήτης	κυβερνητης	Helmsman	Seafaring/Maritime	98110	κυβερνητης	1
92269	γραμματεύς	γραμματευς	Scribe	Writing and the Book Trade	30120	γραμματεως	1
92328	ἀρχιτέκτων	αρχιτεκτων	Architect	Construction	2120	αρχιτεκτων	1
92422	ὑπηρετής	υπηρετης	Architect’s assistant	Construction	95990	υπηρεταις	1
92423	τέκτων	τεκτων	Carpenter/joiner	Woodwork	95110	τεκτονας|τεκτονες	2
92485	γραμματεύς	γραμματευς	Scribe	Writing and the Book Trade	30120	γραμματευς	1
92492	ἀνδριαντοποιός	ανδριαντοποιος	Statue maker	Stonework	16120	ανδριαντοποιος	1
92495	βούκολος	βουκολος	Cowherd	Agriculture, Animal Husbandry	61110	βουκολος	1
92557	γραμματεύς	γραμματευς	Scribe	Writing and the Book Trade	30120	γραμματευς	1
92603	φιλόσοφος	φιλοσοφος	Philosopher/sophist	Education and Training	19190	φιλοσοφος	1
92653	ἀρχιτέκτων	αρχιτεκτων	Architect	Construction	2120	αρχιτεκτων	1
92708	ἰατρός	ιατρος	Doctor	Miscellaneous	6110	ιατρος	1
92816	φιλόσοφος	φιλοσοφος	Philosopher/sophist	Education and Training	19190	φιλοσοφου	1
92828	γραμματεύς	γραμματευς	Scribe	Writing and the Book Trade	30120	γραμματεα	1
92834	γραμματεύς	γραμματευς	Scribe	Writing and the Book Trade	30120	γραμματεις	1
92836	γραμματεύς	γραμματευς	Scribe	Writing and the Book Trade	30120	γραμματεις	1
92906	ἱερεύς 	ιερευς 	Priest, sacrificer	Miscellaneous	14990	ιερευς 	1
92994	ἀρτοκόπος	αρτοκοπος	Baker	Food Preparation and Retail	53120	αρτοκοπων	1
93032	ἱεροποιός	ιεροποιος	Sacrificer	Miscellaneous	14990	ιεροποιοι	1
93040	γεωργός	γεωργος	Farmer	Agriculture, Animal Husbandry	61110	γεωργοις|γεωργον|γεωργος|γεωργου	4
93041	ναύτης	ναυτης	Sailor	Seafaring/Maritime	98110	ναυτης	1
93053	γραμματεύς	γραμματευς	Scribe	Writing and the Book Trade	30120	γραμματευς	1
93147	γραμματεύς	γραμματευς	Scribe	Writing and the Book Trade	30120	γραμματευς	1
93151	ἱππικός	ιππικος	Riding trainer	Education and Training	18190	ιππικου	1
93151	γραμματεύς	γραμματευς	Scribe	Writing and the Book Trade	30120	γραμματευς	1
93170	γραμματεύς	γραμματευς	Scribe	Writing and the Book Trade	30120	γραμματεα	1
93171	γραμματεύς	γραμματευς	Scribe	Writing and the Book Trade	30120	γραμματει|γραμματεως	2
93173	γραμματεύς	γραμματευς	Scribe	Writing and the Book Trade	30120	γραμματευς	1
93174	γραμματεύς	γραμματευς	Scribe	Writing and the Book Trade	30120	γραμματευς	1
93179	γραμματεύς	γραμματευς	Scribe	Writing and the Book Trade	30120	γραμματευς	1
93180	γραμματεύς	γραμματευς	Scribe	Writing and the Book Trade	30120	γραμματεων	1
93182	γραμματεύς	γραμματευς	Scribe	Writing and the Book Trade	30120	γραμματευς	1
93182	ἱερεύς 	ιερευς 	Priest, sacrificer	Miscellaneous	14990	ιερευς 	1
93185	ἰατρός	ιατρος	Doctor	Miscellaneous	6110	ιατροι|ιατρου|ιατρους	3
93186	γραμματεύς	γραμματευς	Scribe	Writing and the Book Trade	30120	γραμματεως	1
93187	γραμματεύς	γραμματευς	Scribe	Writing and the Book Trade	30120	γραμματευς	1
93190	γραμματεύς	γραμματευς	Scribe	Writing and the Book Trade	30120	γραμματευς	1
93191	γραμματεύς	γραμματευς	Scribe	Writing and the Book Trade	30120	γραμματευς	1
93196	ἰατρός	ιατρος	Doctor	Miscellaneous	6110	ιατρων	1
93199	γραμματεύς	γραμματευς	Scribe	Writing and the Book Trade	30120	γραμματεα|γραμματευς|γραμματεως	3
93200	γραμματεύς	γραμματευς	Scribe	Writing and the Book Trade	30120	γραμματευς	1
93204	γραμματεύς	γραμματευς	Scribe	Writing and the Book Trade	30120	γραμματει	1
93205	γραμματεύς	γραμματευς	Scribe	Writing and the Book Trade	30120	γραμματεως	1
93242	διδάσκαλος	διδασκαλος	Teacher	Education and Training	13130	διδασκαλος	1
93249	ἱππικός	ιππικος	Riding trainer	Education and Training	18190	ιππικου	1
93249	γραμματεύς	γραμματευς	Scribe	Writing and the Book Trade	30120	γραμματει	1
93260	σοφιστής	σοφιστης	Philosopher/sophist	Education and Training	19190	σοφισταις	1
93260	ἰατρός	ιατρος	Doctor	Miscellaneous	6110	ιατροις	1
93268	ἀρτοκόπος	αρτοκοπος	Baker	Food Preparation and Retail	53120	αρτοκοπους|αρτοκοπων	2
93268	ἐργαστηριάρχης	εργαστηριαρχης	Metal-worker	Metalwork	72110	εργαστηριαρχων	1
93272	γραμματεύς	γραμματευς	Scribe	Writing and the Book Trade	30120	γραμματευς	1
93275	σοφιστής	σοφιστης	Philosopher/sophist	Education and Training	19190	σοφισταις	1
93305	ἁλιεύς	αλιευς	Fisherman	Seafaring/Maritime	64110	αλιεις	1
93311	γραμματεύς	γραμματευς	Scribe	Writing and the Book Trade	30120	γραμματεως	1
93330	γραμματεύς	γραμματευς	Scribe	Writing and the Book Trade	30120	γραμματεως	1
93331	γραμματεύς	γραμματευς	Scribe	Writing and the Book Trade	30120	γραμματεως	1
93335	ἀργυροκόπος	αργυροκοπος	Coin minter	Metalwork	72110	αργυροκοποις	1
93340	γραμματεύς	γραμματευς	Scribe	Writing and the Book Trade	30120	γραμματευς	1
93360	ἱερεύς 	ιερευς 	Priest, sacrificer	Miscellaneous	14990	ιερευς 	1
93371	γραμματεύς	γραμματευς	Scribe	Writing and the Book Trade	30120	γραμματεως	1
93374	ἀργυροκόπος	αργυροκοπος	Coin minter	Metalwork	72110	αργυροκοποι	1
93382	γραμματεύς	γραμματευς	Scribe	Writing and the Book Trade	30120	γραμματεως	1
93392	γραμματεύς	γραμματευς	Scribe	Writing and the Book Trade	30120	γραμματευς	1
93393	γραμματεύς	γραμματευς	Scribe	Writing and the Book Trade	30120	γραμματεως	1
93396	τέκτων	τεκτων	Carpenter/joiner	Woodwork	95110	τεκτονες	1
93422	γραμματεύς	γραμματευς	Scribe	Writing and the Book Trade	30120	γραμματευς	1
93445	γραμματεύς	γραμματευς	Scribe	Writing and the Book Trade	30120	γραμματεως	1
93448	γραμματεύς	γραμματευς	Scribe	Writing and the Book Trade	30120	γραμματεως	1
93473	γραμματεύς	γραμματευς	Scribe	Writing and the Book Trade	30120	γραμματεως	1
93500	ἱερεύς 	ιερευς 	Priest, sacrificer	Miscellaneous	14990	ιερευς 	1
93540	ἀρχιτέκτων	αρχιτεκτων	Architect	Construction	2120	αρχιτεκτονος	1
93540	γραμματεύς	γραμματευς	Scribe	Writing and the Book Trade	30120	γραμματευς|γραμματεως	2
93551	ναύκληρος	ναυκληρος	Shipmaster	Seafaring/Maritime	98110	ναυκληρος	1
93551	ἰατρός	ιατρος	Doctor	Miscellaneous	6110	ιατρος	1
93555	ἱερεύς 	ιερευς 	Priest, sacrificer	Miscellaneous	14990	ιερευς 	1
93561	γραμματικός	γραμματικος	Grammarian	Literature and Scholarship	13920	γραμματικος	1
93571	ποιητής	ποιητης	Maker, poet	Literature and Scholarship	17150	ποιητης	1
93573	ἰατρός	ιατρος	Doctor	Miscellaneous	6110	ιατρων	1
93574	ἰατρός	ιατρος	Doctor	Miscellaneous	6110	ιατρων	1
93575	ἰατρός	ιατρος	Doctor	Miscellaneous	6110	ιατροις|ιατρων	2
93577	ἰατρός	ιατρος	Doctor	Miscellaneous	6110	ιατρων	1
93578	ἰατρός	ιατρος	Doctor	Miscellaneous	6110	ιατρων	1
93579	ἰατρός	ιατρος	Doctor	Miscellaneous	6110	ιατρων	1
93582	ἰατρός	ιατρος	Doctor	Miscellaneous	6110	ιατρων	1
93583	ἰατρός	ιατρος	Doctor	Miscellaneous	6110	ιατρων	1
93588	ἱερεύς 	ιερευς 	Priest, sacrificer	Miscellaneous	14990	ιερευς 	1
93597	γραμματεύς	γραμματευς	Scribe	Writing and the Book Trade	30120	γραμματευς|γραμματεως	2
93597	ἱερεύς 	ιερευς 	Priest, sacrificer	Miscellaneous	14990	ιερευς 	1
93599	ἱερεύς 	ιερευς 	Priest, sacrificer	Miscellaneous	14990	ιερευς 	1
93600	ἀρχιτέκτων	αρχιτεκτων	Architect	Construction	2120	αρχιτεκτονος	1
93600	γραμματεύς	γραμματευς	Scribe	Writing and the Book Trade	30120	γραμματεως	1
93603	γραμματεύς	γραμματευς	Scribe	Writing and the Book Trade	30120	γραμματευς	1
93608	ἱερεύς 	ιερευς 	Priest, sacrificer	Miscellaneous	14990	ιερευς 	1
93609	βούκολος	βουκολος	Cowherd	Agriculture, Animal Husbandry	61110	βουκολος	1
93610	βούκολος	βουκολος	Cowherd	Agriculture, Animal Husbandry	61110	βουκολος	1
93623	γραμματεύς	γραμματευς	Scribe	Writing and the Book Trade	30120	γραμματευς	1
93644	γραμματεύς	γραμματευς	Scribe	Writing and the Book Trade	30120	γραμματει	1
93646	γραμματεύς	γραμματευς	Scribe	Writing and the Book Trade	30120	γραμματευς|γραμματεως	2
93654	ἱερεύς 	ιερευς 	Priest, sacrificer	Miscellaneous	14990	ιερευς 	1
93667	γραμματεύς	γραμματευς	Scribe	Writing and the Book Trade	30120	γραμματευς	1
93682	γραμματεύς	γραμματευς	Scribe	Writing and the Book Trade	30120	γραμματευς	1
93683	γραμματεύς	γραμματευς	Scribe	Writing and the Book Trade	30120	γραμματεως	1
93691	γραμματεύς	γραμματευς	Scribe	Writing and the Book Trade	30120	γραμματεων	1
93694	γραμματεύς	γραμματευς	Scribe	Writing and the Book Trade	30120	γραμματευς	1
93703	ἱερεύς 	ιερευς 	Priest, sacrificer	Miscellaneous	14990	ιερευς 	1
93705	γραμματεύς	γραμματευς	Scribe	Writing and the Book Trade	30120	γραμματευς	1
93714	γναφεύς	γναφευς	Fuller	Textiles	75140	γναφεων	1
93727	γραμματικός	γραμματικος	Grammarian	Literature and Scholarship	13920	γραμματικων	1
93727	μουσικός	μουσικος	Musician	Drama and Entertainment	17320	μουσικων	1
93727	παιδοτρίβης	παιδοτριβης	Physical trainer	Education and Training	18190	παιδοτριβων	1
93782	γραμματεύς	γραμματευς	Scribe	Writing and the Book Trade	30120	γραμματεως	1
93795	γραμματεύς	γραμματευς	Scribe	Writing and the Book Trade	30120	γραμματεως	1
93796	γραμματεύς	γραμματευς	Scribe	Writing and the Book Trade	30120	γραμματεως	1
93799	παγκρατιαστής	παγκρατιαστης	Pancratiast	Sports and Competition	18990	παγκρατιαστης	1
93804	γραμματεύς	γραμματευς	Scribe	Writing and the Book Trade	30120	γραμματευς	1
93821	γραμματεύς	γραμματευς	Scribe	Writing and the Book Trade	30120	γραμματεως	1
93845	ψηφοθέτης	ψηφοθετης	Mosaicer, maker of mosaic	Stonework	16190	ψηφοθετης	1
93849	ἱερεύς 	ιερευς 	Priest, sacrificer	Miscellaneous	14990	ιερευς 	1
93875	ἱππικός	ιππικος	Riding trainer	Education and Training	18190	ιππικου	1
93881	ἱερεύς 	ιερευς 	Priest, sacrificer	Miscellaneous	14990	ιερευς 	1
93926	ἱερεύς 	ιερευς 	Priest, sacrificer	Miscellaneous	14990	ιερευς 	1
93937	ἱερεύς 	ιερευς 	Priest, sacrificer	Miscellaneous	14990	ιερευς 	1
94025	γραμματεύς	γραμματευς	Scribe	Writing and the Book Trade	30120	γραμματευς	1
94028	γραμματεύς	γραμματευς	Scribe	Writing and the Book Trade	30120	γραμματεως	1
94042	γραμματεύς	γραμματευς	Scribe	Writing and the Book Trade	30120	γραμματεως	1
94049	γραμματεύς	γραμματευς	Scribe	Writing and the Book Trade	30120	γραμματεως	1
94050	γραμματεύς	γραμματευς	Scribe	Writing and the Book Trade	30120	γραμματεως	1
94051	γραμματεύς	γραμματευς	Scribe	Writing and the Book Trade	30120	γραμματεως	1
94058	γραμματεύς	γραμματευς	Scribe	Writing and the Book Trade	30120	γραμματεως	1
94059	γραμματεύς	γραμματευς	Scribe	Writing and the Book Trade	30120	γραμματεως	1
94072	γραμματεύς	γραμματευς	Scribe	Writing and the Book Trade	30120	γραμματεως	1
94073	γραμματεύς	γραμματευς	Scribe	Writing and the Book Trade	30120	γραμματεως	1
94075	γραμματεύς	γραμματευς	Scribe	Writing and the Book Trade	30120	γραμματεως	1
94078	γραμματεύς	γραμματευς	Scribe	Writing and the Book Trade	30120	γραμματεως	1
94088	γραμματεύς	γραμματευς	Scribe	Writing and the Book Trade	30120	γραμματεως	1
94093	γραμματεύς	γραμματευς	Scribe	Writing and the Book Trade	30120	γραμματεως	1
94104	γραμματεύς	γραμματευς	Scribe	Writing and the Book Trade	30120	γραμματεως	1
94109	γραμματεύς	γραμματευς	Scribe	Writing and the Book Trade	30120	γραμματεων	1
94111	γραμματεύς	γραμματευς	Scribe	Writing and the Book Trade	30120	γραμματεως	1
94118	γραμματεύς	γραμματευς	Scribe	Writing and the Book Trade	30120	γραμματεων|γραμματεως	2
94135	γναφεύς	γναφευς	Fuller	Textiles	75140	γναφευς	1
94138	διδάσκαλος	διδασκαλος	Teacher	Education and Training	13130	διδασκαλος	1
94142	γραμματεύς	γραμματευς	Scribe	Writing and the Book Trade	30120	γραμματεα	1
94143	γραμματεύς	γραμματευς	Scribe	Writing and the Book Trade	30120	γραμματεα	1
94152	γραμματεύς	γραμματευς	Scribe	Writing and the Book Trade	30120	γραμματεως	1
94156	γραμματεύς	γραμματευς	Scribe	Writing and the Book Trade	30120	γραμματευς	1
94160	φιλόσοφος	φιλοσοφος	Philosopher/sophist	Education and Training	19190	φιλοσοφον	1
94162	γραμματεύς	γραμματευς	Scribe	Writing and the Book Trade	30120	γραμματευς	1
94166	γραμματεύς	γραμματευς	Scribe	Writing and the Book Trade	30120	γραμματεως	1
94172	ἱππικός	ιππικος	Riding trainer	Education and Training	18190	ιππικος	1
94175	γραμματεύς	γραμματευς	Scribe	Writing and the Book Trade	30120	γραμματεως	1
94177	γραμματεύς	γραμματευς	Scribe	Writing and the Book Trade	30120	γραμματεα|γραμματεως	2
94180	γραμματεύς	γραμματευς	Scribe	Writing and the Book Trade	30120	γραμματεως	1
94181	ῥήτωρ	ρητωρ	Orator	Literature and Scholarship	17150	ρητωρ	1
94182	γραμματεύς	γραμματευς	Scribe	Writing and the Book Trade	30120	γραμματευς	1
94185	γραμματεύς	γραμματευς	Scribe	Writing and the Book Trade	30120	γραμματεα|γραμματεων|γραμματεως	3
94198	γραμματεύς	γραμματευς	Scribe	Writing and the Book Trade	30120	γραμματεως	1
94208	γραμματεύς	γραμματευς	Scribe	Writing and the Book Trade	30120	γραμματεα|γραμματεως	2
94209	ἱππικός	ιππικος	Riding trainer	Education and Training	18190	ιππικου	1
94209	γραμματεύς	γραμματευς	Scribe	Writing and the Book Trade	30120	γραμματεα|γραμματεων	2
94210	γραμματεύς	γραμματευς	Scribe	Writing and the Book Trade	30120	γραμματεα|γραμματεως	2
94216	ἱερεύς 	ιερευς 	Priest, sacrificer	Miscellaneous	14990	ιερευς 	1
94226	γραμματεύς	γραμματευς	Scribe	Writing and the Book Trade	30120	γραμματεα	1
94232	γραμματεύς	γραμματευς	Scribe	Writing and the Book Trade	30120	γραμματευς	1
94234	γραμματεύς	γραμματευς	Scribe	Writing and the Book Trade	30120	γραμματευς	1
94235	γραμματεύς	γραμματευς	Scribe	Writing and the Book Trade	30120	γραμματεα	1
94239	ἔμπορος	εμπορος	Maritime trader	Seafaring/Maritime	41110	εμποροι	1
94258	γραμματεύς	γραμματευς	Scribe	Writing and the Book Trade	30120	γραμματεα|γραμματευς|γραμματεως	3
94260	γραμματεύς	γραμματευς	Scribe	Writing and the Book Trade	30120	γραμματεως	1
94273	ὑποκριτής	υποκριτης	Actor	Drama and Entertainment	17120	υποκριτην	1
94274	ἱερεύς 	ιερευς 	Priest, sacrificer	Miscellaneous	14990	ιερευς 	1
94275	γραμματεύς	γραμματευς	Scribe	Writing and the Book Trade	30120	γραμματευς	1
94288	γραμματεύς	γραμματευς	Scribe	Writing and the Book Trade	30120	γραμματεως	1
94298	γραμματεύς	γραμματευς	Scribe	Writing and the Book Trade	30120	γραμματεως	1
94302	γραμματεύς	γραμματευς	Scribe	Writing and the Book Trade	30120	γραμματευς	1
94309	γραμματεύς	γραμματευς	Scribe	Writing and the Book Trade	30120	γραμματεα	1
94324	γραμματεύς	γραμματευς	Scribe	Writing and the Book Trade	30120	γραμματεα	1
94325	ἀργυροκόπος	αργυροκοπος	Coin minter	Metalwork	72110	αργυροκοπων	1
94344	γραμματεύς	γραμματευς	Scribe	Writing and the Book Trade	30120	γραμματεως	1
94349	σοφιστής	σοφιστης	Philosopher/sophist	Education and Training	19190	σοφιστην	1
94375	γραμματεύς	γραμματευς	Scribe	Writing and the Book Trade	30120	γραμματεα	1
94377	γραμματεύς	γραμματευς	Scribe	Writing and the Book Trade	30120	γραμματεα	1
94387	γραμματεύς	γραμματευς	Scribe	Writing and the Book Trade	30120	γραμματεως	1
94388	γραμματεύς	γραμματευς	Scribe	Writing and the Book Trade	30120	γραμματεως	1
94396	γραμματεύς	γραμματευς	Scribe	Writing and the Book Trade	30120	γραμματευς	1
94396	ἱερεύς 	ιερευς 	Priest, sacrificer	Miscellaneous	14990	ιερευς 	1
94397	γραμματεύς	γραμματευς	Scribe	Writing and the Book Trade	30120	γραμματεως	1
94432	ἱππικός	ιππικος	Riding trainer	Education and Training	18190	ιππικου	1
94432	γραμματεύς	γραμματευς	Scribe	Writing and the Book Trade	30120	γραμματεων|γραμματεως	2
94438	γραμματεύς	γραμματευς	Scribe	Writing and the Book Trade	30120	γραμματεα|γραμματεως	2
94439	λανάριος	λαναριος	Wool worker	Textiles	76990	λαναριων	1
94442	τέκτων	τεκτων	Carpenter/joiner	Woodwork	95110	τεκτονες	1
94451	τέκτων	τεκτων	Carpenter/joiner	Woodwork	95110	τεκτονων	1
94452	τέκτων	τεκτων	Carpenter/joiner	Woodwork	95110	τεκτονων	1
94453	τέκτων	τεκτων	Carpenter/joiner	Woodwork	95110	τεκτονων	1
94465	γραμματεύς	γραμματευς	Scribe	Writing and the Book Trade	30120	γραμματεα	1
94491	γραμματεύς	γραμματευς	Scribe	Writing and the Book Trade	30120	γραμματευς|γραμματεως	2
94493	γραμματεύς	γραμματευς	Scribe	Writing and the Book Trade	30120	γραμματεα	1
94498	γραμματεύς	γραμματευς	Scribe	Writing and the Book Trade	30120	γραμματεως	1
94501	γραμματεύς	γραμματευς	Scribe	Writing and the Book Trade	30120	γραμματευς	1
94504	γραμματεύς	γραμματευς	Scribe	Writing and the Book Trade	30120	γραμματεα	1
94505	γραμματεύς	γραμματευς	Scribe	Writing and the Book Trade	30120	γραμματεα	1
94529	γραμματεύς	γραμματευς	Scribe	Writing and the Book Trade	30120	γραμματεα	1
94532	γραμματεύς	γραμματευς	Scribe	Writing and the Book Trade	30120	γραμματεα	1
94540	γραμματεύς	γραμματευς	Scribe	Writing and the Book Trade	30120	γραμματεα	1
94543	γραμματεύς	γραμματευς	Scribe	Writing and the Book Trade	30120	γραμματεα	1
94547	γραμματεύς	γραμματευς	Scribe	Writing and the Book Trade	30120	γραμματεως	1
94557	ποιητής	ποιητης	Maker, poet	Literature and Scholarship	17150	ποιητην	1
94565	διδάσκαλος	διδασκαλος	Teacher	Education and Training	13130	διδασκαλον	1
94565	φιλόσοφος	φιλοσοφος	Philosopher/sophist	Education and Training	19190	φιλοσοφον	1
94569	ἱππικός	ιππικος	Riding trainer	Education and Training	18190	ιππικου	1
94569	γραμματεύς	γραμματευς	Scribe	Writing and the Book Trade	30120	γραμματεως	1
94570	ποιητής	ποιητης	Maker, poet	Literature and Scholarship	17150	ποιητην	1
94577	ἰατρός	ιατρος	Doctor	Miscellaneous	6110	ιατροι|ιατροις|ιατρων	3
94581	γραμματεύς	γραμματευς	Scribe	Writing and the Book Trade	30120	γραμματεως	1
94582	γραμματεύς	γραμματευς	Scribe	Writing and the Book Trade	30120	γραμματεως	1
94608	φιλόσοφος	φιλοσοφος	Philosopher/sophist	Education and Training	19190	φιλοσοφον	1
94618	γραμματεύς	γραμματευς	Scribe	Writing and the Book Trade	30120	γραμματεα|γραμματεως	2
94655	γραμματεύς	γραμματευς	Scribe	Writing and the Book Trade	30120	γραμματεως	1
94658	γραμματεύς	γραμματευς	Scribe	Writing and the Book Trade	30120	γραμματεως	1
94664	γραμματεύς	γραμματευς	Scribe	Writing and the Book Trade	30120	γραμματεως	1
94668	ἱππικός	ιππικος	Riding trainer	Education and Training	18190	ιππικου	1
94676	γραμματεύς	γραμματευς	Scribe	Writing and the Book Trade	30120	γραμματεως	1
94697	μουσικός	μουσικος	Musician	Drama and Entertainment	17320	μουσικοις	1
94705	γραμματεύς	γραμματευς	Scribe	Writing and the Book Trade	30120	γραμματεα	1
94735	γραμματεύς	γραμματευς	Scribe	Writing and the Book Trade	30120	γραμματεα	1
94749	γραμματεύς	γραμματευς	Scribe	Writing and the Book Trade	30120	γραμματεα	1
94753	πένταθλος	πενταθλος	Pentathlete	Sports and Competition	18990	πενταθλον	1
94755	πένταθλος	πενταθλος	Pentathlete	Sports and Competition	18990	πενταθλου	1
94760	γραμματεύς	γραμματευς	Scribe	Writing and the Book Trade	30120	γραμματεως	1
94767	ἱππικός	ιππικος	Riding trainer	Education and Training	18190	ιππικων	1
94799	γραμματεύς	γραμματευς	Scribe	Writing and the Book Trade	30120	γραμματει	1
94801	γραμματεύς	γραμματευς	Scribe	Writing and the Book Trade	30120	γραμματεα	1
94802	πένταθλος	πενταθλος	Pentathlete	Sports and Competition	18990	πενταθλον	1
94810	ἱππικός	ιππικος	Riding trainer	Education and Training	18190	ιππικου	1
94810	γραμματεύς	γραμματευς	Scribe	Writing and the Book Trade	30120	γραμματεων	1
94811	γραμματεύς	γραμματευς	Scribe	Writing and the Book Trade	30120	γραμματεα	1
94812	γραμματεύς	γραμματευς	Scribe	Writing and the Book Trade	30120	γραμματευς	1
94816	γραμματεύς	γραμματευς	Scribe	Writing and the Book Trade	30120	γραμματεων|γραμματεως	2
94819	γραμματεύς	γραμματευς	Scribe	Writing and the Book Trade	30120	γραμματεως	1
94821	ἱππικός	ιππικος	Riding trainer	Education and Training	18190	ιππικου	1
94821	γραμματεύς	γραμματευς	Scribe	Writing and the Book Trade	30120	γραμματεως	1
94825	γραμματεύς	γραμματευς	Scribe	Writing and the Book Trade	30120	γραμματευς	1
94826	γραμματεύς	γραμματευς	Scribe	Writing and the Book Trade	30120	γραμματεως	1
94827	γραμματεύς	γραμματευς	Scribe	Writing and the Book Trade	30120	γραμματεως	1
94856	γραμματεύς	γραμματευς	Scribe	Writing and the Book Trade	30120	γραμματευς	1
94858	γραμματεύς	γραμματευς	Scribe	Writing and the Book Trade	30120	γραμματεα	1
94884	ἱερεύς 	ιερευς 	Priest, sacrificer	Miscellaneous	14990	ιερευς 	1
94940	γραμματεύς	γραμματευς	Scribe	Writing and the Book Trade	30120	γραμματευς	1
94956	γραμματεύς	γραμματευς	Scribe	Writing and the Book Trade	30120	γραμματεως	1
94964	γραμματεύς	γραμματευς	Scribe	Writing and the Book Trade	30120	γραμματεως	1
94992	ἱππικός	ιππικος	Riding trainer	Education and Training	18190	ιππικου	1
94993	γραμματεύς	γραμματευς	Scribe	Writing and the Book Trade	30120	γραμματευς	1
94994	γραμματεύς	γραμματευς	Scribe	Writing and the Book Trade	30120	γραμματεως	1
95001	γραμματεύς	γραμματευς	Scribe	Writing and the Book Trade	30120	γραμματεως	1
95015	γραμματεύς	γραμματευς	Scribe	Writing and the Book Trade	30120	γραμματεως	1
95027	γραμματεύς	γραμματευς	Scribe	Writing and the Book Trade	30120	γραμματεως	1
95076	ἀρχιτέκτων	αρχιτεκτων	Architect	Construction	2120	αρχιτεκτονος	1
95077	ἀργυροκόπος	αργυροκοπος	Coin minter	Metalwork	72110	αργυροκοπων	1
95078	ἀργυροκόπος	αργυροκοπος	Coin minter	Metalwork	72110	αργυροκοπων	1
95083	ἐριοπώλης	εριοπωλης	Wool seller	Textiles	45190	εριοπωλων	1
95089	ναύκληρος	ναυκληρος	Shipmaster	Seafaring/Maritime	98110	ναυκληρων	1
95102	τέκτων	τεκτων	Carpenter/joiner	Woodwork	95110	τεκτονων	1
95122	φιλόσοφος	φιλοσοφος	Philosopher/sophist	Education and Training	19190	φιλοσοφον	1
95125	σοφιστής	σοφιστης	Philosopher/sophist	Education and Training	19190	σοφιστην	1
95129	οἰκοδομος	οικοδομος	Builder	Construction	95110	οικοδομων	1
95218	ἀργυροκόπος	αργυροκοπος	Coin minter	Metalwork	72110	αργυροκοποις|αργυροκοπου|αργυροκοπων	3
95283	ἀρτοκόπος	αρτοκοπος	Baker	Food Preparation and Retail	53120	αρτοκοπου	1
95365	ναύκληρος	ναυκληρος	Shipmaster	Seafaring/Maritime	98110	ναυκληρος	1
95462	ῥήτωρ	ρητωρ	Orator	Literature and Scholarship	17150	ρητωρ	1
95639	ἰατρός	ιατρος	Doctor	Miscellaneous	6110	ιατροι|ιατρου	2
95646	γραμματεύς	γραμματευς	Scribe	Writing and the Book Trade	30120	γραμματεως	1
95717	κηπουρός	κηπουρος	Market Gardener	Agriculture, Animal Husbandry	62210	κηπουρου	1
95827	ἀργυροκόπος	αργυροκοπος	Coin minter	Metalwork	72110	αργυροκοπων	1
95839	γραμματεύς	γραμματευς	Scribe	Writing and the Book Trade	30120	γραμματευς	1
95885	γραμματεύς	γραμματευς	Scribe	Writing and the Book Trade	30120	γραμματεως	1
95895	κεραμεύς	κεραμευς	Potter	Ceramics	89120	κεραμεων	1
95990	γεωργός	γεωργος	Farmer	Agriculture, Animal Husbandry	61110	γεωργους	1
96061	ἰατρός	ιατρος	Doctor	Miscellaneous	6110	ιατρον	1
96156	ἰατρός	ιατρος	Doctor	Miscellaneous	6110	ιατρου	1
96164	οἰκοδομος	οικοδομος	Builder	Construction	95110	οικοδομου	1
96584	γραμματεύς	γραμματευς	Scribe	Writing and the Book Trade	30120	γραμματευς	1
96598	γραμματεύς	γραμματευς	Scribe	Writing and the Book Trade	30120	γραμματει	1
96608	γραμματεύς	γραμματευς	Scribe	Writing and the Book Trade	30120	γραμματεως	1
96645	γραμματεύς	γραμματευς	Scribe	Writing and the Book Trade	30120	γραμματευς	1
96645	ἱερεύς 	ιερευς 	Priest, sacrificer	Miscellaneous	14990	ιερευς 	1
96827	φιλόσοφος	φιλοσοφος	Philosopher/sophist	Education and Training	19190	φιλοσοφον	1
96844	ναύκληρος	ναυκληρος	Shipmaster	Seafaring/Maritime	98110	ναυκληρων	1
96857	γραμματεύς	γραμματευς	Scribe	Writing and the Book Trade	30120	γραμματεως	1
96858	ἱππικός	ιππικος	Riding trainer	Education and Training	18190	ιππικου	1
96890	γραμματεύς	γραμματευς	Scribe	Writing and the Book Trade	30120	γραμματεα	1
96892	γραμματεύς	γραμματευς	Scribe	Writing and the Book Trade	30120	γραμματεα	1
96897	γραμματεύς	γραμματευς	Scribe	Writing and the Book Trade	30120	γραμματεα	1
96897	ἱεροποιός	ιεροποιος	Sacrificer	Miscellaneous	14990	ιεροποιου	1
96902	ἔμπορος	εμπορος	Maritime trader	Seafaring/Maritime	41110	εμπορων	1
96905	γραμματεύς	γραμματευς	Scribe	Writing and the Book Trade	30120	γραμματεα	1
96905	ἱεροποιός	ιεροποιος	Sacrificer	Miscellaneous	14990	ιεροποιου	1
96907	ἱεροποιός	ιεροποιος	Sacrificer	Miscellaneous	14990	ιεροποιου	1
96915	γραμματεύς	γραμματευς	Scribe	Writing and the Book Trade	30120	γραμματεις	1
96916	γραμματεύς	γραμματευς	Scribe	Writing and the Book Trade	30120	γραμματεα	1
96916	ἱεροποιός	ιεροποιος	Sacrificer	Miscellaneous	14990	ιεροποιου	1
96917	ἱεροποιός	ιεροποιος	Sacrificer	Miscellaneous	14990	ιεροποιου	1
96919	γραμματεύς	γραμματευς	Scribe	Writing and the Book Trade	30120	γραμματεα	1
96920	ἱεροποιός	ιεροποιος	Sacrificer	Miscellaneous	14990	ιεροποιου	1
96922	ἀρχιτέκτων	αρχιτεκτων	Architect	Construction	2120	αρχιτεκτονος	1
96930	ἱεροποιός	ιεροποιος	Sacrificer	Miscellaneous	14990	ιεροποιου	1
96931	ἱερεύς 	ιερευς 	Priest, sacrificer	Miscellaneous	14990	ιερευς 	1
96951	ἱεροποιός	ιεροποιος	Sacrificer	Miscellaneous	14990	ιεροποιου	1
96951	ἱερεύς 	ιερευς 	Priest, sacrificer	Miscellaneous	14990	ιερευς 	1
96960	ἱεροποιός	ιεροποιος	Sacrificer	Miscellaneous	14990	ιεροποιου	1
96966	ἱεροποιός	ιεροποιος	Sacrificer	Miscellaneous	14990	ιεροποιου	1
96969	ἱεροποιός	ιεροποιος	Sacrificer	Miscellaneous	14990	ιεροποιου	1
96971	ἱεροποιός	ιεροποιος	Sacrificer	Miscellaneous	14990	ιεροποιου	1
96973	ἱεροποιός	ιεροποιος	Sacrificer	Miscellaneous	14990	ιεροποιου	1
96981	ἱεροποιός	ιεροποιος	Sacrificer	Miscellaneous	14990	ιεροποιου	1
97245	ῥήτωρ	ρητωρ	Orator	Literature and Scholarship	17150	ρητωρ	1
97247	ἀρχιτέκτων	αρχιτεκτων	Architect	Construction	2120	αρχιτεκτονα|αρχιτεκτονι	2
97248	ἀρχιτέκτων	αρχιτεκτων	Architect	Construction	2120	αρχιτεκτονα	1
97272	γραμματεύς	γραμματευς	Scribe	Writing and the Book Trade	30120	γραμματεα	1
97312	ἱερεύς 	ιερευς 	Priest, sacrificer	Miscellaneous	14990	ιερευς 	1
97313	ἱερεύς 	ιερευς 	Priest, sacrificer	Miscellaneous	14990	ιερευς 	1
97315	ἱερεύς 	ιερευς 	Priest, sacrificer	Miscellaneous	14990	ιερευς 	1
97317	ἱερεύς 	ιερευς 	Priest, sacrificer	Miscellaneous	14990	ιερευς 	1
97318	ἱερεύς 	ιερευς 	Priest, sacrificer	Miscellaneous	14990	ιερευς 	1
97379	ἱππικός	ιππικος	Riding trainer	Education and Training	18190	ιππικου	1
97406	ἱππικός	ιππικος	Riding trainer	Education and Training	18190	ιππικου	1
97426	γραμματεύς	γραμματευς	Scribe	Writing and the Book Trade	30120	γραμματεα	1
97435	γραμματεύς	γραμματευς	Scribe	Writing and the Book Trade	30120	γραμματεα	1
97438	γραμματεύς	γραμματευς	Scribe	Writing and the Book Trade	30120	γραμματεα	1
97443	γραμματεύς	γραμματευς	Scribe	Writing and the Book Trade	30120	γραμματεα	1
97448	ἀρχιτέκτων	αρχιτεκτων	Architect	Construction	2120	αρχιτεκτονος	1
97451	ἀρχιτέκτων	αρχιτεκτων	Architect	Construction	2120	αρχιτεκτονα	1
97451	ἱεροποιός	ιεροποιος	Sacrificer	Miscellaneous	14990	ιεροποιοι|ιεροποιους	2
97452	ἀρχιτέκτων	αρχιτεκτων	Architect	Construction	2120	αρχιτεκτονος	1
97452	γραμματεύς	γραμματευς	Scribe	Writing and the Book Trade	30120	γραμματευς	1
97453	ἀρχιτέκτων	αρχιτεκτων	Architect	Construction	2120	αρχιτεκτονος	1
97453	γραμματεύς	γραμματευς	Scribe	Writing and the Book Trade	30120	γραμματευς	1
97454	πορθμεύς	πορθμευς	Ferryman	Seafaring/Maritime	98110	πορθμεις	1
97456	ἀρχιτέκτων	αρχιτεκτων	Architect	Construction	2120	αρχιτεκτονος	1
97456	γραμματεύς	γραμματευς	Scribe	Writing and the Book Trade	30120	γραμματευς	1
97457	ἀρχιτέκτων	αρχιτεκτων	Architect	Construction	2120	αρχιτεκτονος	1
97457	παιδοτρίβης	παιδοτριβης	Physical trainer	Education and Training	18190	παιδοτριβαις|παιδοτριβας|παιδοτριβων	3
97457	γραμματεύς	γραμματευς	Scribe	Writing and the Book Trade	30120	γραμματει	1
97468	γραμματεύς	γραμματευς	Scribe	Writing and the Book Trade	30120	γραμματεα	1
97469	ἀρχιτέκτων	αρχιτεκτων	Architect	Construction	2120	αρχιτεκτονα	1
97470	ἀρχιτέκτων	αρχιτεκτων	Architect	Construction	2120	αρχιτεκτονας	1
97470	γραμματεύς	γραμματευς	Scribe	Writing and the Book Trade	30120	γραμματεα|γραμματει	2
97471	ἀρχιτέκτων	αρχιτεκτων	Architect	Construction	2120	αρχιτεκτονος	1
97482	ἱερεύς 	ιερευς 	Priest, sacrificer	Miscellaneous	14990	ιερευς 	1
97611	ἰατρός	ιατρος	Doctor	Miscellaneous	6110	ιατρω	1
97686	ἱερεύς 	ιερευς 	Priest, sacrificer	Miscellaneous	14990	ιερευς 	1
97687	ἱερεύς 	ιερευς 	Priest, sacrificer	Miscellaneous	14990	ιερευς 	1
97697	παιδοτρίβης	παιδοτριβης	Physical trainer	Education and Training	18190	παιδοτριβης	1
97759	λινουργός	λινουργος	Linen worker	Textiles	75130	λινουργων	1
97790	κηπουρός	κηπουρος	Market Gardener	Agriculture, Animal Husbandry	62210	κηπουρων	1
97858	ἡνίοχος	ηνιοχος	charioteer	Transport	98510	ηνιοχων	1
97880	ἀρχιτέκτων	αρχιτεκτων	Architect	Construction	2120	αρχιτεκτων	1
97880	οἰκοδομος	οικοδομος	Builder	Construction	95110	οικοδομοι	1
97908	ἀρχιτέκτων	αρχιτεκτων	Architect	Construction	2120	αρχιτεκτονος	1
98069	γραμματεύς	γραμματευς	Scribe	Writing and the Book Trade	30120	γραμματευς	1
98082	πένταθλος	πενταθλος	Pentathlete	Sports and Competition	18990	πενταθλον	1
98147	γραμματεύς	γραμματευς	Scribe	Writing and the Book Trade	30120	γραμματεα	1
98166	μουσικός	μουσικος	Musician	Drama and Entertainment	17320	μουσικοις	1
98166	γραμματεύς	γραμματευς	Scribe	Writing and the Book Trade	30120	γραμματεα|γραμματει|γραμματευς	3
98178	φιλόσοφος	φιλοσοφος	Philosopher/sophist	Education and Training	19190	φιλοσοφον	1
98179	φιλόσοφος	φιλοσοφος	Philosopher/sophist	Education and Training	19190	φιλοσοφον	1
98192	γραμματεύς	γραμματευς	Scribe	Writing and the Book Trade	30120	γραμματεα	1
98193	γραμματεύς	γραμματευς	Scribe	Writing and the Book Trade	30120	γραμματεα|γραμματει|γραμματευς	3
98196	γραμματεύς	γραμματευς	Scribe	Writing and the Book Trade	30120	γραμματεα	1
98197	γραμματεύς	γραμματευς	Scribe	Writing and the Book Trade	30120	γραμματεα	1
98200	ἱερεύς 	ιερευς 	Priest, sacrificer	Miscellaneous	14990	ιερευς 	1
98204	γραμματεύς	γραμματευς	Scribe	Writing and the Book Trade	30120	γραμματεα|γραμματει	2
98205	γραμματεύς	γραμματευς	Scribe	Writing and the Book Trade	30120	γραμματεα	1
98220	γραμματικός	γραμματικος	Grammarian	Literature and Scholarship	13920	γραμματικον	1
98220	μουσικός	μουσικος	Musician	Drama and Entertainment	17320	μουσικων	1
98220	ὑπηρετής	υπηρετης	Architect’s assistant	Construction	95990	υπηρετη	1
98220	γραμματεύς	γραμματευς	Scribe	Writing and the Book Trade	30120	γραμματεα|γραμματευς	2
98221	γραμματεύς	γραμματευς	Scribe	Writing and the Book Trade	30120	γραμματευς	1
98222	γραμματεύς	γραμματευς	Scribe	Writing and the Book Trade	30120	γραμματευς	1
98224	γραμματεύς	γραμματευς	Scribe	Writing and the Book Trade	30120	γραμματει|γραμματευς	2
98226	γραμματεύς	γραμματευς	Scribe	Writing and the Book Trade	30120	γραμματεα|γραμματεως	2
98228	ἀρχιτέκτων	αρχιτεκτων	Architect	Construction	2120	αρχιτεκτων	1
98228	γραμματεύς	γραμματευς	Scribe	Writing and the Book Trade	30120	γραμματεις	1
98237	ἀρχιτέκτων	αρχιτεκτων	Architect	Construction	2120	αρχιτεκτονα	1
98237	γραμματεύς	γραμματευς	Scribe	Writing and the Book Trade	30120	γραμματεα|γραμματεις	2
98238	γραμματεύς	γραμματευς	Scribe	Writing and the Book Trade	30120	γραμματεα|γραμματεις	2
98239	γραμματεύς	γραμματευς	Scribe	Writing and the Book Trade	30120	γραμματεα	1
98240	γραμματεύς	γραμματευς	Scribe	Writing and the Book Trade	30120	γραμματεα	1
98243	γραμματεύς	γραμματευς	Scribe	Writing and the Book Trade	30120	γραμματεα|γραμματεις	2
98243	ἰατρός	ιατρος	Doctor	Miscellaneous	6110	ιατροις	1
98243	ἱερεύς 	ιερευς 	Priest, sacrificer	Miscellaneous	14990	ιερευς 	1
98247	ἱεροποιός	ιεροποιος	Sacrificer	Miscellaneous	14990	ιεροποιοις	1
98249	γραμματεύς	γραμματευς	Scribe	Writing and the Book Trade	30120	γραμματεα	1
98253	ἀρχιτέκτων	αρχιτεκτων	Architect	Construction	2120	αρχιτεκτων	1
98253	ἱππικός	ιππικος	Riding trainer	Education and Training	18190	ιππικων	1
98253	γραμματεύς	γραμματευς	Scribe	Writing and the Book Trade	30120	γραμματεα|γραμματεις	2
98259	ποιητής	ποιητης	Maker, poet	Literature and Scholarship	17150	ποιητην	1
98260	ἀρχιτέκτων	αρχιτεκτων	Architect	Construction	2120	αρχιτεκτονι	1
98263	ἀρχιτέκτων	αρχιτεκτων	Architect	Construction	2120	αρχιτεκτων	1
98264	γραμματεύς	γραμματευς	Scribe	Writing and the Book Trade	30120	γραμματεα|γραμματεως	2
98267	γραμματεύς	γραμματευς	Scribe	Writing and the Book Trade	30120	γραμματεα	1
98280	γραμματεύς	γραμματευς	Scribe	Writing and the Book Trade	30120	γραμματεα	1
98286	γραμματεύς	γραμματευς	Scribe	Writing and the Book Trade	30120	γραμματεα	1
98288	ἀρχιτέκτων	αρχιτεκτων	Architect	Construction	2120	αρχιτεκτονος	1
98305	ἱερεύς 	ιερευς 	Priest, sacrificer	Miscellaneous	14990	ιερευς 	1
98350	γραμματεύς	γραμματευς	Scribe	Writing and the Book Trade	30120	γραμματεως	1
98397	μουσικός	μουσικος	Musician	Drama and Entertainment	17320	μουσικους	1
98405	ἱεροποιός	ιεροποιος	Sacrificer	Miscellaneous	14990	ιεροποιοις	1
99466	ἱερεύς 	ιερευς 	Priest, sacrificer	Miscellaneous	14990	ιερευς 	1
99467	ἱερεύς 	ιερευς 	Priest, sacrificer	Miscellaneous	14990	ιερευς 	1
99474	γραμματεύς	γραμματευς	Scribe	Writing and the Book Trade	30120	γραμματεα	1
99477	γραμματεύς	γραμματευς	Scribe	Writing and the Book Trade	30120	γραμματεα	1
99481	γραμματεύς	γραμματευς	Scribe	Writing and the Book Trade	30120	γραμματεα	1
99485	ὑπηρετής	υπηρετης	Architect’s assistant	Construction	95990	υπηρετων	1
99487	γραμματεύς	γραμματευς	Scribe	Writing and the Book Trade	30120	γραμματεα	1
99490	ἰατρός	ιατρος	Doctor	Miscellaneous	6110	ιατρος|ιατρων	2
99491	γραμματεύς	γραμματευς	Scribe	Writing and the Book Trade	30120	γραμματεα	1
99496	γραμματεύς	γραμματευς	Scribe	Writing and the Book Trade	30120	γραμματευς	1
99503	γραμματεύς	γραμματευς	Scribe	Writing and the Book Trade	30120	γραμματεα	1
99505	γραμματεύς	γραμματευς	Scribe	Writing and the Book Trade	30120	γραμματεα	1
99510	ὑπηρετής	υπηρετης	Architect’s assistant	Construction	95990	υπηρετων	1
99512	γραμματεύς	γραμματευς	Scribe	Writing and the Book Trade	30120	γραμματεα	1
99514	ποιητής	ποιητης	Maker, poet	Literature and Scholarship	17150	ποιητης	1
99515	γραμματεύς	γραμματευς	Scribe	Writing and the Book Trade	30120	γραμματεα	1
99516	γραμματεύς	γραμματευς	Scribe	Writing and the Book Trade	30120	γραμματεα	1
99518	γραμματεύς	γραμματευς	Scribe	Writing and the Book Trade	30120	γραμματεα	1
99519	γραμματεύς	γραμματευς	Scribe	Writing and the Book Trade	30120	γραμματεα	1
99521	γραμματεύς	γραμματευς	Scribe	Writing and the Book Trade	30120	γραμματεα	1
99522	γραφεύς	γραφευς	Scrivener/copyist	Writing and the Book Trade	30120	γραφει	1
99524	γραμματεύς	γραμματευς	Scribe	Writing and the Book Trade	30120	γραμματεα	1
99525	γραμματεύς	γραμματευς	Scribe	Writing and the Book Trade	30120	γραμματεα	1
99529	γραμματεύς	γραμματευς	Scribe	Writing and the Book Trade	30120	γραμματεα	1
99532	γραμματεύς	γραμματευς	Scribe	Writing and the Book Trade	30120	γραμματεα	1
99540	ὑπηρετής	υπηρετης	Architect’s assistant	Construction	95990	υπηρετων	1
99541	γραμματεύς	γραμματευς	Scribe	Writing and the Book Trade	30120	γραμματεα	1
99550	γραμματεύς	γραμματευς	Scribe	Writing and the Book Trade	30120	γραμματεα	1
99560	γραμματεύς	γραμματευς	Scribe	Writing and the Book Trade	30120	γραμματεα	1
99568	γραμματεύς	γραμματευς	Scribe	Writing and the Book Trade	30120	γραμματεα	1
99569	γραμματεύς	γραμματευς	Scribe	Writing and the Book Trade	30120	γραμματεα	1
99570	γραμματεύς	γραμματευς	Scribe	Writing and the Book Trade	30120	γραμματεα	1
99571	γραμματεύς	γραμματευς	Scribe	Writing and the Book Trade	30120	γραμματεα	1
99572	γραμματεύς	γραμματευς	Scribe	Writing and the Book Trade	30120	γραμματεα	1
99573	γραμματεύς	γραμματευς	Scribe	Writing and the Book Trade	30120	γραμματεα	1
99574	γραμματεύς	γραμματευς	Scribe	Writing and the Book Trade	30120	γραμματεα	1
99575	γραμματεύς	γραμματευς	Scribe	Writing and the Book Trade	30120	γραμματεα	1
99576	γραμματεύς	γραμματευς	Scribe	Writing and the Book Trade	30120	γραμματεα	1
99578	γραμματεύς	γραμματευς	Scribe	Writing and the Book Trade	30120	γραμματεα	1
99580	γραμματεύς	γραμματευς	Scribe	Writing and the Book Trade	30120	γραμματεα	1
99581	γραμματεύς	γραμματευς	Scribe	Writing and the Book Trade	30120	γραμματεα	1
99582	γραμματεύς	γραμματευς	Scribe	Writing and the Book Trade	30120	γραμματεα	1
99583	γραμματεύς	γραμματευς	Scribe	Writing and the Book Trade	30120	γραμματεα	1
99590	ῥήτωρ	ρητωρ	Orator	Literature and Scholarship	17150	ρητωρ	1
99591	καπηλίς	καπηλις	Retailer	Miscellaneous Retail	49190	καπηλων	1
99591	κάπηλος	καπηλος	Retailer	Miscellaneous Retail	49190	καπηλων|καπηλος	2
99593	ἀρχιτέκτων	αρχιτεκτων	Architect	Construction	2120	αρχιτεκτονος	1
99601	τέκτων	τεκτων	Carpenter/joiner	Woodwork	95110	τεκτονες	1
99629	ὑποκριτής	υποκριτης	Actor	Drama and Entertainment	17120	υποκριτης	1
99633	διδάσκαλος	διδασκαλος	Teacher	Education and Training	13130	διδασκαλους	1
99633	κιθαριστής	κιθαριστης	Kithara teacher/player	Education and Training	13920	κιθαριστης|κιθαριστων	2
99633	πένταθλος	πενταθλος	Pentathlete	Sports and Competition	18990	πενταθλον	1
99633	ποιητής	ποιητης	Maker, poet	Literature and Scholarship	17150	ποιητας	1
99633	ὑποκριτής	υποκριτης	Actor	Drama and Entertainment	17120	υποκριτας|υποκριτης	2
99644	παιδοτρίβης	παιδοτριβης	Physical trainer	Education and Training	18190	παιδοτριβων	1
99662	ἱππικός	ιππικος	Riding trainer	Education and Training	18190	ιππικους	1
99692	ἱερεύς 	ιερευς 	Priest, sacrificer	Miscellaneous	14990	ιερευς 	1
99769	ἰατρός	ιατρος	Doctor	Miscellaneous	6110	ιατρον	1
99771	ἱππικός	ιππικος	Riding trainer	Education and Training	18190	ιππικους	1
99794	φιλόσοφος	φιλοσοφος	Philosopher/sophist	Education and Training	19190	φιλοσοφον	1
99927	ἡνίοχος	ηνιοχος	charioteer	Transport	98510	ηνιοχων	1
100033	ἱερεύς 	ιερευς 	Priest, sacrificer	Miscellaneous	14990	ιερευς 	1
100144	γραμματεύς	γραμματευς	Scribe	Writing and the Book Trade	30120	γραμματεα	1
100150	ἱππικός	ιππικος	Riding trainer	Education and Training	18190	ιππικον	1
100154	γραμματεύς	γραμματευς	Scribe	Writing and the Book Trade	30120	γραμματεις	1
100163	σοφιστής	σοφιστης	Philosopher/sophist	Education and Training	19190	σοφισταις	1
100183	ἀργυροκόπος	αργυροκοπος	Coin minter	Metalwork	72110	αργυροκοπων	1
100183	χρυσόχοος	χρυσοχοος	Goldsmith	Metalwork	72110	χρυσοχοων	1
100197	σοφιστής	σοφιστης	Philosopher/sophist	Education and Training	19190	σοφιστης	1
100202	φιλόσοφος	φιλοσοφος	Philosopher/sophist	Education and Training	19190	φιλοσοφος	1
100212	γραμματεύς	γραμματευς	Scribe	Writing and the Book Trade	30120	γραμματευς	1
100214	ἱερεύς 	ιερευς 	Priest, sacrificer	Miscellaneous	14990	ιερευς 	1
100217	γραμματεύς	γραμματευς	Scribe	Writing and the Book Trade	30120	γραμματευς	1
100217	ἱερεύς 	ιερευς 	Priest, sacrificer	Miscellaneous	14990	ιερευς 	1
100227	γραμματεύς	γραμματευς	Scribe	Writing and the Book Trade	30120	γραμματευς	1
100230	γραμματεύς	γραμματευς	Scribe	Writing and the Book Trade	30120	γραμματευς	1
100238	ἀρχιτέκτων	αρχιτεκτων	Architect	Construction	2120	αρχιτεκτονος	1
100240	φορτηγός	φορτηγος	Maritime trader	Seafaring/Maritime	41110	φορτηγοις	1
100260	ἀγαλματοποιός	αγαλματοποιος	Statue maker	Stonework	16120	αγαλματοποιος	1
100268	γραμματεύς	γραμματευς	Scribe	Writing and the Book Trade	30120	γραμματεις	1
100270	γραμματεύς	γραμματευς	Scribe	Writing and the Book Trade	30120	γραμματευς	1
100309	γραμματικός	γραμματικος	Grammarian	Literature and Scholarship	13920	γραμματικου	1
100312	γραμματεύς	γραμματευς	Scribe	Writing and the Book Trade	30120	γραμματεως	1
100324	παγκρατιαστής	παγκρατιαστης	Pancratiast	Sports and Competition	18990	παγκρατιαστην	1
100325	φιλόσοφος	φιλοσοφος	Philosopher/sophist	Education and Training	19190	φιλοσοφον	1
100325	ἱερεύς 	ιερευς 	Priest, sacrificer	Miscellaneous	14990	ιερευς 	1
100334	γραμματεύς	γραμματευς	Scribe	Writing and the Book Trade	30120	γραμματεως	1
100411	ἰατρός	ιατρος	Doctor	Miscellaneous	6110	ιατρος	1
100452	φορτηγός	φορτηγος	Maritime trader	Seafaring/Maritime	41110	φορτηγοις	1
100589	ναύκληρος	ναυκληρος	Shipmaster	Seafaring/Maritime	98110	ναυκληρος	1
100730	γραμματεύς	γραμματευς	Scribe	Writing and the Book Trade	30120	γραμματευς	1
100742	ἰατρός	ιατρος	Doctor	Miscellaneous	6110	ιατρου	1
100800	ἰατρός	ιατρος	Doctor	Miscellaneous	6110	ιατρος	1
101143	γραμματεύς	γραμματευς	Scribe	Writing and the Book Trade	30120	γραμματει	1
101180	ἰατρός	ιατρος	Doctor	Miscellaneous	6110	ιατρον	1
101217	γραμματεύς	γραμματευς	Scribe	Writing and the Book Trade	30120	γραμματευς	1
101240	γραμματεύς	γραμματευς	Scribe	Writing and the Book Trade	30120	γραμματεως	1
101255	ἰατρός	ιατρος	Doctor	Miscellaneous	6110	ιατρων	1
101306	γραμματεύς	γραμματευς	Scribe	Writing and the Book Trade	30120	γραμματεως	1
101308	ἱππικός	ιππικος	Riding trainer	Education and Training	18190	ιππικον	1
101308	πένταθλος	πενταθλος	Pentathlete	Sports and Competition	18990	πενταθλον	1
101317	ἱερεύς 	ιερευς 	Priest, sacrificer	Miscellaneous	14990	ιερευς 	1
101324	γραμματεύς	γραμματευς	Scribe	Writing and the Book Trade	30120	γραμματεως	1
101325	γραμματεύς	γραμματευς	Scribe	Writing and the Book Trade	30120	γραμματεως	1
101327	ἱερεύς 	ιερευς 	Priest, sacrificer	Miscellaneous	14990	ιερευς 	1
101608	γεωργός	γεωργος	Farmer	Agriculture, Animal Husbandry	61110	γεωργε	1
101618	ναύκληρος	ναυκληρος	Shipmaster	Seafaring/Maritime	98110	ναυκληρων	1
101630	γραμματεύς	γραμματευς	Scribe	Writing and the Book Trade	30120	γραμματεα	1
101632	γραμματεύς	γραμματευς	Scribe	Writing and the Book Trade	30120	γραμματεα	1
101637	γραμματεύς	γραμματευς	Scribe	Writing and the Book Trade	30120	γραμματεας	1
101638	γραμματεύς	γραμματευς	Scribe	Writing and the Book Trade	30120	γραμματεα	1
101652	ἱερεύς 	ιερευς 	Priest, sacrificer	Miscellaneous	14990	ιερευς 	1
101653	ἱερεύς 	ιερευς 	Priest, sacrificer	Miscellaneous	14990	ιερευς 	1
101658	ἱερεύς 	ιερευς 	Priest, sacrificer	Miscellaneous	14990	ιερευς 	1
101669	κιθαριστής	κιθαριστης	Kithara teacher/player	Education and Training	13920	κιθαριστην	1
101669	ὁπλομάχος	οπλομαχος	Weapons trainer	Education and Training	18190	οπλομαχον|οπλομαχος|οπλομαχου	3
101669	παιδοτρίβης	παιδοτριβης	Physical trainer	Education and Training	18190	παιδοτριβας	1
101669	γραμματεύς	γραμματευς	Scribe	Writing and the Book Trade	30120	γραμματεων	1
101673	ἱεροποιός	ιεροποιος	Sacrificer	Miscellaneous	14990	ιεροποιους	1
101708	ἱερεύς 	ιερευς 	Priest, sacrificer	Miscellaneous	14990	ιερευς 	1
101716	γραμματεύς	γραμματευς	Scribe	Writing and the Book Trade	30120	γραμματεα	1
101730	ὑποκριτής	υποκριτης	Actor	Drama and Entertainment	17120	υποκριτης	1
101731	γραμματεύς	γραμματευς	Scribe	Writing and the Book Trade	30120	γραμματευς	1
101797	ποιητής	ποιητης	Maker, poet	Literature and Scholarship	17150	ποιητα	1
101893	ναύκληρος	ναυκληρος	Shipmaster	Seafaring/Maritime	98110	ναυκληρος	1
101915	μουσικός	μουσικος	Musician	Drama and Entertainment	17320	μουσικοις	1
101943	διδάσκαλος	διδασκαλος	Teacher	Education and Training	13130	διδασκαλου	1
101958	διδάσκαλος	διδασκαλος	Teacher	Education and Training	13130	διδασκαλου	1
101960	ἰατρός	ιατρος	Doctor	Miscellaneous	6110	ιατρου	1
101965	κηπουρός	κηπουρος	Market Gardener	Agriculture, Animal Husbandry	62210	κηπουρου	1
101966	γναφεύς	γναφευς	Fuller	Textiles	75140	γναφεως	1
101967	ἀρχιτέκτων	αρχιτεκτων	Architect	Construction	2120	αρχιτεκτονος	1
101971	διδάσκαλος	διδασκαλος	Teacher	Education and Training	13130	διδασκαλου	1
101993	διδάσκαλος	διδασκαλος	Teacher	Education and Training	13130	διδασκαλου	1
102008	βαφεύς	βαφευς	Dyer	Textiles	75120	βαφεως	1
102062	γραμματεύς	γραμματευς	Scribe	Writing and the Book Trade	30120	γραμματευς	1
102074	γραμματεύς	γραμματευς	Scribe	Writing and the Book Trade	30120	γραμματευς	1
102119	ποιητής	ποιητης	Maker, poet	Literature and Scholarship	17150	ποιητην	1
102120	ποιητής	ποιητης	Maker, poet	Literature and Scholarship	17150	ποιητης	1
102123	γραμματεύς	γραμματευς	Scribe	Writing and the Book Trade	30120	γραμματεως	1
102124	γραμματεύς	γραμματευς	Scribe	Writing and the Book Trade	30120	γραμματεως	1
102125	γραμματεύς	γραμματευς	Scribe	Writing and the Book Trade	30120	γραμματεως	1
102129	γραμματεύς	γραμματευς	Scribe	Writing and the Book Trade	30120	γραμματευς	1
102130	γραμματεύς	γραμματευς	Scribe	Writing and the Book Trade	30120	γραμματευς	1
102131	γραμματεύς	γραμματευς	Scribe	Writing and the Book Trade	30120	γραμματεως	1
102133	γραμματεύς	γραμματευς	Scribe	Writing and the Book Trade	30120	γραμματευς	1
102134	ἱερεύς 	ιερευς 	Priest, sacrificer	Miscellaneous	14990	ιερευς 	1
102138	γραμματεύς	γραμματευς	Scribe	Writing and the Book Trade	30120	γραμματεως	1
102140	γραμματεύς	γραμματευς	Scribe	Writing and the Book Trade	30120	γραμματευς	1
102142	γραμματεύς	γραμματευς	Scribe	Writing and the Book Trade	30120	γραμματει|γραμματεως	2
102143	ἱερεύς 	ιερευς 	Priest, sacrificer	Miscellaneous	14990	ιερευς 	1
102179	μουσικός	μουσικος	Musician	Drama and Entertainment	17320	μουσικον	1
102188	ἀγαλματοποιός	αγαλματοποιος	Statue maker	Stonework	16120	αγαλματοποιοις	1
102188	ἱππικός	ιππικος	Riding trainer	Education and Training	18190	ιππικω	1
102188	μουσικός	μουσικος	Musician	Drama and Entertainment	17320	μουσικου	1
102188	πένταθλος	πενταθλος	Pentathlete	Sports and Competition	18990	πενταθλω	1
102188	ποιητής	ποιητης	Maker, poet	Literature and Scholarship	17150	ποιητη	1
102188	γραμματεύς	γραμματευς	Scribe	Writing and the Book Trade	30120	γραμματει	1
102189	μουσικός	μουσικος	Musician	Drama and Entertainment	17320	μουσικου	1
102189	ποιητής	ποιητης	Maker, poet	Literature and Scholarship	17150	ποιητη	1
102191	ἱερεύς 	ιερευς 	Priest, sacrificer	Miscellaneous	14990	ιερευς 	1
102192	ἱερεύς 	ιερευς 	Priest, sacrificer	Miscellaneous	14990	ιερευς 	1
102195	σοφιστής	σοφιστης	Philosopher/sophist	Education and Training	19190	σοφιστης	1
102214	ἱερεύς 	ιερευς 	Priest, sacrificer	Miscellaneous	14990	ιερευς 	1
102217	ἱερεύς 	ιερευς 	Priest, sacrificer	Miscellaneous	14990	ιερευς 	1
102249	ἱερεύς 	ιερευς 	Priest, sacrificer	Miscellaneous	14990	ιερευς 	1
102251	γραμματεύς	γραμματευς	Scribe	Writing and the Book Trade	30120	γραμματει	1
102251	ἱερεύς 	ιερευς 	Priest, sacrificer	Miscellaneous	14990	ιερευς 	1
102252	ἱερεύς 	ιερευς 	Priest, sacrificer	Miscellaneous	14990	ιερευς 	1
102253	ἱερεύς 	ιερευς 	Priest, sacrificer	Miscellaneous	14990	ιερευς 	1
102254	ἱερεύς 	ιερευς 	Priest, sacrificer	Miscellaneous	14990	ιερευς 	1
102256	ἱερεύς 	ιερευς 	Priest, sacrificer	Miscellaneous	14990	ιερευς 	1
102259	ἱερεύς 	ιερευς 	Priest, sacrificer	Miscellaneous	14990	ιερευς 	1
102276	ἱερεύς 	ιερευς 	Priest, sacrificer	Miscellaneous	14990	ιερευς 	1
102288	ἱερεύς 	ιερευς 	Priest, sacrificer	Miscellaneous	14990	ιερευς 	1
102289	ἱερεύς 	ιερευς 	Priest, sacrificer	Miscellaneous	14990	ιερευς 	1
102299	γναφεύς	γναφευς	Fuller	Textiles	75140	γναφευς	1
102299	ὀρνιθοπώλης	ορνιθοπωλης	Bird Dealer	Agriculture, Animal Husbandry	62210	ορνιθοπωλης	1
102299	τέκτων	τεκτων	Carpenter/joiner	Woodwork	95110	τεκτων	1
102299	ἱερεύς 	ιερευς 	Priest, sacrificer	Miscellaneous	14990	ιερευς 	1
102315	ἱερεύς 	ιερευς 	Priest, sacrificer	Miscellaneous	14990	ιερευς 	1
102333	γραμματεύς	γραμματευς	Scribe	Writing and the Book Trade	30120	γραμματεως	1
102340	ἱππικός	ιππικος	Riding trainer	Education and Training	18190	ιππικον	1
102341	ἱππικός	ιππικος	Riding trainer	Education and Training	18190	ιππικον	1
102345	σοφιστής	σοφιστης	Philosopher/sophist	Education and Training	19190	σοφιστην	1
102350	ἱππικός	ιππικος	Riding trainer	Education and Training	18190	ιππικον	1
102360	ἱππικός	ιππικος	Riding trainer	Education and Training	18190	ιππικου	1
102361	ἱππικός	ιππικος	Riding trainer	Education and Training	18190	ιππικου	1
102371	σοφιστής	σοφιστης	Philosopher/sophist	Education and Training	19190	σοφιστην	1
102375	σοφιστής	σοφιστης	Philosopher/sophist	Education and Training	19190	σοφιστην	1
102389	ἱππικός	ιππικος	Riding trainer	Education and Training	18190	ιππικου	1
102392	σοφιστής	σοφιστης	Philosopher/sophist	Education and Training	19190	σοφιστην	1
102412	κιθαριστής	κιθαριστης	Kithara teacher/player	Education and Training	13920	κιθαριστην	1
102429	σοφιστής	σοφιστης	Philosopher/sophist	Education and Training	19190	σοφιστην	1
102448	γραμματεύς	γραμματευς	Scribe	Writing and the Book Trade	30120	γραμματεα	1
102449	ἀγαλματοποιός	αγαλματοποιος	Statue maker	Stonework	16120	αγαλματοποιων	1
102459	γραμματεύς	γραμματευς	Scribe	Writing and the Book Trade	30120	γραμματεα	1
102464	ἱερεύς 	ιερευς 	Priest, sacrificer	Miscellaneous	14990	ιερευς 	1
102474	γραμματεύς	γραμματευς	Scribe	Writing and the Book Trade	30120	γραμματεα	1
102488	γραμματεύς	γραμματευς	Scribe	Writing and the Book Trade	30120	γραμματεως	1
102489	ἱερεύς 	ιερευς 	Priest, sacrificer	Miscellaneous	14990	ιερευς 	1
102490	ἱερεύς 	ιερευς 	Priest, sacrificer	Miscellaneous	14990	ιερευς 	1
102554	ἱππικός	ιππικος	Riding trainer	Education and Training	18190	ιππικον	1
102556	φιλόσοφος	φιλοσοφος	Philosopher/sophist	Education and Training	19190	φιλοσοφον	1
102599	σοφιστής	σοφιστης	Philosopher/sophist	Education and Training	19190	σοφιστης	1
102627	ἰατρός	ιατρος	Doctor	Miscellaneous	6110	ιατρου	1
102705	οἰκοδομος	οικοδομος	Builder	Construction	95110	οικοδομοι	1
102738	ἰατρός	ιατρος	Doctor	Miscellaneous	6110	ιατρος	1
102745	ἰατρός	ιατρος	Doctor	Miscellaneous	6110	ιατρου	1
102797	βρακάριος	βρακαριος	Maker of trousers	Textiles	79120	βρακαριου	1
102805	κάπηλος	καπηλος	Retailer	Miscellaneous Retail	49190	καπηλου	1
102869	κηροματίτης	κηροματιτης	Masseur, trainer	Miscellaneous	53990	κηροματιτης	1
103090	ἱερεύς 	ιερευς 	Priest, sacrificer	Miscellaneous	14990	ιερευς 	1
103092	ἱερεύς 	ιερευς 	Priest, sacrificer	Miscellaneous	14990	ιερευς 	1
103104	ἱερεύς 	ιερευς 	Priest, sacrificer	Miscellaneous	14990	ιερευς 	1
103115	γραμματεύς	γραμματευς	Scribe	Writing and the Book Trade	30120	γραμματεως	1
103163	ἱερεύς 	ιερευς 	Priest, sacrificer	Miscellaneous	14990	ιερευς 	1
103223	ἱεροποιός	ιεροποιος	Sacrificer	Miscellaneous	14990	ιεροποιου	1
103226	μουσικός	μουσικος	Musician	Drama and Entertainment	17320	μουσικους	1
103229	ἀρχιτέκτων	αρχιτεκτων	Architect	Construction	2120	αρχιτεκτονα	1
103229	γραμματεύς	γραμματευς	Scribe	Writing and the Book Trade	30120	γραμματεα	1
103249	ἱερεύς 	ιερευς 	Priest, sacrificer	Miscellaneous	14990	ιερευς 	1
103253	ἱεροποιός	ιεροποιος	Sacrificer	Miscellaneous	14990	ιεροποιου|ιεροποιων	2
103285	ἱερεύς 	ιερευς 	Priest, sacrificer	Miscellaneous	14990	ιερευς 	1
103310	γραμματεύς	γραμματευς	Scribe	Writing and the Book Trade	30120	γραμματεα	1
103320	ἱερεύς 	ιερευς 	Priest, sacrificer	Miscellaneous	14990	ιερευς 	1
103338	ἔμπορος	εμπορος	Maritime trader	Seafaring/Maritime	41110	εμπορον	1
103348	ἰατρός	ιατρος	Doctor	Miscellaneous	6110	ιατρου|ιατρων	2
103353	φιλόσοφος	φιλοσοφος	Philosopher/sophist	Education and Training	19190	φιλοσοφου	1
103382	ἰατρός	ιατρος	Doctor	Miscellaneous	6110	ιατρου	1
103388	ἀρτοκόπος	αρτοκοπος	Baker	Food Preparation and Retail	53120	αρτοκοπου	1
103408	ἱερεύς 	ιερευς 	Priest, sacrificer	Miscellaneous	14990	ιερευς 	1
103627	ἱερεύς 	ιερευς 	Priest, sacrificer	Miscellaneous	14990	ιερευς 	1
103637	ἱερεύς 	ιερευς 	Priest, sacrificer	Miscellaneous	14990	ιερευς 	1
103673	ἱερεύς 	ιερευς 	Priest, sacrificer	Miscellaneous	14990	ιερευς 	1
103693	ἰατρός	ιατρος	Doctor	Miscellaneous	6110	ιατρον	1
103795	γραμματεύς	γραμματευς	Scribe	Writing and the Book Trade	30120	γραμματευς|γραμματεως	2
103796	ἱππικός	ιππικος	Riding trainer	Education and Training	18190	ιππικον	1
103796	μουσικός	μουσικος	Musician	Drama and Entertainment	17320	μουσικον	1
103797	μουσικός	μουσικος	Musician	Drama and Entertainment	17320	μουσικον	1
103798	μουσικός	μουσικος	Musician	Drama and Entertainment	17320	μουσικον	1
103821	ἱερεύς 	ιερευς 	Priest, sacrificer	Miscellaneous	14990	ιερευς 	1
103853	ἰατρός	ιατρος	Doctor	Miscellaneous	6110	ιατρον	1
103931	ἀρχιτέκτων	αρχιτεκτων	Architect	Construction	2120	αρχιτεκτονος	1
104042	ἱερεύς 	ιερευς 	Priest, sacrificer	Miscellaneous	14990	ιερευς 	1
104054	γραμματεύς	γραμματευς	Scribe	Writing and the Book Trade	30120	γραμματεα|γραμματεως	2
104057	γραμματεύς	γραμματευς	Scribe	Writing and the Book Trade	30120	γραμματεως	1
104077	γραμματεύς	γραμματευς	Scribe	Writing and the Book Trade	30120	γραμματεως	1
104096	γραμματεύς	γραμματευς	Scribe	Writing and the Book Trade	30120	γραμματεως	1
104110	κιθαριστής	κιθαριστης	Kithara teacher/player	Education and Training	13920	κιθαριστην|κιθαριστης	2
104110	ποιητής	ποιητης	Maker, poet	Literature and Scholarship	17150	ποιητης	1
104113	γραμματεύς	γραμματευς	Scribe	Writing and the Book Trade	30120	γραμματεα|γραμματει	2
104114	γραμματεύς	γραμματευς	Scribe	Writing and the Book Trade	30120	γραμματεως	1
104115	γραμματεύς	γραμματευς	Scribe	Writing and the Book Trade	30120	γραμματεως	1
104117	ποιητής	ποιητης	Maker, poet	Literature and Scholarship	17150	ποιηται	1
104121	μουσικός	μουσικος	Musician	Drama and Entertainment	17320	μουσικου	1
104121	γραμματεύς	γραμματευς	Scribe	Writing and the Book Trade	30120	γραμματεα	1
104125	γραμματεύς	γραμματευς	Scribe	Writing and the Book Trade	30120	γραμματεως	1
104126	γραμματεύς	γραμματευς	Scribe	Writing and the Book Trade	30120	γραμματεως	1
104129	γραμματεύς	γραμματευς	Scribe	Writing and the Book Trade	30120	γραμματεως	1
104130	ἀρχιτέκτων	αρχιτεκτων	Architect	Construction	2120	αρχιτεκτονος	1
104142	κιθαριστής	κιθαριστης	Kithara teacher/player	Education and Training	13920	κιθαριστην	1
104178	κιθαριστής	κιθαριστης	Kithara teacher/player	Education and Training	13920	κιθαριστην	1
104184	κιθαριστής	κιθαριστης	Kithara teacher/player	Education and Training	13920	κιθαριστην	1
104204	ἀρχιτέκτων	αρχιτεκτων	Architect	Construction	2120	αρχιτεκτων	1
104239	γραμματεύς	γραμματευς	Scribe	Writing and the Book Trade	30120	γραμματευς	1
104280	παιδοτρίβης	παιδοτριβης	Physical trainer	Education and Training	18190	παιδοτριβας	1
104285	ἰατρός	ιατρος	Doctor	Miscellaneous	6110	ιατρον	1
104453	σοφιστής	σοφιστης	Philosopher/sophist	Education and Training	19190	σοφιστης	1
104726	μουσικός	μουσικος	Musician	Drama and Entertainment	17320	μουσικοις	1
104726	γραμματεύς	γραμματευς	Scribe	Writing and the Book Trade	30120	γραμματεα	1
104727	γραμματεύς	γραμματευς	Scribe	Writing and the Book Trade	30120	γραμματεα|γραμματει|γραμματευς|γραμματεως	4
104732	ποιητής	ποιητης	Maker, poet	Literature and Scholarship	17150	ποιηται	1
104732	γραμματεύς	γραμματευς	Scribe	Writing and the Book Trade	30120	γραμματεα	1
104733	γραμματεύς	γραμματευς	Scribe	Writing and the Book Trade	30120	γραμματεα	1
104735	ναύκληρος	ναυκληρος	Shipmaster	Seafaring/Maritime	98110	ναυκληροις	1
104742	γραμματεύς	γραμματευς	Scribe	Writing and the Book Trade	30120	γραμματευς	1
104744	ποιητής	ποιητης	Maker, poet	Literature and Scholarship	17150	ποιητας	1
104847	ἱερεύς 	ιερευς 	Priest, sacrificer	Miscellaneous	14990	ιερευς 	1
104848	ἱερεύς 	ιερευς 	Priest, sacrificer	Miscellaneous	14990	ιερευς 	1
104851	ἱερεύς 	ιερευς 	Priest, sacrificer	Miscellaneous	14990	ιερευς 	1
104852	ἱερεύς 	ιερευς 	Priest, sacrificer	Miscellaneous	14990	ιερευς 	1
104858	ἱερεύς 	ιερευς 	Priest, sacrificer	Miscellaneous	14990	ιερευς 	1
104864	ἱερεύς 	ιερευς 	Priest, sacrificer	Miscellaneous	14990	ιερευς 	1
104901	ἱερεύς 	ιερευς 	Priest, sacrificer	Miscellaneous	14990	ιερευς 	1
104967	ἰατρός	ιατρος	Doctor	Miscellaneous	6110	ιατρον	1
105045	ἰατρός	ιατρος	Doctor	Miscellaneous	6110	ιατρον	1
105176	ἱερεύς 	ιερευς 	Priest, sacrificer	Miscellaneous	14990	ιερευς 	1
105178	ἱερεύς 	ιερευς 	Priest, sacrificer	Miscellaneous	14990	ιερευς 	1
105193	γραμματεύς	γραμματευς	Scribe	Writing and the Book Trade	30120	γραμματευσι	1
105194	γραμματεύς	γραμματευς	Scribe	Writing and the Book Trade	30120	γραμματει	1
105198	γραμματεύς	γραμματευς	Scribe	Writing and the Book Trade	30120	γραμματεα|γραμματευς|γραμματεως	3
105200	ἱερεύς 	ιερευς 	Priest, sacrificer	Miscellaneous	14990	ιερευς 	1
105201	ἱερεύς 	ιερευς 	Priest, sacrificer	Miscellaneous	14990	ιερευς 	1
105202	ἱερεύς 	ιερευς 	Priest, sacrificer	Miscellaneous	14990	ιερευς 	1
105229	ἱερεύς 	ιερευς 	Priest, sacrificer	Miscellaneous	14990	ιερευς 	1
105230	ἱερεύς 	ιερευς 	Priest, sacrificer	Miscellaneous	14990	ιερευς 	1
105243	ἱερεύς 	ιερευς 	Priest, sacrificer	Miscellaneous	14990	ιερευς 	1
105253	ἱερεύς 	ιερευς 	Priest, sacrificer	Miscellaneous	14990	ιερευς 	1
105259	γραμματικός	γραμματικος	Grammarian	Literature and Scholarship	13920	γραμματικον	1
105337	ἱερεύς 	ιερευς 	Priest, sacrificer	Miscellaneous	14990	ιερευς 	1
105338	ἱερεύς 	ιερευς 	Priest, sacrificer	Miscellaneous	14990	ιερευς 	1
105390	γραμματεύς	γραμματευς	Scribe	Writing and the Book Trade	30120	γραμματεως	1
105397	ἱερεύς 	ιερευς 	Priest, sacrificer	Miscellaneous	14990	ιερευς 	1
105398	ἱερεύς 	ιερευς 	Priest, sacrificer	Miscellaneous	14990	ιερευς 	1
105399	ἱερεύς 	ιερευς 	Priest, sacrificer	Miscellaneous	14990	ιερευς 	1
105400	ἱερεύς 	ιερευς 	Priest, sacrificer	Miscellaneous	14990	ιερευς 	1
105401	ἱερεύς 	ιερευς 	Priest, sacrificer	Miscellaneous	14990	ιερευς 	1
105402	ἱερεύς 	ιερευς 	Priest, sacrificer	Miscellaneous	14990	ιερευς 	1
105403	ἱερεύς 	ιερευς 	Priest, sacrificer	Miscellaneous	14990	ιερευς 	1
105404	ἱερεύς 	ιερευς 	Priest, sacrificer	Miscellaneous	14990	ιερευς 	1
105405	ἱερεύς 	ιερευς 	Priest, sacrificer	Miscellaneous	14990	ιερευς 	1
105406	ἱερεύς 	ιερευς 	Priest, sacrificer	Miscellaneous	14990	ιερευς 	1
105407	ἱερεύς 	ιερευς 	Priest, sacrificer	Miscellaneous	14990	ιερευς 	1
105410	ἱερεύς 	ιερευς 	Priest, sacrificer	Miscellaneous	14990	ιερευς 	1
105411	ἱερεύς 	ιερευς 	Priest, sacrificer	Miscellaneous	14990	ιερευς 	1
105412	ἱερεύς 	ιερευς 	Priest, sacrificer	Miscellaneous	14990	ιερευς 	1
105413	ἱερεύς 	ιερευς 	Priest, sacrificer	Miscellaneous	14990	ιερευς 	1
105414	ἱερεύς 	ιερευς 	Priest, sacrificer	Miscellaneous	14990	ιερευς 	1
105415	ἱερεύς 	ιερευς 	Priest, sacrificer	Miscellaneous	14990	ιερευς 	1
105416	ἱερεύς 	ιερευς 	Priest, sacrificer	Miscellaneous	14990	ιερευς 	1
105417	ἱερεύς 	ιερευς 	Priest, sacrificer	Miscellaneous	14990	ιερευς 	1
105418	ἱερεύς 	ιερευς 	Priest, sacrificer	Miscellaneous	14990	ιερευς 	1
105419	ἱερεύς 	ιερευς 	Priest, sacrificer	Miscellaneous	14990	ιερευς 	1
105420	ἱερεύς 	ιερευς 	Priest, sacrificer	Miscellaneous	14990	ιερευς 	1
105421	ἱερεύς 	ιερευς 	Priest, sacrificer	Miscellaneous	14990	ιερευς 	1
105422	ἱερεύς 	ιερευς 	Priest, sacrificer	Miscellaneous	14990	ιερευς 	1
105423	ἱερεύς 	ιερευς 	Priest, sacrificer	Miscellaneous	14990	ιερευς 	1
105426	ἱερεύς 	ιερευς 	Priest, sacrificer	Miscellaneous	14990	ιερευς 	1
105430	ἱερεύς 	ιερευς 	Priest, sacrificer	Miscellaneous	14990	ιερευς 	1
105432	ἱερεύς 	ιερευς 	Priest, sacrificer	Miscellaneous	14990	ιερευς 	1
105433	ἱερεύς 	ιερευς 	Priest, sacrificer	Miscellaneous	14990	ιερευς 	1
105435	ἱερεύς 	ιερευς 	Priest, sacrificer	Miscellaneous	14990	ιερευς 	1
105436	ἱερεύς 	ιερευς 	Priest, sacrificer	Miscellaneous	14990	ιερευς 	1
105438	ἱερεύς 	ιερευς 	Priest, sacrificer	Miscellaneous	14990	ιερευς 	1
105439	ἱερεύς 	ιερευς 	Priest, sacrificer	Miscellaneous	14990	ιερευς 	1
105440	ἱερεύς 	ιερευς 	Priest, sacrificer	Miscellaneous	14990	ιερευς 	1
105442	ἱερεύς 	ιερευς 	Priest, sacrificer	Miscellaneous	14990	ιερευς 	1
105444	ἱερεύς 	ιερευς 	Priest, sacrificer	Miscellaneous	14990	ιερευς 	1
105445	ἱερεύς 	ιερευς 	Priest, sacrificer	Miscellaneous	14990	ιερευς 	1
105446	ἱερεύς 	ιερευς 	Priest, sacrificer	Miscellaneous	14990	ιερευς 	1
105447	ἱερεύς 	ιερευς 	Priest, sacrificer	Miscellaneous	14990	ιερευς 	1
105453	ἱερεύς 	ιερευς 	Priest, sacrificer	Miscellaneous	14990	ιερευς 	1
105454	ἱερεύς 	ιερευς 	Priest, sacrificer	Miscellaneous	14990	ιερευς 	1
105455	ἱερεύς 	ιερευς 	Priest, sacrificer	Miscellaneous	14990	ιερευς 	1
105458	ἱερεύς 	ιερευς 	Priest, sacrificer	Miscellaneous	14990	ιερευς 	1
105460	ἱερεύς 	ιερευς 	Priest, sacrificer	Miscellaneous	14990	ιερευς 	1
105461	ἱερεύς 	ιερευς 	Priest, sacrificer	Miscellaneous	14990	ιερευς 	1
105462	ἱερεύς 	ιερευς 	Priest, sacrificer	Miscellaneous	14990	ιερευς 	1
105463	ἱερεύς 	ιερευς 	Priest, sacrificer	Miscellaneous	14990	ιερευς 	1
105466	ἱερεύς 	ιερευς 	Priest, sacrificer	Miscellaneous	14990	ιερευς 	1
105467	ἱερεύς 	ιερευς 	Priest, sacrificer	Miscellaneous	14990	ιερευς 	1
105469	ἱερεύς 	ιερευς 	Priest, sacrificer	Miscellaneous	14990	ιερευς 	1
105470	ἱερεύς 	ιερευς 	Priest, sacrificer	Miscellaneous	14990	ιερευς 	1
105472	ἱερεύς 	ιερευς 	Priest, sacrificer	Miscellaneous	14990	ιερευς 	1
105477	ἱερεύς 	ιερευς 	Priest, sacrificer	Miscellaneous	14990	ιερευς 	1
105494	ἱερεύς 	ιερευς 	Priest, sacrificer	Miscellaneous	14990	ιερευς 	1
105498	ἱερεύς 	ιερευς 	Priest, sacrificer	Miscellaneous	14990	ιερευς 	1
105503	ἱερεύς 	ιερευς 	Priest, sacrificer	Miscellaneous	14990	ιερευς 	1
105504	ἱερεύς 	ιερευς 	Priest, sacrificer	Miscellaneous	14990	ιερευς 	1
105512	ἱερεύς 	ιερευς 	Priest, sacrificer	Miscellaneous	14990	ιερευς 	1
105528	ἱερεύς 	ιερευς 	Priest, sacrificer	Miscellaneous	14990	ιερευς 	1
105530	ἱερεύς 	ιερευς 	Priest, sacrificer	Miscellaneous	14990	ιερευς 	1
105532	ἱερεύς 	ιερευς 	Priest, sacrificer	Miscellaneous	14990	ιερευς 	1
105533	ἱερεύς 	ιερευς 	Priest, sacrificer	Miscellaneous	14990	ιερευς 	1
105534	ἱερεύς 	ιερευς 	Priest, sacrificer	Miscellaneous	14990	ιερευς 	1
105536	ἱερεύς 	ιερευς 	Priest, sacrificer	Miscellaneous	14990	ιερευς 	1
105538	ἱερεύς 	ιερευς 	Priest, sacrificer	Miscellaneous	14990	ιερευς 	1
105539	ἱερεύς 	ιερευς 	Priest, sacrificer	Miscellaneous	14990	ιερευς 	1
105540	ἱερεύς 	ιερευς 	Priest, sacrificer	Miscellaneous	14990	ιερευς 	1
105564	ἱερεύς 	ιερευς 	Priest, sacrificer	Miscellaneous	14990	ιερευς 	1
105567	χαλκεύς	χαλκευς	Smith	Metalwork	72110	χαλκεων	1
105583	κιθαριστής	κιθαριστης	Kithara teacher/player	Education and Training	13920	κιθαριστην	1
105583	σιτοπώλης	σιτοπωλης	Grain Dealer	Food Preparation and Retail	41110	σιτοπωλων	1
105583	γραμματεύς	γραμματευς	Scribe	Writing and the Book Trade	30120	γραμματεως	1
105584	γραμματεύς	γραμματευς	Scribe	Writing and the Book Trade	30120	γραμματεως	1
105585	ἀρχιτέκτων	αρχιτεκτων	Architect	Construction	2120	αρχιτεκτονος	1
105585	γραμματεύς	γραμματευς	Scribe	Writing and the Book Trade	30120	γραμματεα	1
105589	ἱππικός	ιππικος	Riding trainer	Education and Training	18190	ιππικον	1
105589	μουσικός	μουσικος	Musician	Drama and Entertainment	17320	μουσικον	1
105589	γραμματεύς	γραμματευς	Scribe	Writing and the Book Trade	30120	γραμματεις	1
105591	ἱππικός	ιππικος	Riding trainer	Education and Training	18190	ιππικον	1
105591	μουσικός	μουσικος	Musician	Drama and Entertainment	17320	μουσικον	1
105594	ἱππικός	ιππικος	Riding trainer	Education and Training	18190	ιππικον	1
105594	μουσικός	μουσικος	Musician	Drama and Entertainment	17320	μουσικον	1
105594	γραμματεύς	γραμματευς	Scribe	Writing and the Book Trade	30120	γραμματεως	1
105595	ἱππικός	ιππικος	Riding trainer	Education and Training	18190	ιππικον	1
105595	μουσικός	μουσικος	Musician	Drama and Entertainment	17320	μουσικον	1
105595	γραμματεύς	γραμματευς	Scribe	Writing and the Book Trade	30120	γραμματεων	1
105597	ἱππικός	ιππικος	Riding trainer	Education and Training	18190	ιππικον	1
105597	μουσικός	μουσικος	Musician	Drama and Entertainment	17320	μουσικον	1
105599	ἱππικός	ιππικος	Riding trainer	Education and Training	18190	ιππικον	1
105599	μουσικός	μουσικος	Musician	Drama and Entertainment	17320	μουσικον	1
105599	γραμματεύς	γραμματευς	Scribe	Writing and the Book Trade	30120	γραμματεα	1
105603	γραμματεύς	γραμματευς	Scribe	Writing and the Book Trade	30120	γραμματεα	1
105604	ἱππικός	ιππικος	Riding trainer	Education and Training	18190	ιππικον	1
105604	μουσικός	μουσικος	Musician	Drama and Entertainment	17320	μουσικον	1
105605	μουσικός	μουσικος	Musician	Drama and Entertainment	17320	μουσικοις	1
105605	ποιητής	ποιητης	Maker, poet	Literature and Scholarship	17150	ποιητης	1
105606	ἱππικός	ιππικος	Riding trainer	Education and Training	18190	ιππικον	1
105606	μουσικός	μουσικος	Musician	Drama and Entertainment	17320	μουσικον	1
105607	ἱππικός	ιππικος	Riding trainer	Education and Training	18190	ιππικον	1
105607	μουσικός	μουσικος	Musician	Drama and Entertainment	17320	μουσικον	1
105608	μουσικός	μουσικος	Musician	Drama and Entertainment	17320	μουσικον	1
105610	ἱππικός	ιππικος	Riding trainer	Education and Training	18190	ιππικον	1
105610	μουσικός	μουσικος	Musician	Drama and Entertainment	17320	μουσικον	1
105614	ἱππικός	ιππικος	Riding trainer	Education and Training	18190	ιππικον	1
105614	μουσικός	μουσικος	Musician	Drama and Entertainment	17320	μουσικον	1
105615	γραμματεύς	γραμματευς	Scribe	Writing and the Book Trade	30120	γραμματει|γραμματευς|γραμματεως	3
105616	ἱππικός	ιππικος	Riding trainer	Education and Training	18190	ιππικον	1
105616	μουσικός	μουσικος	Musician	Drama and Entertainment	17320	μουσικον	1
105619	ἱππικός	ιππικος	Riding trainer	Education and Training	18190	ιππικον	1
105619	μουσικός	μουσικος	Musician	Drama and Entertainment	17320	μουσικον	1
105620	ἱππικός	ιππικος	Riding trainer	Education and Training	18190	ιππικον	1
105620	μουσικός	μουσικος	Musician	Drama and Entertainment	17320	μουσικον	1
105621	ἱππικός	ιππικος	Riding trainer	Education and Training	18190	ιππικον	1
105621	μουσικός	μουσικος	Musician	Drama and Entertainment	17320	μουσικον	1
105625	γραμματεύς	γραμματευς	Scribe	Writing and the Book Trade	30120	γραμματεα|γραμματει|γραμματευς|γραμματεως	4
105626	ἱππικός	ιππικος	Riding trainer	Education and Training	18190	ιππικον	1
105626	μουσικός	μουσικος	Musician	Drama and Entertainment	17320	μουσικον	1
105627	ἱππικός	ιππικος	Riding trainer	Education and Training	18190	ιππικον	1
105627	μουσικός	μουσικος	Musician	Drama and Entertainment	17320	μουσικον	1
105629	ἱππικός	ιππικος	Riding trainer	Education and Training	18190	ιππικον	1
105629	μουσικός	μουσικος	Musician	Drama and Entertainment	17320	μουσικον	1
105631	ἱππικός	ιππικος	Riding trainer	Education and Training	18190	ιππικον	1
105631	μουσικός	μουσικος	Musician	Drama and Entertainment	17320	μουσικον	1
105631	γραμματεύς	γραμματευς	Scribe	Writing and the Book Trade	30120	γραμματεως	1
105634	ἱεροποιός	ιεροποιος	Sacrificer	Miscellaneous	14990	ιεροποιου	1
105636	γραμματεύς	γραμματευς	Scribe	Writing and the Book Trade	30120	γραμματεα	1
105637	ἱππικός	ιππικος	Riding trainer	Education and Training	18190	ιππικον	1
105637	μουσικός	μουσικος	Musician	Drama and Entertainment	17320	μουσικον	1
105641	ἱππικός	ιππικος	Riding trainer	Education and Training	18190	ιππικον	1
105641	μουσικός	μουσικος	Musician	Drama and Entertainment	17320	μουσικον	1
105641	γραμματεύς	γραμματευς	Scribe	Writing and the Book Trade	30120	γραμματεως	1
105648	ἱππικός	ιππικος	Riding trainer	Education and Training	18190	ιππικον	1
105648	μουσικός	μουσικος	Musician	Drama and Entertainment	17320	μουσικον	1
105649	ἱππικός	ιππικος	Riding trainer	Education and Training	18190	ιππικον	1
105649	μουσικός	μουσικος	Musician	Drama and Entertainment	17320	μουσικον	1
105650	ἱππικός	ιππικος	Riding trainer	Education and Training	18190	ιππικον	1
105650	μουσικός	μουσικος	Musician	Drama and Entertainment	17320	μουσικον	1
105655	ἱππικός	ιππικος	Riding trainer	Education and Training	18190	ιππικον	1
105655	μουσικός	μουσικος	Musician	Drama and Entertainment	17320	μουσικον	1
105658	ἱππικός	ιππικος	Riding trainer	Education and Training	18190	ιππικον	1
105658	μουσικός	μουσικος	Musician	Drama and Entertainment	17320	μουσικον	1
105659	ἱππικός	ιππικος	Riding trainer	Education and Training	18190	ιππικον	1
105659	μουσικός	μουσικος	Musician	Drama and Entertainment	17320	μουσικον	1
105659	γραμματεύς	γραμματευς	Scribe	Writing and the Book Trade	30120	γραμματεως	1
105669	μουσικός	μουσικος	Musician	Drama and Entertainment	17320	μουσικου	1
105670	γραμματεύς	γραμματευς	Scribe	Writing and the Book Trade	30120	γραμματεως	1
105679	μουσικός	μουσικος	Musician	Drama and Entertainment	17320	μουσικου	1
105681	γραμματεύς	γραμματευς	Scribe	Writing and the Book Trade	30120	γραμματευς	1
105682	μουσικός	μουσικος	Musician	Drama and Entertainment	17320	μουσικου	1
105685	ἀρχιτέκτων	αρχιτεκτων	Architect	Construction	2120	αρχιτεκτονος|αρχιτεκτων	2
105687	γραμματεύς	γραμματευς	Scribe	Writing and the Book Trade	30120	γραμματει	1
105689	γραμματεύς	γραμματευς	Scribe	Writing and the Book Trade	30120	γραμματεα|γραμματεως	2
105694	ἱππικός	ιππικος	Riding trainer	Education and Training	18190	ιππικον	1
105694	μουσικός	μουσικος	Musician	Drama and Entertainment	17320	μουσικον	1
105705	γραμματεύς	γραμματευς	Scribe	Writing and the Book Trade	30120	γραμματευς|γραμματεων	2
105721	ποιητής	ποιητης	Maker, poet	Literature and Scholarship	17150	ποιηται	1
105726	ποιητής	ποιητης	Maker, poet	Literature and Scholarship	17150	ποιηται	1
105726	ὑποκριτής	υποκριτης	Actor	Drama and Entertainment	17120	υποκριτης	1
105727	ποιητής	ποιητης	Maker, poet	Literature and Scholarship	17150	ποιηται	1
105727	ὑποκριτής	υποκριτης	Actor	Drama and Entertainment	17120	υποκριτης	1
105728	ὑποκριτής	υποκριτης	Actor	Drama and Entertainment	17120	υποκριτης	1
105729	ποιητής	ποιητης	Maker, poet	Literature and Scholarship	17150	ποιηται	1
105729	ὑποκριτής	υποκριτης	Actor	Drama and Entertainment	17120	υποκριτης	1
105730	ποιητής	ποιητης	Maker, poet	Literature and Scholarship	17150	ποιητης	1
105741	ποιητής	ποιητης	Maker, poet	Literature and Scholarship	17150	ποιητων	1
105742	γναφεύς	γναφευς	Fuller	Textiles	75140	γναφευς	1
105745	γραμματεύς	γραμματευς	Scribe	Writing and the Book Trade	30120	γραμματευς	1
105752	ἱερεύς 	ιερευς 	Priest, sacrificer	Miscellaneous	14990	ιερευς 	1
105754	ἱερεύς 	ιερευς 	Priest, sacrificer	Miscellaneous	14990	ιερευς 	1
105762	ἱερεύς 	ιερευς 	Priest, sacrificer	Miscellaneous	14990	ιερευς 	1
105763	ἱερεύς 	ιερευς 	Priest, sacrificer	Miscellaneous	14990	ιερευς 	1
105764	ἱερεύς 	ιερευς 	Priest, sacrificer	Miscellaneous	14990	ιερευς 	1
105773	ἰατρός	ιατρος	Doctor	Miscellaneous	6110	ιατρος	1
105779	ἱερεύς 	ιερευς 	Priest, sacrificer	Miscellaneous	14990	ιερευς 	1
105784	γραμματεύς	γραμματευς	Scribe	Writing and the Book Trade	30120	γραμματεως	1
105787	γραμματεύς	γραμματευς	Scribe	Writing and the Book Trade	30120	γραμματεως	1
105789	γραμματεύς	γραμματευς	Scribe	Writing and the Book Trade	30120	γραμματεως	1
105791	γραμματεύς	γραμματευς	Scribe	Writing and the Book Trade	30120	γραμματεως	1
105796	γραμματεύς	γραμματευς	Scribe	Writing and the Book Trade	30120	γραμματεως	1
105797	γραμματεύς	γραμματευς	Scribe	Writing and the Book Trade	30120	γραμματεις	1
105798	γραμματεύς	γραμματευς	Scribe	Writing and the Book Trade	30120	γραμματευς	1
105811	γραμματεύς	γραμματευς	Scribe	Writing and the Book Trade	30120	γραμματεων|γραμματεως	2
105824	ὑποκριτής	υποκριτης	Actor	Drama and Entertainment	17120	υποκριτην	1
105844	γραμματεύς	γραμματευς	Scribe	Writing and the Book Trade	30120	γραμματεα	1
105849	γραμματεύς	γραμματευς	Scribe	Writing and the Book Trade	30120	γραμματεων	1
105853	γραφεύς	γραφευς	Scrivener/copyist	Writing and the Book Trade	30120	γραφεως	1
105876	γραμματεύς	γραμματευς	Scribe	Writing and the Book Trade	30120	γραμματεως	1
105888	οἰκοδομος	οικοδομος	Builder	Construction	95110	οικοδομων	1
105888	ὑπηρετής	υπηρετης	Architect’s assistant	Construction	95990	υπηρετων	1
106018	ἀρχιτέκτων	αρχιτεκτων	Architect	Construction	2120	αρχιτεκτονος	1
106061	ἱερεύς 	ιερευς 	Priest, sacrificer	Miscellaneous	14990	ιερευς 	1
106066	ἱερεύς 	ιερευς 	Priest, sacrificer	Miscellaneous	14990	ιερευς 	1
106071	ἱερεύς 	ιερευς 	Priest, sacrificer	Miscellaneous	14990	ιερευς 	1
106074	γραμματεύς	γραμματευς	Scribe	Writing and the Book Trade	30120	γραμματευς	1
106079	γραμματεύς	γραμματευς	Scribe	Writing and the Book Trade	30120	γραμματεα	1
106082	ἱερεύς 	ιερευς 	Priest, sacrificer	Miscellaneous	14990	ιερευς 	1
106083	γραμματεύς	γραμματευς	Scribe	Writing and the Book Trade	30120	γραμματευς	1
106087	ἱερεύς 	ιερευς 	Priest, sacrificer	Miscellaneous	14990	ιερευς 	1
106088	γραμματεύς	γραμματευς	Scribe	Writing and the Book Trade	30120	γραμματευς|γραμματεως	2
106090	γραμματεύς	γραμματευς	Scribe	Writing and the Book Trade	30120	γραμματεα|γραμματευς	2
106091	γραμματεύς	γραμματευς	Scribe	Writing and the Book Trade	30120	γραμματεα	1
106092	γραμματεύς	γραμματευς	Scribe	Writing and the Book Trade	30120	γραμματεα	1
106093	ἱερεύς 	ιερευς 	Priest, sacrificer	Miscellaneous	14990	ιερευς 	1
106109	γραμματεύς	γραμματευς	Scribe	Writing and the Book Trade	30120	γραμματεα	1
106147	ἱερεύς 	ιερευς 	Priest, sacrificer	Miscellaneous	14990	ιερευς 	1
106150	ἱερεύς 	ιερευς 	Priest, sacrificer	Miscellaneous	14990	ιερευς 	1
106157	ἱερεύς 	ιερευς 	Priest, sacrificer	Miscellaneous	14990	ιερευς 	1
106186	γραμματεύς	γραμματευς	Scribe	Writing and the Book Trade	30120	γραμματεα|γραμματευς	2
106209	ἱερεύς 	ιερευς 	Priest, sacrificer	Miscellaneous	14990	ιερευς 	1
106214	ἱερεύς 	ιερευς 	Priest, sacrificer	Miscellaneous	14990	ιερευς 	1
106221	ἱερεύς 	ιερευς 	Priest, sacrificer	Miscellaneous	14990	ιερευς 	1
106222	ἱερεύς 	ιερευς 	Priest, sacrificer	Miscellaneous	14990	ιερευς 	1
106224	ἱερεύς 	ιερευς 	Priest, sacrificer	Miscellaneous	14990	ιερευς 	1
106236	ἱερεύς 	ιερευς 	Priest, sacrificer	Miscellaneous	14990	ιερευς 	1
106237	ἱερεύς 	ιερευς 	Priest, sacrificer	Miscellaneous	14990	ιερευς 	1
106276	ἱερεύς 	ιερευς 	Priest, sacrificer	Miscellaneous	14990	ιερευς 	1
106278	ἱερεύς 	ιερευς 	Priest, sacrificer	Miscellaneous	14990	ιερευς 	1
106282	ἱερεύς 	ιερευς 	Priest, sacrificer	Miscellaneous	14990	ιερευς 	1
106283	ἱερεύς 	ιερευς 	Priest, sacrificer	Miscellaneous	14990	ιερευς 	1
106295	χρησμολόγος	χρησμολογος	oracle interpreter	Education and Training	14990	χρησμολογος	1
106300	γραμματεύς	γραμματευς	Scribe	Writing and the Book Trade	30120	γραμματευς	1
106301	γραμματεύς	γραμματευς	Scribe	Writing and the Book Trade	30120	γραμματευς	1
106302	γραμματεύς	γραμματευς	Scribe	Writing and the Book Trade	30120	γραμματευς	1
106303	γραμματεύς	γραμματευς	Scribe	Writing and the Book Trade	30120	γραμματευς	1
106304	γραμματεύς	γραμματευς	Scribe	Writing and the Book Trade	30120	γραμματευς	1
106305	γραμματεύς	γραμματευς	Scribe	Writing and the Book Trade	30120	γραμματευς	1
106306	γραμματεύς	γραμματευς	Scribe	Writing and the Book Trade	30120	γραμματευς	1
106308	γραμματεύς	γραμματευς	Scribe	Writing and the Book Trade	30120	γραμματευς	1
106310	γραμματεύς	γραμματευς	Scribe	Writing and the Book Trade	30120	γραμματευς	1
106311	γραμματεύς	γραμματευς	Scribe	Writing and the Book Trade	30120	γραμματευς	1
106326	ἱερεύς 	ιερευς 	Priest, sacrificer	Miscellaneous	14990	ιερευς 	1
106327	ἱερεύς 	ιερευς 	Priest, sacrificer	Miscellaneous	14990	ιερευς 	1
106339	ἱερεύς 	ιερευς 	Priest, sacrificer	Miscellaneous	14990	ιερευς 	1
106341	ἱερεύς 	ιερευς 	Priest, sacrificer	Miscellaneous	14990	ιερευς 	1
106353	ἱερεύς 	ιερευς 	Priest, sacrificer	Miscellaneous	14990	ιερευς 	1
106354	ἱερεύς 	ιερευς 	Priest, sacrificer	Miscellaneous	14990	ιερευς 	1
106355	ἱερεύς 	ιερευς 	Priest, sacrificer	Miscellaneous	14990	ιερευς 	1
106356	ἱερεύς 	ιερευς 	Priest, sacrificer	Miscellaneous	14990	ιερευς 	1
106357	ἱερεύς 	ιερευς 	Priest, sacrificer	Miscellaneous	14990	ιερευς 	1
106358	ἱερεύς 	ιερευς 	Priest, sacrificer	Miscellaneous	14990	ιερευς 	1
106359	ἱερεύς 	ιερευς 	Priest, sacrificer	Miscellaneous	14990	ιερευς 	1
106360	ἱερεύς 	ιερευς 	Priest, sacrificer	Miscellaneous	14990	ιερευς 	1
106361	ἱερεύς 	ιερευς 	Priest, sacrificer	Miscellaneous	14990	ιερευς 	1
106484	κάπηλος	καπηλος	Retailer	Miscellaneous Retail	49190	καπηλος	1
106525	ἱερεύς 	ιερευς 	Priest, sacrificer	Miscellaneous	14990	ιερευς 	1
106581	ἰατρός	ιατρος	Doctor	Miscellaneous	6110	ιατρος	1
106629	μουσικός	μουσικος	Musician	Drama and Entertainment	17320	μουσικους	1
106630	γραμματεύς	γραμματευς	Scribe	Writing and the Book Trade	30120	γραμματεως	1
106638	γραμματεύς	γραμματευς	Scribe	Writing and the Book Trade	30120	γραμματεως	1
106640	ἰατρός	ιατρος	Doctor	Miscellaneous	6110	ιατρος	1
106664	γραμματεύς	γραμματευς	Scribe	Writing and the Book Trade	30120	γραμματεως	1
106665	γραμματεύς	γραμματευς	Scribe	Writing and the Book Trade	30120	γραμματεως	1
106667	γραμματεύς	γραμματευς	Scribe	Writing and the Book Trade	30120	γραμματεως	1
106670	γραμματεύς	γραμματευς	Scribe	Writing and the Book Trade	30120	γραμματεα	1
106672	ἀρχιτέκτων	αρχιτεκτων	Architect	Construction	2120	αρχιτεκτονα	1
106707	ἱερεύς 	ιερευς 	Priest, sacrificer	Miscellaneous	14990	ιερευς 	1
106721	ἱερεύς 	ιερευς 	Priest, sacrificer	Miscellaneous	14990	ιερευς 	1
106723	ἱερεύς 	ιερευς 	Priest, sacrificer	Miscellaneous	14990	ιερευς 	1
106737	ἱερεύς 	ιερευς 	Priest, sacrificer	Miscellaneous	14990	ιερευς 	1
106743	ἱερεύς 	ιερευς 	Priest, sacrificer	Miscellaneous	14990	ιερευς 	1
106744	ἱερεύς 	ιερευς 	Priest, sacrificer	Miscellaneous	14990	ιερευς 	1
106746	ἱερεύς 	ιερευς 	Priest, sacrificer	Miscellaneous	14990	ιερευς 	1
106748	ἱερεύς 	ιερευς 	Priest, sacrificer	Miscellaneous	14990	ιερευς 	1
106750	ἱερεύς 	ιερευς 	Priest, sacrificer	Miscellaneous	14990	ιερευς 	1
106753	ἱερεύς 	ιερευς 	Priest, sacrificer	Miscellaneous	14990	ιερευς 	1
106756	ἱερεύς 	ιερευς 	Priest, sacrificer	Miscellaneous	14990	ιερευς 	1
106757	ἱερεύς 	ιερευς 	Priest, sacrificer	Miscellaneous	14990	ιερευς 	1
106758	ἱερεύς 	ιερευς 	Priest, sacrificer	Miscellaneous	14990	ιερευς 	1
106768	ἱερεύς 	ιερευς 	Priest, sacrificer	Miscellaneous	14990	ιερευς 	1
106805	ἱερεύς 	ιερευς 	Priest, sacrificer	Miscellaneous	14990	ιερευς 	1
106817	ἱερεύς 	ιερευς 	Priest, sacrificer	Miscellaneous	14990	ιερευς 	1
106843	ἱερεύς 	ιερευς 	Priest, sacrificer	Miscellaneous	14990	ιερευς 	1
106855	ἱερεύς 	ιερευς 	Priest, sacrificer	Miscellaneous	14990	ιερευς 	1
106856	ἱερεύς 	ιερευς 	Priest, sacrificer	Miscellaneous	14990	ιερευς 	1
106857	ἱερεύς 	ιερευς 	Priest, sacrificer	Miscellaneous	14990	ιερευς 	1
106858	ἱερεύς 	ιερευς 	Priest, sacrificer	Miscellaneous	14990	ιερευς 	1
106859	ἱερεύς 	ιερευς 	Priest, sacrificer	Miscellaneous	14990	ιερευς 	1
106860	ἱερεύς 	ιερευς 	Priest, sacrificer	Miscellaneous	14990	ιερευς 	1
106861	ἱερεύς 	ιερευς 	Priest, sacrificer	Miscellaneous	14990	ιερευς 	1
106862	ἱερεύς 	ιερευς 	Priest, sacrificer	Miscellaneous	14990	ιερευς 	1
106863	ἱερεύς 	ιερευς 	Priest, sacrificer	Miscellaneous	14990	ιερευς 	1
106864	ἱερεύς 	ιερευς 	Priest, sacrificer	Miscellaneous	14990	ιερευς 	1
106865	ἱερεύς 	ιερευς 	Priest, sacrificer	Miscellaneous	14990	ιερευς 	1
106866	ἱερεύς 	ιερευς 	Priest, sacrificer	Miscellaneous	14990	ιερευς 	1
106868	ἱερεύς 	ιερευς 	Priest, sacrificer	Miscellaneous	14990	ιερευς 	1
106872	ἱερεύς 	ιερευς 	Priest, sacrificer	Miscellaneous	14990	ιερευς 	1
106873	ἱερεύς 	ιερευς 	Priest, sacrificer	Miscellaneous	14990	ιερευς 	1
106874	ἱερεύς 	ιερευς 	Priest, sacrificer	Miscellaneous	14990	ιερευς 	1
106875	ἱερεύς 	ιερευς 	Priest, sacrificer	Miscellaneous	14990	ιερευς 	1
106876	ἱερεύς 	ιερευς 	Priest, sacrificer	Miscellaneous	14990	ιερευς 	1
106877	ἱερεύς 	ιερευς 	Priest, sacrificer	Miscellaneous	14990	ιερευς 	1
106878	ἱερεύς 	ιερευς 	Priest, sacrificer	Miscellaneous	14990	ιερευς 	1
106879	ἱερεύς 	ιερευς 	Priest, sacrificer	Miscellaneous	14990	ιερευς 	1
106880	ἱερεύς 	ιερευς 	Priest, sacrificer	Miscellaneous	14990	ιερευς 	1
106882	ἱερεύς 	ιερευς 	Priest, sacrificer	Miscellaneous	14990	ιερευς 	1
106883	ἱερεύς 	ιερευς 	Priest, sacrificer	Miscellaneous	14990	ιερευς 	1
106884	ἱερεύς 	ιερευς 	Priest, sacrificer	Miscellaneous	14990	ιερευς 	1
106887	ἱερεύς 	ιερευς 	Priest, sacrificer	Miscellaneous	14990	ιερευς 	1
106888	ἱερεύς 	ιερευς 	Priest, sacrificer	Miscellaneous	14990	ιερευς 	1
106889	ἱερεύς 	ιερευς 	Priest, sacrificer	Miscellaneous	14990	ιερευς 	1
106894	ἱερεύς 	ιερευς 	Priest, sacrificer	Miscellaneous	14990	ιερευς 	1
106895	ἱερεύς 	ιερευς 	Priest, sacrificer	Miscellaneous	14990	ιερευς 	1
106896	ἱερεύς 	ιερευς 	Priest, sacrificer	Miscellaneous	14990	ιερευς 	1
106898	ἱερεύς 	ιερευς 	Priest, sacrificer	Miscellaneous	14990	ιερευς 	1
106899	ἱερεύς 	ιερευς 	Priest, sacrificer	Miscellaneous	14990	ιερευς 	1
106900	ἱερεύς 	ιερευς 	Priest, sacrificer	Miscellaneous	14990	ιερευς 	1
106904	ἱερεύς 	ιερευς 	Priest, sacrificer	Miscellaneous	14990	ιερευς 	1
106905	ἱερεύς 	ιερευς 	Priest, sacrificer	Miscellaneous	14990	ιερευς 	1
106909	ἱερεύς 	ιερευς 	Priest, sacrificer	Miscellaneous	14990	ιερευς 	1
106910	ἱερεύς 	ιερευς 	Priest, sacrificer	Miscellaneous	14990	ιερευς 	1
106911	ἱερεύς 	ιερευς 	Priest, sacrificer	Miscellaneous	14990	ιερευς 	1
106912	ἱερεύς 	ιερευς 	Priest, sacrificer	Miscellaneous	14990	ιερευς 	1
106915	ἱερεύς 	ιερευς 	Priest, sacrificer	Miscellaneous	14990	ιερευς 	1
106917	ἱερεύς 	ιερευς 	Priest, sacrificer	Miscellaneous	14990	ιερευς 	1
106918	ἱερεύς 	ιερευς 	Priest, sacrificer	Miscellaneous	14990	ιερευς 	1
106919	ἱερεύς 	ιερευς 	Priest, sacrificer	Miscellaneous	14990	ιερευς 	1
106920	ἱερεύς 	ιερευς 	Priest, sacrificer	Miscellaneous	14990	ιερευς 	1
106921	ἱερεύς 	ιερευς 	Priest, sacrificer	Miscellaneous	14990	ιερευς 	1
106927	ἱερεύς 	ιερευς 	Priest, sacrificer	Miscellaneous	14990	ιερευς 	1
106928	ἱερεύς 	ιερευς 	Priest, sacrificer	Miscellaneous	14990	ιερευς 	1
106929	ἱερεύς 	ιερευς 	Priest, sacrificer	Miscellaneous	14990	ιερευς 	1
106930	ἱερεύς 	ιερευς 	Priest, sacrificer	Miscellaneous	14990	ιερευς 	1
106933	ἱερεύς 	ιερευς 	Priest, sacrificer	Miscellaneous	14990	ιερευς 	1
106934	ἱερεύς 	ιερευς 	Priest, sacrificer	Miscellaneous	14990	ιερευς 	1
106937	ἱερεύς 	ιερευς 	Priest, sacrificer	Miscellaneous	14990	ιερευς 	1
106938	ἱερεύς 	ιερευς 	Priest, sacrificer	Miscellaneous	14990	ιερευς 	1
106939	ἱερεύς 	ιερευς 	Priest, sacrificer	Miscellaneous	14990	ιερευς 	1
106940	ἱερεύς 	ιερευς 	Priest, sacrificer	Miscellaneous	14990	ιερευς 	1
106941	ἱερεύς 	ιερευς 	Priest, sacrificer	Miscellaneous	14990	ιερευς 	1
106942	ἱερεύς 	ιερευς 	Priest, sacrificer	Miscellaneous	14990	ιερευς 	1
106944	ἱερεύς 	ιερευς 	Priest, sacrificer	Miscellaneous	14990	ιερευς 	1
106945	ἱερεύς 	ιερευς 	Priest, sacrificer	Miscellaneous	14990	ιερευς 	1
106947	ἱερεύς 	ιερευς 	Priest, sacrificer	Miscellaneous	14990	ιερευς 	1
106949	ἱερεύς 	ιερευς 	Priest, sacrificer	Miscellaneous	14990	ιερευς 	1
106950	ἱερεύς 	ιερευς 	Priest, sacrificer	Miscellaneous	14990	ιερευς 	1
106951	ἱερεύς 	ιερευς 	Priest, sacrificer	Miscellaneous	14990	ιερευς 	1
106953	ἱερεύς 	ιερευς 	Priest, sacrificer	Miscellaneous	14990	ιερευς 	1
106954	ἱερεύς 	ιερευς 	Priest, sacrificer	Miscellaneous	14990	ιερευς 	1
106955	ἱερεύς 	ιερευς 	Priest, sacrificer	Miscellaneous	14990	ιερευς 	1
106958	ἱερεύς 	ιερευς 	Priest, sacrificer	Miscellaneous	14990	ιερευς 	1
106960	ἱερεύς 	ιερευς 	Priest, sacrificer	Miscellaneous	14990	ιερευς 	1
106962	ἱερεύς 	ιερευς 	Priest, sacrificer	Miscellaneous	14990	ιερευς 	1
106963	ἱερεύς 	ιερευς 	Priest, sacrificer	Miscellaneous	14990	ιερευς 	1
106964	ἱερεύς 	ιερευς 	Priest, sacrificer	Miscellaneous	14990	ιερευς 	1
106967	ἱερεύς 	ιερευς 	Priest, sacrificer	Miscellaneous	14990	ιερευς 	1
106968	ἱερεύς 	ιερευς 	Priest, sacrificer	Miscellaneous	14990	ιερευς 	1
106969	ἱερεύς 	ιερευς 	Priest, sacrificer	Miscellaneous	14990	ιερευς 	1
106971	ἱερεύς 	ιερευς 	Priest, sacrificer	Miscellaneous	14990	ιερευς 	1
106972	ἱερεύς 	ιερευς 	Priest, sacrificer	Miscellaneous	14990	ιερευς 	1
106975	ἱερεύς 	ιερευς 	Priest, sacrificer	Miscellaneous	14990	ιερευς 	1
106976	ἱερεύς 	ιερευς 	Priest, sacrificer	Miscellaneous	14990	ιερευς 	1
106977	ἱερεύς 	ιερευς 	Priest, sacrificer	Miscellaneous	14990	ιερευς 	1
106978	ἱερεύς 	ιερευς 	Priest, sacrificer	Miscellaneous	14990	ιερευς 	1
106979	ἱερεύς 	ιερευς 	Priest, sacrificer	Miscellaneous	14990	ιερευς 	1
106980	ἱερεύς 	ιερευς 	Priest, sacrificer	Miscellaneous	14990	ιερευς 	1
106981	ἱερεύς 	ιερευς 	Priest, sacrificer	Miscellaneous	14990	ιερευς 	1
106982	ἱερεύς 	ιερευς 	Priest, sacrificer	Miscellaneous	14990	ιερευς 	1
106983	ἱερεύς 	ιερευς 	Priest, sacrificer	Miscellaneous	14990	ιερευς 	1
106985	ἱερεύς 	ιερευς 	Priest, sacrificer	Miscellaneous	14990	ιερευς 	1
106987	ἱερεύς 	ιερευς 	Priest, sacrificer	Miscellaneous	14990	ιερευς 	1
106989	ἱερεύς 	ιερευς 	Priest, sacrificer	Miscellaneous	14990	ιερευς 	1
106990	ἱερεύς 	ιερευς 	Priest, sacrificer	Miscellaneous	14990	ιερευς 	1
106991	ἱερεύς 	ιερευς 	Priest, sacrificer	Miscellaneous	14990	ιερευς 	1
106992	ἱερεύς 	ιερευς 	Priest, sacrificer	Miscellaneous	14990	ιερευς 	1
106993	ἱερεύς 	ιερευς 	Priest, sacrificer	Miscellaneous	14990	ιερευς 	1
106994	ἱερεύς 	ιερευς 	Priest, sacrificer	Miscellaneous	14990	ιερευς 	1
106995	ἱερεύς 	ιερευς 	Priest, sacrificer	Miscellaneous	14990	ιερευς 	1
106997	ἱερεύς 	ιερευς 	Priest, sacrificer	Miscellaneous	14990	ιερευς 	1
106998	ἱερεύς 	ιερευς 	Priest, sacrificer	Miscellaneous	14990	ιερευς 	1
106999	ἱερεύς 	ιερευς 	Priest, sacrificer	Miscellaneous	14990	ιερευς 	1
107000	ἱερεύς 	ιερευς 	Priest, sacrificer	Miscellaneous	14990	ιερευς 	1
107001	ἱερεύς 	ιερευς 	Priest, sacrificer	Miscellaneous	14990	ιερευς 	1
107002	ἱερεύς 	ιερευς 	Priest, sacrificer	Miscellaneous	14990	ιερευς 	1
107003	ἱερεύς 	ιερευς 	Priest, sacrificer	Miscellaneous	14990	ιερευς 	1
107004	ἱερεύς 	ιερευς 	Priest, sacrificer	Miscellaneous	14990	ιερευς 	1
107005	ἱερεύς 	ιερευς 	Priest, sacrificer	Miscellaneous	14990	ιερευς 	1
107007	ἱερεύς 	ιερευς 	Priest, sacrificer	Miscellaneous	14990	ιερευς 	1
107012	ἱερεύς 	ιερευς 	Priest, sacrificer	Miscellaneous	14990	ιερευς 	1
107013	ἱερεύς 	ιερευς 	Priest, sacrificer	Miscellaneous	14990	ιερευς 	1
107022	ἱερεύς 	ιερευς 	Priest, sacrificer	Miscellaneous	14990	ιερευς 	1
107023	ἱερεύς 	ιερευς 	Priest, sacrificer	Miscellaneous	14990	ιερευς 	1
107024	ἱερεύς 	ιερευς 	Priest, sacrificer	Miscellaneous	14990	ιερευς 	1
107025	ἱερεύς 	ιερευς 	Priest, sacrificer	Miscellaneous	14990	ιερευς 	1
107026	ἱερεύς 	ιερευς 	Priest, sacrificer	Miscellaneous	14990	ιερευς 	1
107027	ἱερεύς 	ιερευς 	Priest, sacrificer	Miscellaneous	14990	ιερευς 	1
107029	ἱερεύς 	ιερευς 	Priest, sacrificer	Miscellaneous	14990	ιερευς 	1
107030	ἱερεύς 	ιερευς 	Priest, sacrificer	Miscellaneous	14990	ιερευς 	1
107032	ἱερεύς 	ιερευς 	Priest, sacrificer	Miscellaneous	14990	ιερευς 	1
107033	ἱερεύς 	ιερευς 	Priest, sacrificer	Miscellaneous	14990	ιερευς 	1
107039	ἱερεύς 	ιερευς 	Priest, sacrificer	Miscellaneous	14990	ιερευς 	1
107042	ἱερεύς 	ιερευς 	Priest, sacrificer	Miscellaneous	14990	ιερευς 	1
107046	ἱερεύς 	ιερευς 	Priest, sacrificer	Miscellaneous	14990	ιερευς 	1
107047	ἱερεύς 	ιερευς 	Priest, sacrificer	Miscellaneous	14990	ιερευς 	1
107049	φιλόσοφος	φιλοσοφος	Philosopher/sophist	Education and Training	19190	φιλοσοφου	1
107055	ἱερεύς 	ιερευς 	Priest, sacrificer	Miscellaneous	14990	ιερευς 	1
107059	ἱερεύς 	ιερευς 	Priest, sacrificer	Miscellaneous	14990	ιερευς 	1
107060	ἱερεύς 	ιερευς 	Priest, sacrificer	Miscellaneous	14990	ιερευς 	1
107065	ἱερεύς 	ιερευς 	Priest, sacrificer	Miscellaneous	14990	ιερευς 	1
107066	ἱερεύς 	ιερευς 	Priest, sacrificer	Miscellaneous	14990	ιερευς 	1
107069	ἱερεύς 	ιερευς 	Priest, sacrificer	Miscellaneous	14990	ιερευς 	1
107071	ἱερεύς 	ιερευς 	Priest, sacrificer	Miscellaneous	14990	ιερευς 	1
107082	ἱερεύς 	ιερευς 	Priest, sacrificer	Miscellaneous	14990	ιερευς 	1
107284	ἱεροποιός	ιεροποιος	Sacrificer	Miscellaneous	14990	ιεροποιοι	1
107320	γραμματεύς	γραμματευς	Scribe	Writing and the Book Trade	30120	γραμματευς	1
107326	ἱερεύς 	ιερευς 	Priest, sacrificer	Miscellaneous	14990	ιερευς 	1
107437	κυβερνήτης	κυβερνητης	Helmsman	Seafaring/Maritime	98110	κυβερνητης	1
107480	ἱππικός	ιππικος	Riding trainer	Education and Training	18190	ιππικων	1
107534	ἱερεύς 	ιερευς 	Priest, sacrificer	Miscellaneous	14990	ιερευς 	1
107551	ἱερεύς 	ιερευς 	Priest, sacrificer	Miscellaneous	14990	ιερευς 	1
107588	γραμματεύς	γραμματευς	Scribe	Writing and the Book Trade	30120	γραμματει	1
107589	γραμματεύς	γραμματευς	Scribe	Writing and the Book Trade	30120	γραμματεως	1
107589	ἱερεύς 	ιερευς 	Priest, sacrificer	Miscellaneous	14990	ιερευς 	1
107605	ἱερεύς 	ιερευς 	Priest, sacrificer	Miscellaneous	14990	ιερευς 	1
107606	ἱερεύς 	ιερευς 	Priest, sacrificer	Miscellaneous	14990	ιερευς 	1
107607	ἱερεύς 	ιερευς 	Priest, sacrificer	Miscellaneous	14990	ιερευς 	1
107608	ἱερεύς 	ιερευς 	Priest, sacrificer	Miscellaneous	14990	ιερευς 	1
107609	ἱερεύς 	ιερευς 	Priest, sacrificer	Miscellaneous	14990	ιερευς 	1
107611	ἱερεύς 	ιερευς 	Priest, sacrificer	Miscellaneous	14990	ιερευς 	1
107612	ἱερεύς 	ιερευς 	Priest, sacrificer	Miscellaneous	14990	ιερευς 	1
107613	ἱερεύς 	ιερευς 	Priest, sacrificer	Miscellaneous	14990	ιερευς 	1
107614	ἱερεύς 	ιερευς 	Priest, sacrificer	Miscellaneous	14990	ιερευς 	1
107619	ἱερεύς 	ιερευς 	Priest, sacrificer	Miscellaneous	14990	ιερευς 	1
107668	ἱερεύς 	ιερευς 	Priest, sacrificer	Miscellaneous	14990	ιερευς 	1
107673	φιλόσοφος	φιλοσοφος	Philosopher/sophist	Education and Training	19190	φιλοσοφους	1
107715	μουσικός	μουσικος	Musician	Drama and Entertainment	17320	μουσικω	1
107901	γραμματεύς	γραμματευς	Scribe	Writing and the Book Trade	30120	γραμματευς	1
107915	ἱππικός	ιππικος	Riding trainer	Education and Training	18190	ιππικον	1
107928	μουσικός	μουσικος	Musician	Drama and Entertainment	17320	μουσικον	1
107945	γραφεύς	γραφευς	Scrivener/copyist	Writing and the Book Trade	30120	γραφει	1
107948	μουσικός	μουσικος	Musician	Drama and Entertainment	17320	μουσικοις	1
107956	ὑπηρετής	υπηρετης	Architect’s assistant	Construction	95990	υπηρετη	1
107984	ἱερεύς 	ιερευς 	Priest, sacrificer	Miscellaneous	14990	ιερευς 	1
107985	ἱερεύς 	ιερευς 	Priest, sacrificer	Miscellaneous	14990	ιερευς 	1
107986	ἱερεύς 	ιερευς 	Priest, sacrificer	Miscellaneous	14990	ιερευς 	1
107993	ἱερεύς 	ιερευς 	Priest, sacrificer	Miscellaneous	14990	ιερευς 	1
107994	ἱερεύς 	ιερευς 	Priest, sacrificer	Miscellaneous	14990	ιερευς 	1
108000	γραμματεύς	γραμματευς	Scribe	Writing and the Book Trade	30120	γραμματεως	1
108008	γραμματεύς	γραμματευς	Scribe	Writing and the Book Trade	30120	γραμματεα	1
108009	γραμματεύς	γραμματευς	Scribe	Writing and the Book Trade	30120	γραμματεως	1
108011	γραμματεύς	γραμματευς	Scribe	Writing and the Book Trade	30120	γραμματεως	1
108016	γραμματεύς	γραμματευς	Scribe	Writing and the Book Trade	30120	γραμματεων	1
108026	γραμματεύς	γραμματευς	Scribe	Writing and the Book Trade	30120	γραμματεα	1
108036	γραμματεύς	γραμματευς	Scribe	Writing and the Book Trade	30120	γραμματεα	1
108043	γραμματεύς	γραμματευς	Scribe	Writing and the Book Trade	30120	γραμματεα|γραμματεως	2
108106	γραμματεύς	γραμματευς	Scribe	Writing and the Book Trade	30120	γραμματεως	1
108130	σιτοπώλης	σιτοπωλης	Grain Dealer	Food Preparation and Retail	41110	σιτοπωλων	1
108180	ἀρχιτέκτων	αρχιτεκτων	Architect	Construction	2120	αρχιτεκτονος	1
108185	ἱερεύς 	ιερευς 	Priest, sacrificer	Miscellaneous	14990	ιερευς 	1
108207	γραμματεύς	γραμματευς	Scribe	Writing and the Book Trade	30120	γραμματεως	1
108211	γραμματεύς	γραμματευς	Scribe	Writing and the Book Trade	30120	γραμματευς	1
108221	οἰκοδομος	οικοδομος	Builder	Construction	95110	οικοδομων	1
108249	γραμματεύς	γραμματευς	Scribe	Writing and the Book Trade	30120	γραμματεως	1
108251	γραμματεύς	γραμματευς	Scribe	Writing and the Book Trade	30120	γραμματεα	1
108282	ἱππικός	ιππικος	Riding trainer	Education and Training	18190	ιππικου	1
108283	ἱππικός	ιππικος	Riding trainer	Education and Training	18190	ιππικου	1
108351	ἰατρός	ιατρος	Doctor	Miscellaneous	6110	ιατρος	1
108377	βρακάριος	βρακαριος	Maker of trousers	Textiles	79120	βρακαριω	1
108545	ἱερεύς 	ιερευς 	Priest, sacrificer	Miscellaneous	14990	ιερευς 	1
108556	ἱερεύς 	ιερευς 	Priest, sacrificer	Miscellaneous	14990	ιερευς 	1
108604	ἱερεύς 	ιερευς 	Priest, sacrificer	Miscellaneous	14990	ιερευς 	1
108719	ἱερεύς 	ιερευς 	Priest, sacrificer	Miscellaneous	14990	ιερευς 	1
108826	ἱερεύς 	ιερευς 	Priest, sacrificer	Miscellaneous	14990	ιερευς 	1
108839	ἱερεύς 	ιερευς 	Priest, sacrificer	Miscellaneous	14990	ιερευς 	1
108917	οἰκοδομος	οικοδομος	Builder	Construction	95110	οικοδομου	1
108918	γραμματεύς	γραμματευς	Scribe	Writing and the Book Trade	30120	γραμματεως	1
108919	γραμματεύς	γραμματευς	Scribe	Writing and the Book Trade	30120	γραμματεως	1
108920	ἰατρός	ιατρος	Doctor	Miscellaneous	6110	ιατρου	1
109024	γεωργός	γεωργος	Farmer	Agriculture, Animal Husbandry	61110	γεωργους	1
109043	ἱερεύς 	ιερευς 	Priest, sacrificer	Miscellaneous	14990	ιερευς 	1
109059	ἱερεύς 	ιερευς 	Priest, sacrificer	Miscellaneous	14990	ιερευς 	1
109067	ἱερεύς 	ιερευς 	Priest, sacrificer	Miscellaneous	14990	ιερευς 	1
109068	κεραμεύς	κεραμευς	Potter	Ceramics	89120	κεραμεις	1
109069	ἱππικός	ιππικος	Riding trainer	Education and Training	18190	ιππικον	1
109084	ποιητής	ποιητης	Maker, poet	Literature and Scholarship	17150	ποιητην	1
109086	λινουργός	λινουργος	Linen worker	Textiles	75130	λινουργοι	1
109088	βαφεύς	βαφευς	Dyer	Textiles	75120	βαφεις	1
109089	χαλκεύς	χαλκευς	Smith	Metalwork	72110	χαλκεις	1
109092	γραμματεύς	γραμματευς	Scribe	Writing and the Book Trade	30120	γραμματεα	1
109093	γραμματεύς	γραμματευς	Scribe	Writing and the Book Trade	30120	γραμματεα	1
109096	βαφεύς	βαφευς	Dyer	Textiles	75120	βαφεις|βαφεων	2
109101	ἱππικός	ιππικος	Riding trainer	Education and Training	18190	ιππικον	1
109102	ἱππικός	ιππικος	Riding trainer	Education and Training	18190	ιππικου	1
109104	ἱππικός	ιππικος	Riding trainer	Education and Training	18190	ιππικου	1
109113	βαφεύς	βαφευς	Dyer	Textiles	75120	βαφεις	1
109114	ἀρτοκόπος	αρτοκοπος	Baker	Food Preparation and Retail	53120	αρτοκοποι	1
109116	γραμματεύς	γραμματευς	Scribe	Writing and the Book Trade	30120	γραμματεως	1
109120	βαφεύς	βαφευς	Dyer	Textiles	75120	βαφεις	1
109124	βαφεύς	βαφευς	Dyer	Textiles	75120	βαφεις	1
109128	ἱερεύς 	ιερευς 	Priest, sacrificer	Miscellaneous	14990	ιερευς 	1
109129	ἱππικός	ιππικος	Riding trainer	Education and Training	18190	ιππικος	1
109132	βαφεύς	βαφευς	Dyer	Textiles	75120	βαφεων	1
109141	σκυτότομος	σκυτοτομος	Leather worker/shoemaker	Leatherwork and Footwear	80110	σκυτοτομοι	1
109145	πένταθλος	πενταθλος	Pentathlete	Sports and Competition	18990	πενταθλον	1
109154	γραμματεύς	γραμματευς	Scribe	Writing and the Book Trade	30120	γραμματεως	1
109156	λανάριος	λαναριος	Wool worker	Textiles	76990	λαναριοι	1
109160	γραμματεύς	γραμματευς	Scribe	Writing and the Book Trade	30120	γραμματεως	1
109227	γραμματικός	γραμματικος	Grammarian	Literature and Scholarship	13920	γραμματικω	1
109260	κηπουρός	κηπουρος	Market Gardener	Agriculture, Animal Husbandry	62210	κηπουροις	1
109341	κεραμεύς	κεραμευς	Potter	Ceramics	89120	κεραμευς	1
109358	γραμματεύς	γραμματευς	Scribe	Writing and the Book Trade	30120	γραμματεα	1
109362	γραμματεύς	γραμματευς	Scribe	Writing and the Book Trade	30120	γραμματεα	1
109363	ἱεροποιός	ιεροποιος	Sacrificer	Miscellaneous	14990	ιεροποιοι|ιεροποιους	2
109364	ἱερεύς 	ιερευς 	Priest, sacrificer	Miscellaneous	14990	ιερευς 	1
109373	ἡνίοχος	ηνιοχος	charioteer	Transport	98510	ηνιοχον	1
109523	κηπουρός	κηπουρος	Market Gardener	Agriculture, Animal Husbandry	62210	κηπουρων	1
109650	μουσικός	μουσικος	Musician	Drama and Entertainment	17320	μουσικον	1
109652	ἀγαλματοποιός	αγαλματοποιος	Statue maker	Stonework	16120	αγαλματοποιοις	1
109652	ἱππικός	ιππικος	Riding trainer	Education and Training	18190	ιππικω	1
109652	μουσικός	μουσικος	Musician	Drama and Entertainment	17320	μουσικου	1
109652	παγκρατιαστής	παγκρατιαστης	Pancratiast	Sports and Competition	18990	παγκρατιαστη	1
109652	πένταθλος	πενταθλος	Pentathlete	Sports and Competition	18990	πενταθλω	1
109652	ποιητής	ποιητης	Maker, poet	Literature and Scholarship	17150	ποιητη	1
109652	γραμματεύς	γραμματευς	Scribe	Writing and the Book Trade	30120	γραμματει	1
109653	μουσικός	μουσικος	Musician	Drama and Entertainment	17320	μουσικου	1
109653	ποιητής	ποιητης	Maker, poet	Literature and Scholarship	17150	ποιητη	1
109654	σοφιστής	σοφιστης	Philosopher/sophist	Education and Training	19190	σοφιστην	1
109655	γραμματεύς	γραμματευς	Scribe	Writing and the Book Trade	30120	γραμματεως	1
109669	κιθαριστής	κιθαριστης	Kithara teacher/player	Education and Training	13920	κιθαριστην	1
109676	ἀγαλματοποιός	αγαλματοποιος	Statue maker	Stonework	16120	αγαλματοποιων	1
109685	σοφιστής	σοφιστης	Philosopher/sophist	Education and Training	19190	σοφιστην	1
109689	ποιητής	ποιητης	Maker, poet	Literature and Scholarship	17150	ποιητην|ποιητης	2
109702	ναύκληρος	ναυκληρος	Shipmaster	Seafaring/Maritime	98110	ναυκληροι|ναυκληρων	2
109709	φιλόσοφος	φιλοσοφος	Philosopher/sophist	Education and Training	19190	φιλοσοφου	1
109712	ἰατρός	ιατρος	Doctor	Miscellaneous	6110	ιατρος	1
109715	φιλόσοφος	φιλοσοφος	Philosopher/sophist	Education and Training	19190	φιλοσοφος	1
109840	παιδοτρίβης	παιδοτριβης	Physical trainer	Education and Training	18190	παιδοτριβην	1
109843	ἱερεύς 	ιερευς 	Priest, sacrificer	Miscellaneous	14990	ιερευς 	1
109851	ἀρχιτέκτων	αρχιτεκτων	Architect	Construction	2120	αρχιτεκτων	1
109976	ἱππικός	ιππικος	Riding trainer	Education and Training	18190	ιππικος	1
110011	γραμματεύς	γραμματευς	Scribe	Writing and the Book Trade	30120	γραμματεως	1
110091	χαλκεύς	χαλκευς	Smith	Metalwork	72110	χαλκεα	1
110121	κοπιάτης	κοπιατης	Grave-digger, sexton	Miscellaneous	54990	κοπιατης	1
110171	λιθουργός	λιθουργος	Stonemason	Stonework	82120	λιθουργος	1
110172	λιθουργός	λιθουργος	Stonemason	Stonework	82120	λιθουργος	1
110350	ἱερεύς 	ιερευς 	Priest, sacrificer	Miscellaneous	14990	ιερευς 	1
110389	τέκτων	τεκτων	Carpenter/joiner	Woodwork	95110	τεκτονος	1
110426	κεραμεύς	κεραμευς	Potter	Ceramics	89120	κεραμεως	1
110455	φιλόσοφος	φιλοσοφος	Philosopher/sophist	Education and Training	19190	φιλοσοφον	1
110456	φιλόσοφος	φιλοσοφος	Philosopher/sophist	Education and Training	19190	φιλοσοφον	1
110459	τέκτων	τεκτων	Carpenter/joiner	Woodwork	95110	τεκτονα	1
110482	χαλκεύς	χαλκευς	Smith	Metalwork	72110	χαλκεως	1
110499	ναύκληρος	ναυκληρος	Shipmaster	Seafaring/Maritime	98110	ναυκληρος	1
110501	κεραμεύς	κεραμευς	Potter	Ceramics	89120	κεραμεως	1
110646	γραμματεύς	γραμματευς	Scribe	Writing and the Book Trade	30120	γραμματεως	1
110666	ἱερεύς 	ιερευς 	Priest, sacrificer	Miscellaneous	14990	ιερευς 	1
110720	ἰατρός	ιατρος	Doctor	Miscellaneous	6110	ιατρος	1
110755	λιθουργός	λιθουργος	Stonemason	Stonework	82120	λιθουργος	1
110769	ἱερεύς 	ιερευς 	Priest, sacrificer	Miscellaneous	14990	ιερευς 	1
110796	ἱπποδρόμος	ιπποδρομος	Charioteer	Sports and Competition	18990	ιπποδρομος	1
110853	γραμματεύς	γραμματευς	Scribe	Writing and the Book Trade	30120	γραμματεως	1
110881	φιλόσοφος	φιλοσοφος	Philosopher/sophist	Education and Training	19190	φιλοσοφον	1
110921	ἱερεύς 	ιερευς 	Priest, sacrificer	Miscellaneous	14990	ιερευς 	1
111051	κοπιάτης	κοπιατης	Grave-digger, sexton	Miscellaneous	54990	κοπιατης	1
111104	ἀργυροκόπος	αργυροκοπος	Coin minter	Metalwork	72110	αργυροκοπος	1
111130	ἰατρός	ιατρος	Doctor	Miscellaneous	6110	ιατρος	1
111146	κηπουρός	κηπουρος	Market Gardener	Agriculture, Animal Husbandry	62210	κηπουρων	1
111258	ὑπηρετής	υπηρετης	Architect’s assistant	Construction	95990	υπηρετης	1
111331	ἱερεύς 	ιερευς 	Priest, sacrificer	Miscellaneous	14990	ιερευς 	1
111351	φιλόσοφος	φιλοσοφος	Philosopher/sophist	Education and Training	19190	φιλοσοφου	1
111355	λιθουργός	λιθουργος	Stonemason	Stonework	82120	λιθουργω	1
111424	φιλόσοφος	φιλοσοφος	Philosopher/sophist	Education and Training	19190	φιλοσοφον	1
111439	γεωργός	γεωργος	Farmer	Agriculture, Animal Husbandry	61110	γεωργος	1
111517	ἀρχιτέκτων	αρχιτεκτων	Architect	Construction	2120	αρχιτεκτονων	1
111517	γραμματεύς	γραμματευς	Scribe	Writing and the Book Trade	30120	γραμματει	1
111542	χαλκεύς	χαλκευς	Smith	Metalwork	72110	χαλκευς	1
111596	γραμματικός	γραμματικος	Grammarian	Literature and Scholarship	13920	γραμματικου	1
111965	γραμματεύς	γραμματευς	Scribe	Writing and the Book Trade	30120	γραμματευς	1
112082	γραμματεύς	γραμματευς	Scribe	Writing and the Book Trade	30120	γραμματεως	1
112118	ἱερεύς 	ιερευς 	Priest, sacrificer	Miscellaneous	14990	ιερευς 	1
112228	ἱερεύς 	ιερευς 	Priest, sacrificer	Miscellaneous	14990	ιερευς 	1
112296	ἰατρός	ιατρος	Doctor	Miscellaneous	6110	ιατρος	1
112332	ἱπποδρόμος	ιπποδρομος	Charioteer	Sports and Competition	18990	ιπποδρομω	1
112529	γραμματεύς	γραμματευς	Scribe	Writing and the Book Trade	30120	γραμματεα	1
112668	γραμματεύς	γραμματευς	Scribe	Writing and the Book Trade	30120	γραμματεως	1
112802	ῥάπτης	ραπτης	Clothes mender	Textiles	79120	ραπτης	1
113073	διδάσκαλος	διδασκαλος	Teacher	Education and Training	13130	διδασκαλοις	1
113073	γραμματεύς	γραμματευς	Scribe	Writing and the Book Trade	30120	γραμματεα	1
113079	ἱερεύς 	ιερευς 	Priest, sacrificer	Miscellaneous	14990	ιερευς 	1
113123	ἱερεύς 	ιερευς 	Priest, sacrificer	Miscellaneous	14990	ιερευς 	1
113134	τέκτων	τεκτων	Carpenter/joiner	Woodwork	95110	τεκτων	1
113144	ἱππικός	ιππικος	Riding trainer	Education and Training	18190	ιππικος	1
113170	ἀρχιτέκτων	αρχιτεκτων	Architect	Construction	2120	αρχιτεκτονος	1
113200	ἰατρός	ιατρος	Doctor	Miscellaneous	6110	ιατρος	1
113206	ἱερεύς 	ιερευς 	Priest, sacrificer	Miscellaneous	14990	ιερευς 	1
113211	ἰατρός	ιατρος	Doctor	Miscellaneous	6110	ιατρος	1
113238	ἱππικός	ιππικος	Riding trainer	Education and Training	18190	ιππικον	1
113254	γραμματεύς	γραμματευς	Scribe	Writing and the Book Trade	30120	γραμματεως	1
113276	ἀρχιτέκτων	αρχιτεκτων	Architect	Construction	2120	αρχιτεκτονος	1
113285	ἰατρός	ιατρος	Doctor	Miscellaneous	6110	ιατρος	1
113354	οἰκοδομος	οικοδομος	Builder	Construction	95110	οικοδομω	1
113426	ἱερεύς 	ιερευς 	Priest, sacrificer	Miscellaneous	14990	ιερευς 	1
113447	γεωργός	γεωργος	Farmer	Agriculture, Animal Husbandry	61110	γεωργος	1
113506	βαφεύς	βαφευς	Dyer	Textiles	75120	βαφεων	1
113532	κάπηλος	καπηλος	Retailer	Miscellaneous Retail	49190	καπηλου	1
113590	χαλκεύς	χαλκευς	Smith	Metalwork	72110	χαλκεων	1
113635	γραμματεύς	γραμματευς	Scribe	Writing and the Book Trade	30120	γραμματευσι	1
113650	βαφεύς	βαφευς	Dyer	Textiles	75120	βαφεων	1
113828	γραμματεύς	γραμματευς	Scribe	Writing and the Book Trade	30120	γραμματεα|γραμματει	2
113873	γναφεύς	γναφευς	Fuller	Textiles	75140	γναφεων	1
113881	ἀρχιτέκτων	αρχιτεκτων	Architect	Construction	2120	αρχιτεκτων	1
113930	ποιμήν	ποιμην	Shepherd	Agriculture, Animal Husbandry	61110	ποιμην	1
113976	ἱππικός	ιππικος	Riding trainer	Education and Training	18190	ιππικον	1
113987	φιλόσοφος	φιλοσοφος	Philosopher/sophist	Education and Training	19190	φιλοσοφος	1
113990	ἱππικός	ιππικος	Riding trainer	Education and Training	18190	ιππικων	1
114019	ἰατρός	ιατρος	Doctor	Miscellaneous	6110	ιατρος|ιατρω	2
114040	γραμματεύς	γραμματευς	Scribe	Writing and the Book Trade	30120	γραμματευς	1
114040	ἱερεύς 	ιερευς 	Priest, sacrificer	Miscellaneous	14990	ιερευς 	1
114041	ἱερεύς 	ιερευς 	Priest, sacrificer	Miscellaneous	14990	ιερευς 	1
114166	ἱερεύς 	ιερευς 	Priest, sacrificer	Miscellaneous	14990	ιερευς 	1
114194	γραμματεύς	γραμματευς	Scribe	Writing and the Book Trade	30120	γραμματεα	1
114206	ἱππικός	ιππικος	Riding trainer	Education and Training	18190	ιππικω	1
114223	γραμματεύς	γραμματευς	Scribe	Writing and the Book Trade	30120	γραμματεα	1
114234	γραμματεύς	γραμματευς	Scribe	Writing and the Book Trade	30120	γραμματεως	1
114274	ποιητής	ποιητης	Maker, poet	Literature and Scholarship	17150	ποιηται	1
114274	γραμματεύς	γραμματευς	Scribe	Writing and the Book Trade	30120	γραμματεα|γραμματεως	2
114276	γραμματεύς	γραμματευς	Scribe	Writing and the Book Trade	30120	γραμματεως	1
114278	γναφεύς	γναφευς	Fuller	Textiles	75140	γναφεων	1
114283	γναφεύς	γναφευς	Fuller	Textiles	75140	γναφεων	1
114487	λιθουργός	λιθουργος	Stonemason	Stonework	82120	λιθουργος	1
114673	βαφεύς	βαφευς	Dyer	Textiles	75120	βαφεων	1
114900	ἱερεύς 	ιερευς 	Priest, sacrificer	Miscellaneous	14990	ιερευς 	1
114901	ἱεροποιός	ιεροποιος	Sacrificer	Miscellaneous	14990	ιεροποιους	1
114901	ἱερεύς 	ιερευς 	Priest, sacrificer	Miscellaneous	14990	ιερευς 	1
114921	ἱερεύς 	ιερευς 	Priest, sacrificer	Miscellaneous	14990	ιερευς 	1
114963	ἱερεύς 	ιερευς 	Priest, sacrificer	Miscellaneous	14990	ιερευς 	1
115010	ἱερεύς 	ιερευς 	Priest, sacrificer	Miscellaneous	14990	ιερευς 	1
115037	μουσικός	μουσικος	Musician	Drama and Entertainment	17320	μουσικοις	1
115102	ἱερεύς 	ιερευς 	Priest, sacrificer	Miscellaneous	14990	ιερευς 	1
115172	ἱερεύς 	ιερευς 	Priest, sacrificer	Miscellaneous	14990	ιερευς 	1
115178	ἱερεύς 	ιερευς 	Priest, sacrificer	Miscellaneous	14990	ιερευς 	1
115302	ἱερεύς 	ιερευς 	Priest, sacrificer	Miscellaneous	14990	ιερευς 	1
115312	ἡνίοχος	ηνιοχος	charioteer	Transport	98510	ηνιοχον	1
115483	λιθουργός	λιθουργος	Stonemason	Stonework	82120	λιθουργος	1
115562	ἰατρός	ιατρος	Doctor	Miscellaneous	6110	ιατρου	1
115646	ἡνίοχος	ηνιοχος	charioteer	Transport	98510	ηνιοχον	1
115647	ἡνίοχος	ηνιοχος	charioteer	Transport	98510	ηνιοχον	1
115681	χαλκεύς	χαλκευς	Smith	Metalwork	72110	χαλκευς	1
115742	κοπιάτης	κοπιατης	Grave-digger, sexton	Miscellaneous	54990	κοπιατης	1
115821	σοφιστής	σοφιστης	Philosopher/sophist	Education and Training	19190	σοφιστης	1
115833	ἱερεύς 	ιερευς 	Priest, sacrificer	Miscellaneous	14990	ιερευς 	1
115856	ἱερεύς 	ιερευς 	Priest, sacrificer	Miscellaneous	14990	ιερευς 	1
115857	ἱερεύς 	ιερευς 	Priest, sacrificer	Miscellaneous	14990	ιερευς 	1
115875	ἱερεύς 	ιερευς 	Priest, sacrificer	Miscellaneous	14990	ιερευς 	1
115908	ἱερεύς 	ιερευς 	Priest, sacrificer	Miscellaneous	14990	ιερευς 	1
115909	ἱερεύς 	ιερευς 	Priest, sacrificer	Miscellaneous	14990	ιερευς 	1
116231	ἱερεύς 	ιερευς 	Priest, sacrificer	Miscellaneous	14990	ιερευς 	1
116233	ἱερεύς 	ιερευς 	Priest, sacrificer	Miscellaneous	14990	ιερευς 	1
116235	ἱερεύς 	ιερευς 	Priest, sacrificer	Miscellaneous	14990	ιερευς 	1
116236	ἱερεύς 	ιερευς 	Priest, sacrificer	Miscellaneous	14990	ιερευς 	1
116248	ἱερεύς 	ιερευς 	Priest, sacrificer	Miscellaneous	14990	ιερευς 	1
116287	ἱερεύς 	ιερευς 	Priest, sacrificer	Miscellaneous	14990	ιερευς 	1
116294	ἱερεύς 	ιερευς 	Priest, sacrificer	Miscellaneous	14990	ιερευς 	1
116296	ἱερεύς 	ιερευς 	Priest, sacrificer	Miscellaneous	14990	ιερευς 	1
116297	ἱερεύς 	ιερευς 	Priest, sacrificer	Miscellaneous	14990	ιερευς 	1
116345	ἰατρός	ιατρος	Doctor	Miscellaneous	6110	ιατρον|ιατρος	2
116386	ἱερεύς 	ιερευς 	Priest, sacrificer	Miscellaneous	14990	ιερευς 	1
116405	ἀργυροκόπος	αργυροκοπος	Coin minter	Metalwork	72110	αργυροκοπου	1
116668	σοφιστής	σοφιστης	Philosopher/sophist	Education and Training	19190	σοφιστης	1
116714	βαφεύς	βαφευς	Dyer	Textiles	75120	βαφευς	1
116716	γραμματεύς	γραμματευς	Scribe	Writing and the Book Trade	30120	γραμματεων	1
116756	ἐριοπώλης	εριοπωλης	Wool seller	Textiles	45190	εριοπωλαις	1
116768	ἰατρός	ιατρος	Doctor	Miscellaneous	6110	ιατρος	1
116819	λινουργός	λινουργος	Linen worker	Textiles	75130	λινουργων	1
116921	ῥήτωρ	ρητωρ	Orator	Literature and Scholarship	17150	ρητωρ	1
116989	γναφεύς	γναφευς	Fuller	Textiles	75140	γναφεων	1
117021	λινουργός	λινουργος	Linen worker	Textiles	75130	λινουργων	1
117050	σκυτότομος	σκυτοτομος	Leather worker/shoemaker	Leatherwork and Footwear	80110	σκυτοτομων	1
117067	λιθουργός	λιθουργος	Stonemason	Stonework	82120	λιθουργος	1
117139	ἱεροποιός	ιεροποιος	Sacrificer	Miscellaneous	14990	ιεροποιους	1
117149	ἱερεύς 	ιερευς 	Priest, sacrificer	Miscellaneous	14990	ιερευς 	1
117206	ναύκληρος	ναυκληρος	Shipmaster	Seafaring/Maritime	98110	ναυκληρος	1
117231	τέκτων	τεκτων	Carpenter/joiner	Woodwork	95110	τεκτονες	1
117280	χαλκεύς	χαλκευς	Smith	Metalwork	72110	χαλκεις	1
117331	ἰατρός	ιατρος	Doctor	Miscellaneous	6110	ιατρου	1
117453	ἀρτοπώλης	αρτοπωλης	Bread Seller	Food Preparation and Retail	51190	αρτοπωλης	1
117453	ἀρτόπωλις	αρτοπωλις	Bread Seller	Food Preparation and Retail	51190	αρτοπωλης	1
117454	κηπουρός	κηπουρος	Market Gardener	Agriculture, Animal Husbandry	62210	κηπουρος	1
117553	ῥήτωρ	ρητωρ	Orator	Literature and Scholarship	17150	ρητωρ	1
117553	σοφιστής	σοφιστης	Philosopher/sophist	Education and Training	19190	σοφιστης	1
117566	ἱερεύς 	ιερευς 	Priest, sacrificer	Miscellaneous	14990	ιερευς 	1
117579	γραμματεύς	γραμματευς	Scribe	Writing and the Book Trade	30120	γραμματευς	1
117593	φιλόσοφος	φιλοσοφος	Philosopher/sophist	Education and Training	19190	φιλοσοφον	1
117594	φιλόσοφος	φιλοσοφος	Philosopher/sophist	Education and Training	19190	φιλοσοφον|φιλοσοφος	2
117605	ἰατρός	ιατρος	Doctor	Miscellaneous	6110	ιατρον	1
117613	γραμματεύς	γραμματευς	Scribe	Writing and the Book Trade	30120	γραμματεως	1
117622	ἱερεύς 	ιερευς 	Priest, sacrificer	Miscellaneous	14990	ιερευς 	1
117675	λινουργός	λινουργος	Linen worker	Textiles	75130	λινουργος	1
117770	λιθουργός	λιθουργος	Stonemason	Stonework	82120	λιθουργος	1
117771	λιθουργός	λιθουργος	Stonemason	Stonework	82120	λιθουργος	1
117839	διδάσκαλος	διδασκαλος	Teacher	Education and Training	13130	διδασκαλος	1
117896	ναύκληρος	ναυκληρος	Shipmaster	Seafaring/Maritime	98110	ναυκληρος	1
117912	ναύκληρος	ναυκληρος	Shipmaster	Seafaring/Maritime	98110	ναυκληροι	1
117923	διδάσκαλος	διδασκαλος	Teacher	Education and Training	13130	διδασκαλω	1
117930	γραμματεύς	γραμματευς	Scribe	Writing and the Book Trade	30120	γραμματευς	1
117963	ναύκληρος	ναυκληρος	Shipmaster	Seafaring/Maritime	98110	ναυκληρος	1
117966	ῥάπτης	ραπτης	Clothes mender	Textiles	79120	ραπτην	1
117968	ἰατρός	ιατρος	Doctor	Miscellaneous	6110	ιατρος	1
117996	ἐριοπώλης	εριοπωλης	Wool seller	Textiles	45190	εριοπωλης	1
118009	ναύκληρος	ναυκληρος	Shipmaster	Seafaring/Maritime	98110	ναυκληρος	1
118010	ναύκληρος	ναυκληρος	Shipmaster	Seafaring/Maritime	98110	ναυκληρος	1
118022	ἰατρός	ιατρος	Doctor	Miscellaneous	6110	ιατρω	1
118062	ναύκληρος	ναυκληρος	Shipmaster	Seafaring/Maritime	98110	ναυκληρος	1
118085	κεραμεύς	κεραμευς	Potter	Ceramics	89120	κεραμευς	1
118095	ἱερεύς 	ιερευς 	Priest, sacrificer	Miscellaneous	14990	ιερευς 	1
118099	γραμματεύς	γραμματευς	Scribe	Writing and the Book Trade	30120	γραμματευς	1
118100	ἰατρός	ιατρος	Doctor	Miscellaneous	6110	ιατρου	1
118130	γραμματεύς	γραμματευς	Scribe	Writing and the Book Trade	30120	γραμματευς	1
118133	ἱερεύς 	ιερευς 	Priest, sacrificer	Miscellaneous	14990	ιερευς 	1
118138	κελευστής	κελευστης	Rowing master	Seafaring/Maritime	98110	κελευστας	1
118138	πρῳρεύς	πρωρευς	Quartermaster	Seafaring/Maritime	98110	πρωρευς	1
118138	ἰατρός	ιατρος	Doctor	Miscellaneous	6110	ιατρος	1
118158	σκαφεύς	σκαφευς	Digger	Agriculture, Animal Husbandry	62990	σκαφεων	1
118205	ναύκληρος	ναυκληρος	Shipmaster	Seafaring/Maritime	98110	ναυκληρου	1
118206	ναύκληρος	ναυκληρος	Shipmaster	Seafaring/Maritime	98110	ναυκληρου	1
118273	φιλόσοφος	φιλοσοφος	Philosopher/sophist	Education and Training	19190	φιλοσοφον	1
118278	ἰατρός	ιατρος	Doctor	Miscellaneous	6110	ιατρων	1
118415	ναύκληρος	ναυκληρος	Shipmaster	Seafaring/Maritime	98110	ναυκληρος	1
118433	ναύκληρος	ναυκληρος	Shipmaster	Seafaring/Maritime	98110	ναυκληρου	1
118434	ναύκληρος	ναυκληρος	Shipmaster	Seafaring/Maritime	98110	ναυκληροι	1
118465	ἰατρός	ιατρος	Doctor	Miscellaneous	6110	ιατρου	1
118471	ἱερεύς 	ιερευς 	Priest, sacrificer	Miscellaneous	14990	ιερευς 	1
118472	χαλκεύς	χαλκευς	Smith	Metalwork	72110	χαλκει	1
118484	γραμματεύς	γραμματευς	Scribe	Writing and the Book Trade	30120	γραμματεα	1
118497	γραμματεύς	γραμματευς	Scribe	Writing and the Book Trade	30120	γραμματεα	1
118500	ἱππικός	ιππικος	Riding trainer	Education and Training	18190	ιππικων	1
118509	ἱερεύς 	ιερευς 	Priest, sacrificer	Miscellaneous	14990	ιερευς 	1
118516	ἱερεύς 	ιερευς 	Priest, sacrificer	Miscellaneous	14990	ιερευς 	1
118528	ἱππικός	ιππικος	Riding trainer	Education and Training	18190	ιππικου	1
118547	ἱερεύς 	ιερευς 	Priest, sacrificer	Miscellaneous	14990	ιερευς 	1
118565	ἀργυροκόπος	αργυροκοπος	Coin minter	Metalwork	72110	αργυροκοπου	1
118585	κρεοπώλης	κρεοπωλης	Butcher	Food Preparation and Retail	62210	κρεοπωλης	1
118648	ἱερεύς 	ιερευς 	Priest, sacrificer	Miscellaneous	14990	ιερευς 	1
118650	ἱερεύς 	ιερευς 	Priest, sacrificer	Miscellaneous	14990	ιερευς 	1
118659	γραμματεύς	γραμματευς	Scribe	Writing and the Book Trade	30120	γραμματευς	1
118659	ἱερεύς 	ιερευς 	Priest, sacrificer	Miscellaneous	14990	ιερευς 	1
118661	ἱερεύς 	ιερευς 	Priest, sacrificer	Miscellaneous	14990	ιερευς 	1
118666	ἱερεύς 	ιερευς 	Priest, sacrificer	Miscellaneous	14990	ιερευς 	1
118674	ἱερεύς 	ιερευς 	Priest, sacrificer	Miscellaneous	14990	ιερευς 	1
118734	ἱερεύς 	ιερευς 	Priest, sacrificer	Miscellaneous	14990	ιερευς 	1
118744	ἱερεύς 	ιερευς 	Priest, sacrificer	Miscellaneous	14990	ιερευς 	1
118762	ἱερεύς 	ιερευς 	Priest, sacrificer	Miscellaneous	14990	ιερευς 	1
118764	ἱερεύς 	ιερευς 	Priest, sacrificer	Miscellaneous	14990	ιερευς 	1
118812	ἱερεύς 	ιερευς 	Priest, sacrificer	Miscellaneous	14990	ιερευς 	1
118820	ἱερεύς 	ιερευς 	Priest, sacrificer	Miscellaneous	14990	ιερευς 	1
118824	ἱερεύς 	ιερευς 	Priest, sacrificer	Miscellaneous	14990	ιερευς 	1
118825	ἱερεύς 	ιερευς 	Priest, sacrificer	Miscellaneous	14990	ιερευς 	1
118829	ἱερεύς 	ιερευς 	Priest, sacrificer	Miscellaneous	14990	ιερευς 	1
118838	ἱερεύς 	ιερευς 	Priest, sacrificer	Miscellaneous	14990	ιερευς 	1
118924	γραμματεύς	γραμματευς	Scribe	Writing and the Book Trade	30120	γραμματει	1
118965	γραμματεύς	γραμματευς	Scribe	Writing and the Book Trade	30120	γραμματει	1
118991	ἱερεύς 	ιερευς 	Priest, sacrificer	Miscellaneous	14990	ιερευς 	1
119020	ἱερεύς 	ιερευς 	Priest, sacrificer	Miscellaneous	14990	ιερευς 	1
119083	διδάσκαλος	διδασκαλος	Teacher	Education and Training	13130	διδασκαλος	1
119170	γραμματεύς	γραμματευς	Scribe	Writing and the Book Trade	30120	γραμματευς	1
119196	γραμματεύς	γραμματευς	Scribe	Writing and the Book Trade	30120	γραμματευς	1
119199	ἱερεύς 	ιερευς 	Priest, sacrificer	Miscellaneous	14990	ιερευς 	1
119272	γραμματεύς	γραμματευς	Scribe	Writing and the Book Trade	30120	γραμματευς	1
119274	γραμματεύς	γραμματευς	Scribe	Writing and the Book Trade	30120	γραμματευς	1
119276	ἱερεύς 	ιερευς 	Priest, sacrificer	Miscellaneous	14990	ιερευς 	1
119321	γραμματεύς	γραμματευς	Scribe	Writing and the Book Trade	30120	γραμματευς	1
119322	γραμματεύς	γραμματευς	Scribe	Writing and the Book Trade	30120	γραμματευς	1
119324	γραμματεύς	γραμματευς	Scribe	Writing and the Book Trade	30120	γραμματευς	1
119333	γραμματεύς	γραμματευς	Scribe	Writing and the Book Trade	30120	γραμματευς	1
119339	ἱερεύς 	ιερευς 	Priest, sacrificer	Miscellaneous	14990	ιερευς 	1
119340	ἱερεύς 	ιερευς 	Priest, sacrificer	Miscellaneous	14990	ιερευς 	1
119364	ἱερεύς 	ιερευς 	Priest, sacrificer	Miscellaneous	14990	ιερευς 	1
119365	ἱερεύς 	ιερευς 	Priest, sacrificer	Miscellaneous	14990	ιερευς 	1
119373	ἱερεύς 	ιερευς 	Priest, sacrificer	Miscellaneous	14990	ιερευς 	1
119374	γραμματεύς	γραμματευς	Scribe	Writing and the Book Trade	30120	γραμματευς	1
119375	ἱερεύς 	ιερευς 	Priest, sacrificer	Miscellaneous	14990	ιερευς 	1
119385	ἱερεύς 	ιερευς 	Priest, sacrificer	Miscellaneous	14990	ιερευς 	1
119411	γραμματεύς	γραμματευς	Scribe	Writing and the Book Trade	30120	γραμματευς	1
119431	ἱερεύς 	ιερευς 	Priest, sacrificer	Miscellaneous	14990	ιερευς 	1
119437	ἱερεύς 	ιερευς 	Priest, sacrificer	Miscellaneous	14990	ιερευς 	1
119447	ἱερεύς 	ιερευς 	Priest, sacrificer	Miscellaneous	14990	ιερευς 	1
119451	ἱερεύς 	ιερευς 	Priest, sacrificer	Miscellaneous	14990	ιερευς 	1
119495	ἱερεύς 	ιερευς 	Priest, sacrificer	Miscellaneous	14990	ιερευς 	1
119516	ἱερεύς 	ιερευς 	Priest, sacrificer	Miscellaneous	14990	ιερευς 	1
119526	φιλόσοφος	φιλοσοφος	Philosopher/sophist	Education and Training	19190	φιλοσοφος	1
119540	ἱερεύς 	ιερευς 	Priest, sacrificer	Miscellaneous	14990	ιερευς 	1
119541	ἰατρός	ιατρος	Doctor	Miscellaneous	6110	ιατρος	1
119644	ἱερεύς 	ιερευς 	Priest, sacrificer	Miscellaneous	14990	ιερευς 	1
119665	ἱερεύς 	ιερευς 	Priest, sacrificer	Miscellaneous	14990	ιερευς 	1
119711	τέκτων	τεκτων	Carpenter/joiner	Woodwork	95110	τεκτων	1
119870	ἰατρός	ιατρος	Doctor	Miscellaneous	6110	ιατρος	1
120061	ἱερεύς 	ιερευς 	Priest, sacrificer	Miscellaneous	14990	ιερευς 	1
120089	χαλκεύς	χαλκευς	Smith	Metalwork	72110	χαλκευς	1
120161	πένταθλος	πενταθλος	Pentathlete	Sports and Competition	18990	πενταθλον	1
120162	πένταθλος	πενταθλος	Pentathlete	Sports and Competition	18990	πενταθλον	1
120217	βαφεύς	βαφευς	Dyer	Textiles	75120	βαφεων	1
120225	ἱερεύς 	ιερευς 	Priest, sacrificer	Miscellaneous	14990	ιερευς 	1
120385	ῥήτωρ	ρητωρ	Orator	Literature and Scholarship	17150	ρητωρ	1
120427	ἱερεύς 	ιερευς 	Priest, sacrificer	Miscellaneous	14990	ιερευς 	1
120436	ἱερεύς 	ιερευς 	Priest, sacrificer	Miscellaneous	14990	ιερευς 	1
120469	ἰατρός	ιατρος	Doctor	Miscellaneous	6110	ιατροι	1
120485	ἱερεύς 	ιερευς 	Priest, sacrificer	Miscellaneous	14990	ιερευς 	1
120486	ἱερεύς 	ιερευς 	Priest, sacrificer	Miscellaneous	14990	ιερευς 	1
120520	χαλκεύς	χαλκευς	Smith	Metalwork	72110	χαλκευς	1
120576	γραμματεύς	γραμματευς	Scribe	Writing and the Book Trade	30120	γραμματεα	1
120608	γραμματεύς	γραμματευς	Scribe	Writing and the Book Trade	30120	γραμματει	1
120623	φιλόσοφος	φιλοσοφος	Philosopher/sophist	Education and Training	19190	φιλοσοφον	1
120641	ἱερεύς 	ιερευς 	Priest, sacrificer	Miscellaneous	14990	ιερευς 	1
120665	γεωργός	γεωργος	Farmer	Agriculture, Animal Husbandry	61110	γεωργος	1
120694	ἱερεύς 	ιερευς 	Priest, sacrificer	Miscellaneous	14990	ιερευς 	1
120704	ἱερεύς 	ιερευς 	Priest, sacrificer	Miscellaneous	14990	ιερευς 	1
120718	ἱερεύς 	ιερευς 	Priest, sacrificer	Miscellaneous	14990	ιερευς 	1
120734	φιλόσοφος	φιλοσοφος	Philosopher/sophist	Education and Training	19190	φιλοσοφου	1
120801	ἱερεύς 	ιερευς 	Priest, sacrificer	Miscellaneous	14990	ιερευς 	1
120821	ἱερεύς 	ιερευς 	Priest, sacrificer	Miscellaneous	14990	ιερευς 	1
120965	ἱεροποιός	ιεροποιος	Sacrificer	Miscellaneous	14990	ιεροποιοι	1
121083	ἱερεύς 	ιερευς 	Priest, sacrificer	Miscellaneous	14990	ιερευς 	1
121085	κυβερνήτης	κυβερνητης	Helmsman	Seafaring/Maritime	98110	κυβερνητης	1
121151	γραμματεύς	γραμματευς	Scribe	Writing and the Book Trade	30120	γραμματευς	1
121189	κηπουρός	κηπουρος	Market Gardener	Agriculture, Animal Husbandry	62210	κηπουρων	1
121282	γραμματεύς	γραμματευς	Scribe	Writing and the Book Trade	30120	γραμματεων	1
121290	γραμματεύς	γραμματευς	Scribe	Writing and the Book Trade	30120	γραμματεα	1
121291	γραμματεύς	γραμματευς	Scribe	Writing and the Book Trade	30120	γραμματεα	1
121294	γραμματεύς	γραμματευς	Scribe	Writing and the Book Trade	30120	γραμματεων	1
121315	γραμματεύς	γραμματευς	Scribe	Writing and the Book Trade	30120	γραμματεων	1
121316	γραμματεύς	γραμματευς	Scribe	Writing and the Book Trade	30120	γραμματεα|γραμματεων	2
121317	γραμματεύς	γραμματευς	Scribe	Writing and the Book Trade	30120	γραμματεα|γραμματεων	2
121325	ναύκληρος	ναυκληρος	Shipmaster	Seafaring/Maritime	98110	ναυκληρου	1
121353	γραμματεύς	γραμματευς	Scribe	Writing and the Book Trade	30120	γραμματευς	1
121393	ἱερεύς 	ιερευς 	Priest, sacrificer	Miscellaneous	14990	ιερευς 	1
121403	κάπηλος	καπηλος	Retailer	Miscellaneous Retail	49190	καπηλου	1
121462	γραμματεύς	γραμματευς	Scribe	Writing and the Book Trade	30120	γραμματει	1
121481	γραμματεύς	γραμματευς	Scribe	Writing and the Book Trade	30120	γραμματεων	1
121498	γραμματεύς	γραμματευς	Scribe	Writing and the Book Trade	30120	γραμματεως	1
121499	γραμματεύς	γραμματευς	Scribe	Writing and the Book Trade	30120	γραμματεως	1
121506	γραμματεύς	γραμματευς	Scribe	Writing and the Book Trade	30120	γραμματεως	1
121515	ἱππικός	ιππικος	Riding trainer	Education and Training	18190	ιππικον	1
121564	ἰατρός	ιατρος	Doctor	Miscellaneous	6110	ιατρον	1
121575	γραμματεύς	γραμματευς	Scribe	Writing and the Book Trade	30120	γραμματεως	1
121576	γραμματεύς	γραμματευς	Scribe	Writing and the Book Trade	30120	γραμματεως	1
121613	μουσικός	μουσικος	Musician	Drama and Entertainment	17320	μουσικον	1
121614	μουσικός	μουσικος	Musician	Drama and Entertainment	17320	μουσικον	1
121615	μουσικός	μουσικος	Musician	Drama and Entertainment	17320	μουσικον	1
121616	μουσικός	μουσικος	Musician	Drama and Entertainment	17320	μουσικον	1
121624	γραμματεύς	γραμματευς	Scribe	Writing and the Book Trade	30120	γραμματεα	1
121627	γραμματικός	γραμματικος	Grammarian	Literature and Scholarship	13920	γραμματικον	1
121648	γραμματεύς	γραμματευς	Scribe	Writing and the Book Trade	30120	γραμματεως	1
121651	ἱππικός	ιππικος	Riding trainer	Education and Training	18190	ιππικων	1
121651	ἱερεύς 	ιερευς 	Priest, sacrificer	Miscellaneous	14990	ιερευς 	1
121652	ἱππικός	ιππικος	Riding trainer	Education and Training	18190	ιππικων	1
121668	κάπηλος	καπηλος	Retailer	Miscellaneous Retail	49190	καπηλου	1
121703	λιθουργός	λιθουργος	Stonemason	Stonework	82120	λιθουργος	1
121740	γραμματεύς	γραμματευς	Scribe	Writing and the Book Trade	30120	γραμματεα	1
121752	λογόγραφος	λογογραφος	Speech-writer	Writing and the Book Trade	15120	λογογραφων	1
121790	κεραμεύς	κεραμευς	Potter	Ceramics	89120	κεραμευς	1
121873	ἰατρός	ιατρος	Doctor	Miscellaneous	6110	ιατρον	1
121892	γραμματεύς	γραμματευς	Scribe	Writing and the Book Trade	30120	γραμματεως	1
121895	ἰατρός	ιατρος	Doctor	Miscellaneous	6110	ιατρος	1
121901	ἰατρός	ιατρος	Doctor	Miscellaneous	6110	ιατρος	1
121911	γραμματεύς	γραμματευς	Scribe	Writing and the Book Trade	30120	γραμματεα|γραμματεως	2
121916	γραμματεύς	γραμματευς	Scribe	Writing and the Book Trade	30120	γραμματεως	1
122003	γραμματεύς	γραμματευς	Scribe	Writing and the Book Trade	30120	γραμματεως	1
122026	διδάσκαλος	διδασκαλος	Teacher	Education and Training	13130	διδασκαλου	1
122037	ἱππικός	ιππικος	Riding trainer	Education and Training	18190	ιππικου	1
122080	ἰατρός	ιατρος	Doctor	Miscellaneous	6110	ιατρον	1
122133	γραμματεύς	γραμματευς	Scribe	Writing and the Book Trade	30120	γραμματεα	1
122134	γραμματεύς	γραμματευς	Scribe	Writing and the Book Trade	30120	γραμματεα	1
122135	γραμματεύς	γραμματευς	Scribe	Writing and the Book Trade	30120	γραμματεα	1
122136	γραμματεύς	γραμματευς	Scribe	Writing and the Book Trade	30120	γραμματεα	1
122206	γραμματεύς	γραμματευς	Scribe	Writing and the Book Trade	30120	γραμματεα	1
122210	χαλκεύς	χαλκευς	Smith	Metalwork	72110	χαλκει	1
122261	ἱερεύς 	ιερευς 	Priest, sacrificer	Miscellaneous	14990	ιερευς 	1
122262	ἱερεύς 	ιερευς 	Priest, sacrificer	Miscellaneous	14990	ιερευς 	1
122288	γραμματεύς	γραμματευς	Scribe	Writing and the Book Trade	30120	γραμματεα	1
122289	γραμματεύς	γραμματευς	Scribe	Writing and the Book Trade	30120	γραμματεα	1
122527	τέκτων	τεκτων	Carpenter/joiner	Woodwork	95110	τεκτονι	1
122605	γραμματεύς	γραμματευς	Scribe	Writing and the Book Trade	30120	γραμματεα|γραμματει|γραμματευς	3
122610	ποιητής	ποιητης	Maker, poet	Literature and Scholarship	17150	ποιητην	1
122610	φιλόσοφος	φιλοσοφος	Philosopher/sophist	Education and Training	19190	φιλοσοφοι	1
122610	ἰατρός	ιατρος	Doctor	Miscellaneous	6110	ιατρον	1
122916	ἰατρός	ιατρος	Doctor	Miscellaneous	6110	ιατρου	1
123002	γραμματεύς	γραμματευς	Scribe	Writing and the Book Trade	30120	γραμματεα	1
123029	ἰτριοπώλης	ιτριοπωλης	Cake Seller	Food Preparation and Retail	51190	ιτριοπωλων	1
123032	ὑπηρετής	υπηρετης	Architect’s assistant	Construction	95990	υπηρετης	1
123032	γραμματεύς	γραμματευς	Scribe	Writing and the Book Trade	30120	γραμματευς|γραμματεως	2
123043	χαλκεύς	χαλκευς	Smith	Metalwork	72110	χαλκεως	1
123076	ἀρχιτέκτων	αρχιτεκτων	Architect	Construction	2120	αρχιτεκτων	1
123122	ἱερεύς 	ιερευς 	Priest, sacrificer	Miscellaneous	14990	ιερευς 	1
123123	ἱερεύς 	ιερευς 	Priest, sacrificer	Miscellaneous	14990	ιερευς 	1
123131	ἱερεύς 	ιερευς 	Priest, sacrificer	Miscellaneous	14990	ιερευς 	1
123150	πλουμάριος	πλουμαριος	Feather worker	Textiles	79990	πλουμαριων	1
123158	ἱερεύς 	ιερευς 	Priest, sacrificer	Miscellaneous	14990	ιερευς 	1
123177	ἁλιεύς	αλιευς	Fisherman	Seafaring/Maritime	64110	αλιεως	1
123193	ἱερεύς 	ιερευς 	Priest, sacrificer	Miscellaneous	14990	ιερευς 	1
123214	φιλόσοφος	φιλοσοφος	Philosopher/sophist	Education and Training	19190	φιλοσοφον	1
123268	χαλκεύς	χαλκευς	Smith	Metalwork	72110	χαλκευς	1
123288	γραμματεύς	γραμματευς	Scribe	Writing and the Book Trade	30120	γραμματευς	1
123314	πλουμάριος	πλουμαριος	Feather worker	Textiles	79990	πλουμαριου	1
123323	ἡνίοχος	ηνιοχος	charioteer	Transport	98510	ηνιοχων	1
123359	ἀρχιτέκτων	αρχιτεκτων	Architect	Construction	2120	αρχιτεκτων	1
123389	χαλκεύς	χαλκευς	Smith	Metalwork	72110	χαλκευς	1
123390	ἰατρός	ιατρος	Doctor	Miscellaneous	6110	ιατρος	1
123394	φιλόσοφος	φιλοσοφος	Philosopher/sophist	Education and Training	19190	φιλοσοφον	1
123396	γναφεύς	γναφευς	Fuller	Textiles	75140	γναφεων	1
123399	ἱερεύς 	ιερευς 	Priest, sacrificer	Miscellaneous	14990	ιερευς 	1
123404	λινουργός	λινουργος	Linen worker	Textiles	75130	λινουργων	1
123417	ποιητής	ποιητης	Maker, poet	Literature and Scholarship	17150	ποιητην	1
123418	γραμματεύς	γραμματευς	Scribe	Writing and the Book Trade	30120	γραμματεα	1
123479	κηπουρός	κηπουρος	Market Gardener	Agriculture, Animal Husbandry	62210	κηπουρου	1
123546	κηπουρός	κηπουρος	Market Gardener	Agriculture, Animal Husbandry	62210	κηπουρου	1
123576	ἱερεύς 	ιερευς 	Priest, sacrificer	Miscellaneous	14990	ιερευς 	1
123581	γραμματεύς	γραμματευς	Scribe	Writing and the Book Trade	30120	γραμματεων	1
123606	ἀρχιτέκτων	αρχιτεκτων	Architect	Construction	2120	αρχιτεκτονος	1
123611	πένταθλος	πενταθλος	Pentathlete	Sports and Competition	18990	πενταθλον	1
123676	ἀρτοκόπος	αρτοκοπος	Baker	Food Preparation and Retail	53120	αρτοκοπου	1
123685	ναύκληρος	ναυκληρος	Shipmaster	Seafaring/Maritime	98110	ναυκληρου	1
123690	κάπηλος	καπηλος	Retailer	Miscellaneous Retail	49190	καπηλου	1
123698	κάπηλος	καπηλος	Retailer	Miscellaneous Retail	49190	καπηλου	1
123719	κάπηλος	καπηλος	Retailer	Miscellaneous Retail	49190	καπηλου	1
123739	ἀρτοκόπος	αρτοκοπος	Baker	Food Preparation and Retail	53120	αρτοκοπου	1
123750	κάπηλος	καπηλος	Retailer	Miscellaneous Retail	49190	καπηλου	1
123751	καλιγάριος	καλιγαριος	Cobbler	Leatherwork and Footwear	80110	καλιγαριου	1
123753	καλιγάριος	καλιγαριος	Cobbler	Leatherwork and Footwear	80110	καλιγαριων	1
123759	ναύκληρος	ναυκληρος	Shipmaster	Seafaring/Maritime	98110	ναυκληρου	1
123770	κεραμεύς	κεραμευς	Potter	Ceramics	89120	κεραμεα	1
123785	βαρβαρικάριος	βαρβαρικαριος	Gilder	Textiles	72110	βαρβαρικαριου	1
123802	κεραμεύς	κεραμευς	Potter	Ceramics	89120	κεραμεως	1
123803	κεραμεύς	κεραμευς	Potter	Ceramics	89120	κεραμευς	1
123804	πλουμάριος	πλουμαριος	Feather worker	Textiles	79990	πλουμαριου	1
123808	μυρεψός	μυρεψος	Perfume boiler	Perfumes, Aromatics, and Nostrums	6390	μυρεψου	1
123814	κοπιάτης	κοπιατης	Grave-digger, sexton	Miscellaneous	54990	κοπιατων	1
123816	κάπηλος	καπηλος	Retailer	Miscellaneous Retail	49190	καπηλου	1
123844	ἀρτοκόπος	αρτοκοπος	Baker	Food Preparation and Retail	53120	αρτοκοπου	1
123845	λανάριος	λαναριος	Wool worker	Textiles	76990	λαναριου	1
123850	κεραμεύς	κεραμευς	Potter	Ceramics	89120	κεραμεως	1
123853	χαλκεύς	χαλκευς	Smith	Metalwork	72110	χαλκεως	1
123860	χρυσόχοος	χρυσοχοος	Goldsmith	Metalwork	72110	χρυσοχοου	1
123861	κεραμεύς	κεραμευς	Potter	Ceramics	89120	κεραμεως	1
123866	ναύκληρος	ναυκληρος	Shipmaster	Seafaring/Maritime	98110	ναυκληρου	1
123868	μυρεψός	μυρεψος	Perfume boiler	Perfumes, Aromatics, and Nostrums	6390	μυρεψου	1
123887	γναφεύς	γναφευς	Fuller	Textiles	75140	γναφεως	1
123891	πλουμάριος	πλουμαριος	Feather worker	Textiles	79990	πλουμαριου	1
123892	τέκτων	τεκτων	Carpenter/joiner	Woodwork	95110	τεκτονος	1
123894	χαλκεύς	χαλκευς	Smith	Metalwork	72110	χαλκεως	1
123911	καλιγάριος	καλιγαριος	Cobbler	Leatherwork and Footwear	80110	καλιγαριου	1
123915	χρυσόχοος	χρυσοχοος	Goldsmith	Metalwork	72110	χρυσοχοου	1
123920	πλουμάριος	πλουμαριος	Feather worker	Textiles	79990	πλουμαριων	1
123921	λανάριος	λαναριος	Wool worker	Textiles	76990	λαναριου	1
123932	πλουμάριος	πλουμαριος	Feather worker	Textiles	79990	πλουμαριου	1
123933	χαλκεύς	χαλκευς	Smith	Metalwork	72110	χαλκεως	1
123935	βρακάριος	βρακαριος	Maker of trousers	Textiles	79120	βρακαριου	1
123939	ἰατρός	ιατρος	Doctor	Miscellaneous	6110	ιατρου	1
123942	χρυσόχοος	χρυσοχοος	Goldsmith	Metalwork	72110	χρυσοχοου	1
123960	πλουμάριος	πλουμαριος	Feather worker	Textiles	79990	πλουμαριων	1
123972	πλουμάριος	πλουμαριος	Feather worker	Textiles	79990	πλουμαριου	1
123980	μυρεψός	μυρεψος	Perfume boiler	Perfumes, Aromatics, and Nostrums	6390	μυρεψου	1
124008	κάπηλος	καπηλος	Retailer	Miscellaneous Retail	49190	καπηλου	1
124010	χαλκεύς	χαλκευς	Smith	Metalwork	72110	χαλκεως	1
124016	καλιγάριος	καλιγαριος	Cobbler	Leatherwork and Footwear	80110	καλιγαριου	1
124027	κεραμεύς	κεραμευς	Potter	Ceramics	89120	κεραμεως	1
124032	πλουμάριος	πλουμαριος	Feather worker	Textiles	79990	πλουμαριου	1
124040	ναυπηγός	ναυπηγος	Shipwright	Woodwork	73210	ναυπηγων	1
124046	ἀρτοκόπος	αρτοκοπος	Baker	Food Preparation and Retail	53120	αρτοκοπου	1
124050	κεραμεύς	κεραμευς	Potter	Ceramics	89120	κεραμεως	1
124051	κηπουρός	κηπουρος	Market Gardener	Agriculture, Animal Husbandry	62210	κηπουρου	1
124061	ἀρχιτέκτων	αρχιτεκτων	Architect	Construction	2120	αρχιτεκτονος	1
124062	πλουμάριος	πλουμαριος	Feather worker	Textiles	79990	πλουμαριου	1
124064	χαλκεύς	χαλκευς	Smith	Metalwork	72110	χαλκεως	1
124068	ἰατρός	ιατρος	Doctor	Miscellaneous	6110	ιατρου	1
124085	κηπουρός	κηπουρος	Market Gardener	Agriculture, Animal Husbandry	62210	κηπουρου	1
124085	τέκτων	τεκτων	Carpenter/joiner	Woodwork	95110	τεκτονος	1
124092	οἰκοδομος	οικοδομος	Builder	Construction	95110	οικοδομου	1
124095	καλιγάριος	καλιγαριος	Cobbler	Leatherwork and Footwear	80110	καλιγαριου	1
124146	λεπτουργός	λεπτουργος	Joiner, wood worker	Construction	95110	λεπτουργου	1
124147	βρακάριος	βρακαριος	Maker of trousers	Textiles	79120	βρακαριου	1
124153	κάπηλος	καπηλος	Retailer	Miscellaneous Retail	49190	καπηλου	1
124165	ἀρτοκόπος	αρτοκοπος	Baker	Food Preparation and Retail	53120	αρτοκοπου	1
124166	καλιγάριος	καλιγαριος	Cobbler	Leatherwork and Footwear	80110	καλιγαριου	1
124167	ἰατρός	ιατρος	Doctor	Miscellaneous	6110	ιατρου	1
124174	καλιγάριος	καλιγαριος	Cobbler	Leatherwork and Footwear	80110	καλιγαριου	1
124189	καλιγάριος	καλιγαριος	Cobbler	Leatherwork and Footwear	80110	καλιγαριου	1
124190	κεραμεύς	κεραμευς	Potter	Ceramics	89120	κεραμεως	1
124211	καλιγάριος	καλιγαριος	Cobbler	Leatherwork and Footwear	80110	καλιγαριου	1
124212	κηπουρός	κηπουρος	Market Gardener	Agriculture, Animal Husbandry	62210	κηπουρου	1
124213	ναύκληρος	ναυκληρος	Shipmaster	Seafaring/Maritime	98110	ναυκληρου	1
124215	πλουμάριος	πλουμαριος	Feather worker	Textiles	79990	πλουμαριου	1
124221	καλιγάριος	καλιγαριος	Cobbler	Leatherwork and Footwear	80110	καλιγαριου	1
124230	ναύκληρος	ναυκληρος	Shipmaster	Seafaring/Maritime	98110	ναυκληρου	1
124232	καλιγάριος	καλιγαριος	Cobbler	Leatherwork and Footwear	80110	καλιγαριων	1
124235	πλουμάριος	πλουμαριος	Feather worker	Textiles	79990	πλουμαριου	1
124247	πλακουντάριος	πλακουνταριος	Break maker	Food Preparation and Retail	53120	πλακουνταριου	1
124252	κεραμεύς	κεραμευς	Potter	Ceramics	89120	κεραμεις	1
124255	κεραμεύς	κεραμευς	Potter	Ceramics	89120	κεραμεως	1
124265	κηπουρός	κηπουρος	Market Gardener	Agriculture, Animal Husbandry	62210	κηπουρου	1
124275	οἰκοδομος	οικοδομος	Builder	Construction	95110	οικοδομου	1
124277	κεραμεύς	κεραμευς	Potter	Ceramics	89120	κεραμεως	1
124283	ἀρτοκόπος	αρτοκοπος	Baker	Food Preparation and Retail	53120	αρτοκοπου	1
124289	ἰατρός	ιατρος	Doctor	Miscellaneous	6110	ιατρου	1
124349	ἀρχιτέκτων	αρχιτεκτων	Architect	Construction	2120	αρχιτεκτονος	1
124417	μουσικός	μουσικος	Musician	Drama and Entertainment	17320	μουσικοις	1
124417	γραμματεύς	γραμματευς	Scribe	Writing and the Book Trade	30120	γραμματεα	1
124418	πένταθλος	πενταθλος	Pentathlete	Sports and Competition	18990	πενταθλον	1
124420	ἱερεύς 	ιερευς 	Priest, sacrificer	Miscellaneous	14990	ιερευς 	1
124468	γραμματεύς	γραμματευς	Scribe	Writing and the Book Trade	30120	γραμματεις|γραμματεων	2
124471	γραμματεύς	γραμματευς	Scribe	Writing and the Book Trade	30120	γραμματεων	1
124493	ἀρχιτέκτων	αρχιτεκτων	Architect	Construction	2120	αρχιτεκτων	1
124528	χαλκεύς	χαλκευς	Smith	Metalwork	72110	χαλκεως	1
124549	ῥήτωρ	ρητωρ	Orator	Literature and Scholarship	17150	ρητωρ	1
124572	μονιτάριος	μονιταριος	Moneyer	Metalwork	72110	μονιταριου	1
124587	λιθουργός	λιθουργος	Stonemason	Stonework	82120	λιθουργος	1
124592	λιθουργός	λιθουργος	Stonemason	Stonework	82120	λιθουργος	1
124654	ἱερεύς 	ιερευς 	Priest, sacrificer	Miscellaneous	14990	ιερευς 	1
124856	διδάσκαλος	διδασκαλος	Teacher	Education and Training	13130	διδασκαλου	1
124968	γραμματεύς	γραμματευς	Scribe	Writing and the Book Trade	30120	γραμματει|γραμματευς|γραμματεως	3
124968	ἱερεύς 	ιερευς 	Priest, sacrificer	Miscellaneous	14990	ιερευς 	1
124969	διδάσκαλος	διδασκαλος	Teacher	Education and Training	13130	διδασκαλους	1
124982	γραμματεύς	γραμματευς	Scribe	Writing and the Book Trade	30120	γραμματευς	1
125047	ἱερεύς 	ιερευς 	Priest, sacrificer	Miscellaneous	14990	ιερευς 	1
125048	χαλκεύς	χαλκευς	Smith	Metalwork	72110	χαλκεων	1
125066	ἱππικός	ιππικος	Riding trainer	Education and Training	18190	ιππικον	1
125100	παγκρατιαστής	παγκρατιαστης	Pancratiast	Sports and Competition	18990	παγκρατιαστην	1
125146	ἱερεύς 	ιερευς 	Priest, sacrificer	Miscellaneous	14990	ιερευς 	1
125222	γραμματεύς	γραμματευς	Scribe	Writing and the Book Trade	30120	γραμματεα	1
125223	ἱερεύς 	ιερευς 	Priest, sacrificer	Miscellaneous	14990	ιερευς 	1
125234	γραμματεύς	γραμματευς	Scribe	Writing and the Book Trade	30120	γραμματεως	1
125235	γραμματεύς	γραμματευς	Scribe	Writing and the Book Trade	30120	γραμματευς	1
125317	παιδοτρίβης	παιδοτριβης	Physical trainer	Education and Training	18190	παιδοτριβην	1
125320	ποιητής	ποιητης	Maker, poet	Literature and Scholarship	17150	ποιητην	1
125340	μουσικός	μουσικος	Musician	Drama and Entertainment	17320	μουσικου	1
125340	γραμματεύς	γραμματευς	Scribe	Writing and the Book Trade	30120	γραμματεα	1
125363	ἱερεύς 	ιερευς 	Priest, sacrificer	Miscellaneous	14990	ιερευς 	1
125372	ἱερεύς 	ιερευς 	Priest, sacrificer	Miscellaneous	14990	ιερευς 	1
125464	ἱερεύς 	ιερευς 	Priest, sacrificer	Miscellaneous	14990	ιερευς 	1
125469	ῥήτωρ	ρητωρ	Orator	Literature and Scholarship	17150	ρητωρ	1
125471	γναφεύς	γναφευς	Fuller	Textiles	75140	γναφευς	1
125482	ἱερεύς 	ιερευς 	Priest, sacrificer	Miscellaneous	14990	ιερευς 	1
125564	γραμματεύς	γραμματευς	Scribe	Writing and the Book Trade	30120	γραμματεα|γραμματευς	2
125569	γραμματεύς	γραμματευς	Scribe	Writing and the Book Trade	30120	γραμματευς	1
125776	ἀρχιτέκτων	αρχιτεκτων	Architect	Construction	2120	αρχιτεκτονας	1
125777	ἱεροποιός	ιεροποιος	Sacrificer	Miscellaneous	14990	ιεροποιοι|ιεροποιους	2
125802	γραμματεύς	γραμματευς	Scribe	Writing and the Book Trade	30120	γραμματευς	1
125804	ὑφάντης	υφαντης	Weaver	Textiles	75110	υφαντης	1
125806	ὑφάντης	υφαντης	Weaver	Textiles	75110	υφαντης	1
125809	γραμματεύς	γραμματευς	Scribe	Writing and the Book Trade	30120	γραμματεως	1
125809	ἱερεύς 	ιερευς 	Priest, sacrificer	Miscellaneous	14990	ιερευς 	1
125812	γραμματεύς	γραμματευς	Scribe	Writing and the Book Trade	30120	γραμματευς	1
125815	γραμματεύς	γραμματευς	Scribe	Writing and the Book Trade	30120	γραμματεως	1
125817	γραμματεύς	γραμματευς	Scribe	Writing and the Book Trade	30120	γραμματευς	1
125820	γραμματεύς	γραμματευς	Scribe	Writing and the Book Trade	30120	γραμματευς|γραμματεως	2
125825	γραμματεύς	γραμματευς	Scribe	Writing and the Book Trade	30120	γραμματεως	1
125833	γραμματεύς	γραμματευς	Scribe	Writing and the Book Trade	30120	γραμματεως	1
125837	πένταθλος	πενταθλος	Pentathlete	Sports and Competition	18990	πενταθλον|πενταθλος|πενταθλων	3
125885	γραμματεύς	γραμματευς	Scribe	Writing and the Book Trade	30120	γραμματευς	1
125907	ἀρχιτέκτων	αρχιτεκτων	Architect	Construction	2120	αρχιτεκτων	1
125909	ἱεροποιός	ιεροποιος	Sacrificer	Miscellaneous	14990	ιεροποιοι	1
125910	ἱεροποιός	ιεροποιος	Sacrificer	Miscellaneous	14990	ιεροποιοι	1
125911	ἱεροποιός	ιεροποιος	Sacrificer	Miscellaneous	14990	ιεροποιοι	1
126033	ναύτης	ναυτης	Sailor	Seafaring/Maritime	98110	ναυτης	1
126055	ἱεροποιός	ιεροποιος	Sacrificer	Miscellaneous	14990	ιεροποιους	1
126112	ἁλιεύς	αλιευς	Fisherman	Seafaring/Maritime	64110	αλιεων	1
126127	ποιητής	ποιητης	Maker, poet	Literature and Scholarship	17150	ποιητην	1
126166	ναύκληρος	ναυκληρος	Shipmaster	Seafaring/Maritime	98110	ναυκληρος	1
126259	γραμματεύς	γραμματευς	Scribe	Writing and the Book Trade	30120	γραμματευς	1
126298	φιλόσοφος	φιλοσοφος	Philosopher/sophist	Education and Training	19190	φιλοσοφου	1
126301	φιλόσοφος	φιλοσοφος	Philosopher/sophist	Education and Training	19190	φιλοσοφους	1
126319	τέκτων	τεκτων	Carpenter/joiner	Woodwork	95110	τεκτονες	1
126376	γραμματεύς	γραμματευς	Scribe	Writing and the Book Trade	30120	γραμματευς	1
126431	ἱερεύς 	ιερευς 	Priest, sacrificer	Miscellaneous	14990	ιερευς 	1
126438	φιλόσοφος	φιλοσοφος	Philosopher/sophist	Education and Training	19190	φιλοσοφον|φιλοσοφου	2
126439	ῥήτωρ	ρητωρ	Orator	Literature and Scholarship	17150	ρητωρ	1
126519	φιλόσοφος	φιλοσοφος	Philosopher/sophist	Education and Training	19190	φιλοσοφον|φιλοσοφος	2
126520	φιλόσοφος	φιλοσοφος	Philosopher/sophist	Education and Training	19190	φιλοσοφον	1
126656	γραφεύς	γραφευς	Scrivener/copyist	Writing and the Book Trade	30120	γραφει	1
126673	γραμματεύς	γραμματευς	Scribe	Writing and the Book Trade	30120	γραμματευς	1
126674	γραμματεύς	γραμματευς	Scribe	Writing and the Book Trade	30120	γραμματεα	1
126700	ἀρχιτέκτων	αρχιτεκτων	Architect	Construction	2120	αρχιτεκτονες	1
126741	κελευστής	κελευστης	Rowing master	Seafaring/Maritime	98110	κελευστης	1
126741	ναυπηγός	ναυπηγος	Shipwright	Woodwork	73210	ναυπηγος	1
126815	ἁλιεύς	αλιευς	Fisherman	Seafaring/Maritime	64110	αλιευς	1
126815	ἀρτοποιός	αρτοποιος	Baker	Food Preparation and Retail	53120	αρτοποιος	1
126815	γεωργός	γεωργος	Farmer	Agriculture, Animal Husbandry	61110	γεωργος	1
126815	γναφεύς	γναφευς	Fuller	Textiles	75140	γναφευς	1
126815	δορυξός	δορυξος	Spear maker	Armaments	72990	δορυξος	1
126815	ἐριοπώλης	εριοπωλης	Wool seller	Textiles	45190	εριοπωλης	1
126815	κάπηλος	καπηλος	Retailer	Miscellaneous Retail	49190	καπηλος	1
126815	κρομμυοπώλης	κρομμυοπωλης	Onion Seller	Food Preparation and Retail	45190	κρομμυοπωλης	1
126815	ὀνοκόμος	ονοκομος	Ass keeper	Transport	98510	ονοκομος	1
126815	πλυνεύς	πλυνευς	Clothes washer	Textiles	75140	πλυνευς	1
126815	πριονοποιός	πριονοποιος	Saw maker	Tools	83990	πριονοποιος	1
126815	σιτοπώλης	σιτοπωλης	Grain Dealer	Food Preparation and Retail	41110	σιτοπωλης	1
126815	σκυτότομος	σκυτοτομος	Leather worker/shoemaker	Leatherwork and Footwear	80110	σκυτοτομος	1
126815	φορτηγός	φορτηγος	Maritime trader	Seafaring/Maritime	41110	φορτηγος	1
126815	χαλκεύς	χαλκευς	Smith	Metalwork	72110	χαλκευς	1
126815	χρυσόχοος	χρυσοχοος	Goldsmith	Metalwork	72110	χρυσοχοος	1
126815	γραμματεύς	γραμματευς	Scribe	Writing and the Book Trade	30120	γραμματευς	1
126818	γραμματεύς	γραμματευς	Scribe	Writing and the Book Trade	30120	γραμματεα	1
126819	ἱερεύς 	ιερευς 	Priest, sacrificer	Miscellaneous	14990	ιερευς 	1
126836	ἱερεύς 	ιερευς 	Priest, sacrificer	Miscellaneous	14990	ιερευς 	1
126917	πλακουντάριος	πλακουνταριος	Break maker	Food Preparation and Retail	53120	πλακουνταριου	1
126933	ὁπλομάχος	οπλομαχος	Weapons trainer	Education and Training	18190	οπλομαχον	1
126933	παιδοτρίβης	παιδοτριβης	Physical trainer	Education and Training	18190	παιδοτριβην	1
126936	γραμματεύς	γραμματευς	Scribe	Writing and the Book Trade	30120	γραμματεα	1
126949	γραμματεύς	γραμματευς	Scribe	Writing and the Book Trade	30120	γραμματευς	1
127131	διδάσκαλος	διδασκαλος	Teacher	Education and Training	13130	διδασκαλοι|διδασκαλοις|διδασκαλους	3
127131	ὁπλομάχος	οπλομαχος	Weapons trainer	Education and Training	18190	οπλομαχον	1
127131	παιδοτρίβης	παιδοτριβης	Physical trainer	Education and Training	18190	παιδοτριβην	1
127131	ὑπηρετής	υπηρετης	Architect’s assistant	Construction	95990	υπηρετην	1
127131	γραμματεύς	γραμματευς	Scribe	Writing and the Book Trade	30120	γραμματεα	1
127136	ὑπηρετής	υπηρετης	Architect’s assistant	Construction	95990	υπηρετας	1
127136	ἱεροποιός	ιεροποιος	Sacrificer	Miscellaneous	14990	ιεροποιων	1
127138	χρυσώτής	χρυσωτης	Gilder	Metalwork	72110	χρυσωται	1
127177	ἔμπορος	εμπορος	Maritime trader	Seafaring/Maritime	41110	εμποροι	1
127177	γραμματεύς	γραμματευς	Scribe	Writing and the Book Trade	30120	γραμματεα	1
127179	μουσικός	μουσικος	Musician	Drama and Entertainment	17320	μουσικον	1
127269	ἔμπορος	εμπορος	Maritime trader	Seafaring/Maritime	41110	εμποροι|εμπορων	2
127284	ὑπηρετής	υπηρετης	Architect’s assistant	Construction	95990	υπηρετης	1
127312	γραμματεύς	γραμματευς	Scribe	Writing and the Book Trade	30120	γραμματεα	1
127313	ἱερεύς 	ιερευς 	Priest, sacrificer	Miscellaneous	14990	ιερευς 	1
127340	ἱερεύς 	ιερευς 	Priest, sacrificer	Miscellaneous	14990	ιερευς 	1
127402	διδάσκαλος	διδασκαλος	Teacher	Education and Training	13130	διδασκαλους|διδασκαλων	2
127402	ὁπλομάχος	οπλομαχος	Weapons trainer	Education and Training	18190	οπλομαχον	1
127402	παιδοτρίβης	παιδοτριβης	Physical trainer	Education and Training	18190	παιδοτριβην	1
127402	γραμματεύς	γραμματευς	Scribe	Writing and the Book Trade	30120	γραμματεα	1
127404	παιδοτρίβης	παιδοτριβης	Physical trainer	Education and Training	18190	παιδοτριβην	1
127414	γραμματεύς	γραμματευς	Scribe	Writing and the Book Trade	30120	γραμματεα	1
127539	γραμματεύς	γραμματευς	Scribe	Writing and the Book Trade	30120	γραμματεα	1
127625	γραμματεύς	γραμματευς	Scribe	Writing and the Book Trade	30120	γραμματεα	1
127635	ἱππικός	ιππικος	Riding trainer	Education and Training	18190	ιππικον|ιππικου	2
127635	γραμματεύς	γραμματευς	Scribe	Writing and the Book Trade	30120	γραμματεα	1
127637	διδάσκαλος	διδασκαλος	Teacher	Education and Training	13130	διδασκαλοις	1
127639	γραμματεύς	γραμματευς	Scribe	Writing and the Book Trade	30120	γραμματεα	1
127640	ἱεροποιός	ιεροποιος	Sacrificer	Miscellaneous	14990	ιεροποιοι|ιεροποιοις	2
127640	ἱερεύς 	ιερευς 	Priest, sacrificer	Miscellaneous	14990	ιερευς 	1
127643	γραμματεύς	γραμματευς	Scribe	Writing and the Book Trade	30120	γραμματεα	1
127656	ἀρχιτέκτων	αρχιτεκτων	Architect	Construction	2120	αρχιτεκτονες	1
127658	ἱππικός	ιππικος	Riding trainer	Education and Training	18190	ιππικου	1
127658	γραμματεύς	γραμματευς	Scribe	Writing and the Book Trade	30120	γραμματεις	1
127680	γραμματεύς	γραμματευς	Scribe	Writing and the Book Trade	30120	γραμματευς	1
127680	ἱερεύς 	ιερευς 	Priest, sacrificer	Miscellaneous	14990	ιερευς 	1
127681	ὑπηρετής	υπηρετης	Architect’s assistant	Construction	95990	υπηρετης	1
127681	γραμματεύς	γραμματευς	Scribe	Writing and the Book Trade	30120	γραμματευς	1
127682	γραμματεύς	γραμματευς	Scribe	Writing and the Book Trade	30120	γραμματευς	1
127684	γραμματεύς	γραμματευς	Scribe	Writing and the Book Trade	30120	γραμματευς	1
127692	παιδοτρίβης	παιδοτριβης	Physical trainer	Education and Training	18190	παιδοτριβης	1
127692	γραμματεύς	γραμματευς	Scribe	Writing and the Book Trade	30120	γραμματευς	1
127718	γραμματεύς	γραμματευς	Scribe	Writing and the Book Trade	30120	γραμματευς	1
127724	ὑπηρετής	υπηρετης	Architect’s assistant	Construction	95990	υπηρετης	1
127739	φιλόσοφος	φιλοσοφος	Philosopher/sophist	Education and Training	19190	φιλοσοφων	1
127739	ἱερεύς 	ιερευς 	Priest, sacrificer	Miscellaneous	14990	ιερευς 	1
127790	ἱερεύς 	ιερευς 	Priest, sacrificer	Miscellaneous	14990	ιερευς 	1
127796	ἱερεύς 	ιερευς 	Priest, sacrificer	Miscellaneous	14990	ιερευς 	1
127803	ἱερεύς 	ιερευς 	Priest, sacrificer	Miscellaneous	14990	ιερευς 	1
127804	ἱερεύς 	ιερευς 	Priest, sacrificer	Miscellaneous	14990	ιερευς 	1
127961	γραμματικός	γραμματικος	Grammarian	Literature and Scholarship	13920	γραμματικων	1
127961	φιλόσοφος	φιλοσοφος	Philosopher/sophist	Education and Training	19190	φιλοσοφων	1
127965	ἱεροποιός	ιεροποιος	Sacrificer	Miscellaneous	14990	ιεροποιους	1
127968	γραμματεύς	γραμματευς	Scribe	Writing and the Book Trade	30120	γραμματεα	1
127975	πένταθλος	πενταθλος	Pentathlete	Sports and Competition	18990	πενταθλον	1
127993	ἰατρός	ιατρος	Doctor	Miscellaneous	6110	ιατρος	1
127998	ναύτης	ναυτης	Sailor	Seafaring/Maritime	98110	ναυτας	1
128008	γραμματεύς	γραμματευς	Scribe	Writing and the Book Trade	30120	γραμματεα	1
128027	ἱερεύς 	ιερευς 	Priest, sacrificer	Miscellaneous	14990	ιερευς 	1
128094	ἔμπορος	εμπορος	Maritime trader	Seafaring/Maritime	41110	εμποροι	1
128094	ναύκληρος	ναυκληρος	Shipmaster	Seafaring/Maritime	98110	ναυκληροι	1
128103	γεωργός	γεωργος	Farmer	Agriculture, Animal Husbandry	61110	γεωργοις	1
128103	ἱππικός	ιππικος	Riding trainer	Education and Training	18190	ιππικου	1
128104	γραμματεύς	γραμματευς	Scribe	Writing and the Book Trade	30120	γραμματευς	1
128131	ἱερεύς 	ιερευς 	Priest, sacrificer	Miscellaneous	14990	ιερευς 	1
128170	γραμματεύς	γραμματευς	Scribe	Writing and the Book Trade	30120	γραμματεα	1
128178	ἱππικός	ιππικος	Riding trainer	Education and Training	18190	ιππικου	1
128181	ἔμπορος	εμπορος	Maritime trader	Seafaring/Maritime	41110	εμπορον	1
128181	κριθοπώλης	κριθοπωλης	Grain Dealer	Food Preparation and Retail	41110	κριθοπωλην	1
128181	μυροπώλης	μυροπωλης	Perfume seller	Perfumes, Aromatics, and Nostrums	45190	μυροπωλην	1
128181	μυρόπωλις	μυροπωλις	Perfume seller	Perfumes, Aromatics, and Nostrums	45190	μυροπωλην	1
128181	ταλασιουργός	ταλασιουργος	Woolworker	Textiles	76990	ταλασιουργον	1
128181	ταριχοπώλης	ταριχοπωλης	Salt Fish Dealer	Food Preparation and Retail	45190	ταριχοπωλην	1
128181	τυροπώλης	τυροπωλης	Cheesemonger	Food Preparation and Retail	45190	τυροπωλην	1
128181	ἰατρός	ιατρος	Doctor	Miscellaneous	6110	ιατρον	1
128184	ἱεροποιός	ιεροποιος	Sacrificer	Miscellaneous	14990	ιεροποιοι	1
128291	ἀργυροκόπος	αργυροκοπος	Coin minter	Metalwork	72110	αργυροκοποις	1
128291	ἔμπορος	εμπορος	Maritime trader	Seafaring/Maritime	41110	εμποροις	1
128291	ναύκληρος	ναυκληρος	Shipmaster	Seafaring/Maritime	98110	ναυκληροις	1
128291	γραμματεύς	γραμματευς	Scribe	Writing and the Book Trade	30120	γραμματευς	1
128292	γραμματεύς	γραμματευς	Scribe	Writing and the Book Trade	30120	γραμματεα	1
128293	γραμματεύς	γραμματευς	Scribe	Writing and the Book Trade	30120	γραμματεα	1
128296	γραμματεύς	γραμματευς	Scribe	Writing and the Book Trade	30120	γραμματεα	1
128302	ἱερεύς 	ιερευς 	Priest, sacrificer	Miscellaneous	14990	ιερευς 	1
128303	ἱερεύς 	ιερευς 	Priest, sacrificer	Miscellaneous	14990	ιερευς 	1
128306	γραμματεύς	γραμματευς	Scribe	Writing and the Book Trade	30120	γραμματευς	1
128318	παιδοτρίβης	παιδοτριβης	Physical trainer	Education and Training	18190	παιδοτριβην	1
128454	γραμματεύς	γραμματευς	Scribe	Writing and the Book Trade	30120	γραμματεα	1
128457	ἀρχιτέκτων	αρχιτεκτων	Architect	Construction	2120	αρχιτεκτονα	1
128457	γραμματεύς	γραμματευς	Scribe	Writing and the Book Trade	30120	γραμματεα	1
128458	γραμματεύς	γραμματευς	Scribe	Writing and the Book Trade	30120	γραμματεα	1
128459	γραμματεύς	γραμματευς	Scribe	Writing and the Book Trade	30120	γραμματεα	1
128460	γραμματεύς	γραμματευς	Scribe	Writing and the Book Trade	30120	γραμματεα	1
128461	γραμματεύς	γραμματευς	Scribe	Writing and the Book Trade	30120	γραμματεα	1
128466	γραμματεύς	γραμματευς	Scribe	Writing and the Book Trade	30120	γραμματεα	1
128467	γραμματεύς	γραμματευς	Scribe	Writing and the Book Trade	30120	γραμματεα	1
128468	γραμματεύς	γραμματευς	Scribe	Writing and the Book Trade	30120	γραμματεα	1
128473	γραμματεύς	γραμματευς	Scribe	Writing and the Book Trade	30120	γραμματεα	1
128510	γραμματεύς	γραμματευς	Scribe	Writing and the Book Trade	30120	γραμματευς	1
128513	γραμματεύς	γραμματευς	Scribe	Writing and the Book Trade	30120	γραμματεα	1
128514	γραμματεύς	γραμματευς	Scribe	Writing and the Book Trade	30120	γραμματεα	1
128516	γραμματεύς	γραμματευς	Scribe	Writing and the Book Trade	30120	γραμματευς	1
128527	γραμματεύς	γραμματευς	Scribe	Writing and the Book Trade	30120	γραμματευς	1
128530	γραμματεύς	γραμματευς	Scribe	Writing and the Book Trade	30120	γραμματευς	1
128550	περιηγητής	περιηγητης	Traveler	Exploration and Travel	43190	περιηγητης	1
128550	ποιητής	ποιητης	Maker, poet	Literature and Scholarship	17150	ποιητην	1
128550	φιλόσοφος	φιλοσοφος	Philosopher/sophist	Education and Training	19190	φιλοσοφον	1
128550	ἰατρός	ιατρος	Doctor	Miscellaneous	6110	ιατρου	1
128550	ἱερεύς 	ιερευς 	Priest, sacrificer	Miscellaneous	14990	ιερευς 	1
128617	γραμματεύς	γραμματευς	Scribe	Writing and the Book Trade	30120	γραμματεα	1
128618	διδάσκαλος	διδασκαλος	Teacher	Education and Training	13130	διδασκαλοις	1
128618	ὁπλομάχος	οπλομαχος	Weapons trainer	Education and Training	18190	οπλομαχον	1
128618	παιδοτρίβης	παιδοτριβης	Physical trainer	Education and Training	18190	παιδοτριβην	1
128625	διδάσκαλος	διδασκαλος	Teacher	Education and Training	13130	διδασκαλος	1
128625	ὁπλομάχος	οπλομαχος	Weapons trainer	Education and Training	18190	οπλομαχος	1
128625	παιδοτρίβης	παιδοτριβης	Physical trainer	Education and Training	18190	παιδοτριβης	1
128625	ἱερεύς 	ιερευς 	Priest, sacrificer	Miscellaneous	14990	ιερευς 	1
128659	ἰατρός	ιατρος	Doctor	Miscellaneous	6110	ιατρος	1
128718	γραμματεύς	γραμματευς	Scribe	Writing and the Book Trade	30120	γραμματεα	1
128719	γραμματεύς	γραμματευς	Scribe	Writing and the Book Trade	30120	γραμματεα	1
128721	μουσικός	μουσικος	Musician	Drama and Entertainment	17320	μουσικοις|μουσικων	2
128721	ἱερεύς 	ιερευς 	Priest, sacrificer	Miscellaneous	14990	ιερευς 	1
128723	ἱερεύς 	ιερευς 	Priest, sacrificer	Miscellaneous	14990	ιερευς 	1
128724	ἱερεύς 	ιερευς 	Priest, sacrificer	Miscellaneous	14990	ιερευς 	1
128783	σοφιστής	σοφιστης	Philosopher/sophist	Education and Training	19190	σοφιστης	1
128813	ἔμπορος	εμπορος	Maritime trader	Seafaring/Maritime	41110	εμπορον	1
128840	γραμματεύς	γραμματευς	Scribe	Writing and the Book Trade	30120	γραμματει	1
128939	γραμματεύς	γραμματευς	Scribe	Writing and the Book Trade	30120	γραμματεα	1
128944	ἱπποδρόμος	ιπποδρομος	Charioteer	Sports and Competition	18990	ιπποδρομον	1
128952	γραμματεύς	γραμματευς	Scribe	Writing and the Book Trade	30120	γραμματεα	1
128953	ἱερεύς 	ιερευς 	Priest, sacrificer	Miscellaneous	14990	ιερευς 	1
128959	διδάσκαλος	διδασκαλος	Teacher	Education and Training	13130	διδασκαλους	1
128959	παιδοτρίβης	παιδοτριβης	Physical trainer	Education and Training	18190	παιδοτριβην	1
128961	ἀρχιτέκτων	αρχιτεκτων	Architect	Construction	2120	αρχιτεκτονα	1
128961	διδάσκαλος	διδασκαλος	Teacher	Education and Training	13130	διδασκαλους|διδασκαλων	2
128961	ὁπλομάχος	οπλομαχος	Weapons trainer	Education and Training	18190	οπλομαχον	1
128961	παιδοτρίβης	παιδοτριβης	Physical trainer	Education and Training	18190	παιδοτριβην	1
128961	γραμματεύς	γραμματευς	Scribe	Writing and the Book Trade	30120	γραμματεα	1
128962	παιδοτρίβης	παιδοτριβης	Physical trainer	Education and Training	18190	παιδοτριβην	1
128963	γραμματεύς	γραμματευς	Scribe	Writing and the Book Trade	30120	γραμματεα	1
128973	ἱππικός	ιππικος	Riding trainer	Education and Training	18190	ιππικου	1
128982	γραμματεύς	γραμματευς	Scribe	Writing and the Book Trade	30120	γραμματευς	1
128991	γραμματεύς	γραμματευς	Scribe	Writing and the Book Trade	30120	γραμματευς	1
128991	ἱερεύς 	ιερευς 	Priest, sacrificer	Miscellaneous	14990	ιερευς 	1
128994	ἱερεύς 	ιερευς 	Priest, sacrificer	Miscellaneous	14990	ιερευς 	1
128995	ἱερεύς 	ιερευς 	Priest, sacrificer	Miscellaneous	14990	ιερευς 	1
128996	γραμματεύς	γραμματευς	Scribe	Writing and the Book Trade	30120	γραμματευς	1
129016	χαλκοπώλης	χαλκοπωλης	Bronze dealer	Metalwork	45190	χαλκοπωλης	1
129089	γραμματεύς	γραμματευς	Scribe	Writing and the Book Trade	30120	γραμματευς	1
129114	γραμματεύς	γραμματευς	Scribe	Writing and the Book Trade	30120	γραμματεα	1
129120	γραμματεύς	γραμματευς	Scribe	Writing and the Book Trade	30120	γραμματεα	1
129121	γραμματεύς	γραμματευς	Scribe	Writing and the Book Trade	30120	γραμματεα	1
129130	διδάσκαλος	διδασκαλος	Teacher	Education and Training	13130	διδασκαλος	1
129130	ὁπλομάχος	οπλομαχος	Weapons trainer	Education and Training	18190	οπλομαχος	1
129130	γραμματεύς	γραμματευς	Scribe	Writing and the Book Trade	30120	γραμματευς	1
129130	ἰατρός	ιατρος	Doctor	Miscellaneous	6110	ιατρος	1
129130	ἱερεύς 	ιερευς 	Priest, sacrificer	Miscellaneous	14990	ιερευς 	1
129146	ἱερεύς 	ιερευς 	Priest, sacrificer	Miscellaneous	14990	ιερευς 	1
129152	ἰατρός	ιατρος	Doctor	Miscellaneous	6110	ιατρω	1
129190	γραμματεύς	γραμματευς	Scribe	Writing and the Book Trade	30120	γραμματεα	1
129222	ἀρχιτέκτων	αρχιτεκτων	Architect	Construction	2120	αρχιτεκτονι	1
129223	ἀρχιτέκτων	αρχιτεκτων	Architect	Construction	2120	αρχιτεκτονι	1
129223	στυππειοπλόκος	στυππειοπλοκος	Ropemaker	Textiles	75990	στυππειοπλοκω	1
129223	τέκτων	τεκτων	Carpenter/joiner	Woodwork	95110	τεκτονι	1
129223	λιθαγωγός	λιθαγωγος	Stone haulier	Transport	98310	λιθαγωγοις	1
129229	ἱερεύς 	ιερευς 	Priest, sacrificer	Miscellaneous	14990	ιερευς 	1
129231	ἱερεύς 	ιερευς 	Priest, sacrificer	Miscellaneous	14990	ιερευς 	1
129336	γραμματεύς	γραμματευς	Scribe	Writing and the Book Trade	30120	γραμματεα|γραμματευς	2
129341	ἱεροποιός	ιεροποιος	Sacrificer	Miscellaneous	14990	ιεροποιος|ιεροποιων	2
129492	γραμματεύς	γραμματευς	Scribe	Writing and the Book Trade	30120	γραμματεα	1
129501	ἱεροποιός	ιεροποιος	Sacrificer	Miscellaneous	14990	ιεροποιοι|ιεροποιος|ιεροποιων	3
129501	ἱερεύς 	ιερευς 	Priest, sacrificer	Miscellaneous	14990	ιερευς 	1
129502	γραμματεύς	γραμματευς	Scribe	Writing and the Book Trade	30120	γραμματευς	1
129505	γραμματεύς	γραμματευς	Scribe	Writing and the Book Trade	30120	γραμματευς	1
129592	ποιμήν	ποιμην	Shepherd	Agriculture, Animal Husbandry	61110	ποιμην	1
129646	γραμματεύς	γραμματευς	Scribe	Writing and the Book Trade	30120	γραμματει	1
129660	πένταθλος	πενταθλος	Pentathlete	Sports and Competition	18990	πενταθλον	1
129723	γραμματεύς	γραμματευς	Scribe	Writing and the Book Trade	30120	γραμματεα	1
129755	γραμματεύς	γραμματευς	Scribe	Writing and the Book Trade	30120	γραμματεα	1
129766	γραμματεύς	γραμματευς	Scribe	Writing and the Book Trade	30120	γραμματεα	1
129769	ἱερεύς 	ιερευς 	Priest, sacrificer	Miscellaneous	14990	ιερευς 	1
129772	ἱερεύς 	ιερευς 	Priest, sacrificer	Miscellaneous	14990	ιερευς 	1
129775	γραμματεύς	γραμματευς	Scribe	Writing and the Book Trade	30120	γραμματει	1
129777	ἱεροποιός	ιεροποιος	Sacrificer	Miscellaneous	14990	ιεροποιοι	1
129782	διδάσκαλος	διδασκαλος	Teacher	Education and Training	13130	διδασκαλον	1
129791	περιηγητής	περιηγητης	Traveler	Exploration and Travel	43190	περιηγητης	1
129791	ποιητής	ποιητης	Maker, poet	Literature and Scholarship	17150	ποιητην	1
129791	φιλόσοφος	φιλοσοφος	Philosopher/sophist	Education and Training	19190	φιλοσοφον	1
129791	ἰατρός	ιατρος	Doctor	Miscellaneous	6110	ιατρου	1
129791	ἱερεύς 	ιερευς 	Priest, sacrificer	Miscellaneous	14990	ιερευς 	1
129869	γραμματεύς	γραμματευς	Scribe	Writing and the Book Trade	30120	γραμματεα	1
129871	γραμματεύς	γραμματευς	Scribe	Writing and the Book Trade	30120	γραμματεα	1
129874	γραμματεύς	γραμματευς	Scribe	Writing and the Book Trade	30120	γραμματεα	1
129877	γραμματεύς	γραμματευς	Scribe	Writing and the Book Trade	30120	γραμματεα	1
129878	γραμματεύς	γραμματευς	Scribe	Writing and the Book Trade	30120	γραμματευς	1
129903	ἱερεύς 	ιερευς 	Priest, sacrificer	Miscellaneous	14990	ιερευς 	1
130022	ἱεροποιός	ιεροποιος	Sacrificer	Miscellaneous	14990	ιεροποιους	1
130032	γραμματεύς	γραμματευς	Scribe	Writing and the Book Trade	30120	γραμματεα	1
130034	γραμματεύς	γραμματευς	Scribe	Writing and the Book Trade	30120	γραμματεα	1
130035	γραμματεύς	γραμματευς	Scribe	Writing and the Book Trade	30120	γραμματεα	1
130044	διδάσκαλος	διδασκαλος	Teacher	Education and Training	13130	διδασκαλους	1
130047	ἡνίοχος	ηνιοχος	charioteer	Transport	98510	ηνιοχος	1
130076	ἱερεύς 	ιερευς 	Priest, sacrificer	Miscellaneous	14990	ιερευς 	1
130079	γραμματεύς	γραμματευς	Scribe	Writing and the Book Trade	30120	γραμματευς	1
130142	γραμματεύς	γραμματευς	Scribe	Writing and the Book Trade	30120	γραμματεων	1
130148	μουσικός	μουσικος	Musician	Drama and Entertainment	17320	μουσικον	1
130175	γραμματεύς	γραμματευς	Scribe	Writing and the Book Trade	30120	γραμματεως	1
130180	θεατής	θεατης	Spectator	Drama and Entertainment	17990	θεατας	1
130192	γραμματεύς	γραμματευς	Scribe	Writing and the Book Trade	30120	γραμματεων	1
130192	ἰατρός	ιατρος	Doctor	Miscellaneous	6110	ιατρος	1
130194	γραμματεύς	γραμματευς	Scribe	Writing and the Book Trade	30120	γραμματεων	1
130196	γραμματεύς	γραμματευς	Scribe	Writing and the Book Trade	30120	γραμματεων	1
130197	ἱερεύς 	ιερευς 	Priest, sacrificer	Miscellaneous	14990	ιερευς 	1
130201	γραμματεύς	γραμματευς	Scribe	Writing and the Book Trade	30120	γραμματεων	1
130202	γραμματεύς	γραμματευς	Scribe	Writing and the Book Trade	30120	γραμματεων	1
130208	κιθαριστής	κιθαριστης	Kithara teacher/player	Education and Training	13920	κιθαριστης	1
130209	κιθαριστής	κιθαριστης	Kithara teacher/player	Education and Training	13920	κιθαριστης	1
130211	διδάσκαλος	διδασκαλος	Teacher	Education and Training	13130	διδασκαλω	1
130219	ἱερεύς 	ιερευς 	Priest, sacrificer	Miscellaneous	14990	ιερευς 	1
130220	ἱερεύς 	ιερευς 	Priest, sacrificer	Miscellaneous	14990	ιερευς 	1
130235	ἰατρός	ιατρος	Doctor	Miscellaneous	6110	ιατρος	1
130237	διδάσκαλος	διδασκαλος	Teacher	Education and Training	13130	διδασκαλος	1
130237	ποιητής	ποιητης	Maker, poet	Literature and Scholarship	17150	ποιητης	1
130239	γραμματεύς	γραμματευς	Scribe	Writing and the Book Trade	30120	γραμματεως	1
130246	ἱερεύς 	ιερευς 	Priest, sacrificer	Miscellaneous	14990	ιερευς 	1
130247	ἱερεύς 	ιερευς 	Priest, sacrificer	Miscellaneous	14990	ιερευς 	1
130248	ἱερεύς 	ιερευς 	Priest, sacrificer	Miscellaneous	14990	ιερευς 	1
130249	ἱερεύς 	ιερευς 	Priest, sacrificer	Miscellaneous	14990	ιερευς 	1
130250	ἱερεύς 	ιερευς 	Priest, sacrificer	Miscellaneous	14990	ιερευς 	1
130253	ἱερεύς 	ιερευς 	Priest, sacrificer	Miscellaneous	14990	ιερευς 	1
130255	ἱερεύς 	ιερευς 	Priest, sacrificer	Miscellaneous	14990	ιερευς 	1
130258	ἱερεύς 	ιερευς 	Priest, sacrificer	Miscellaneous	14990	ιερευς 	1
130260	γραμματεύς	γραμματευς	Scribe	Writing and the Book Trade	30120	γραμματευς	1
130267	γραμματεύς	γραμματευς	Scribe	Writing and the Book Trade	30120	γραμματεων	1
130268	ἱερεύς 	ιερευς 	Priest, sacrificer	Miscellaneous	14990	ιερευς 	1
130269	ἱερεύς 	ιερευς 	Priest, sacrificer	Miscellaneous	14990	ιερευς 	1
130272	διδάσκαλος	διδασκαλος	Teacher	Education and Training	13130	διδασκαλος	1
130272	ἱερεύς 	ιερευς 	Priest, sacrificer	Miscellaneous	14990	ιερευς 	1
130273	ἱερεύς 	ιερευς 	Priest, sacrificer	Miscellaneous	14990	ιερευς 	1
130274	ἱερεύς 	ιερευς 	Priest, sacrificer	Miscellaneous	14990	ιερευς 	1
130275	ἱερεύς 	ιερευς 	Priest, sacrificer	Miscellaneous	14990	ιερευς 	1
130276	ἱερεύς 	ιερευς 	Priest, sacrificer	Miscellaneous	14990	ιερευς 	1
130286	μουσικός	μουσικος	Musician	Drama and Entertainment	17320	μουσικος	1
130297	χρησμολόγος	χρησμολογος	oracle interpreter	Education and Training	14990	χρησμολογος	1
130336	διδάσκαλος	διδασκαλος	Teacher	Education and Training	13130	διδασκαλος	1
130338	γραμματεύς	γραμματευς	Scribe	Writing and the Book Trade	30120	γραμματεως	1
130343	διδάσκαλος	διδασκαλος	Teacher	Education and Training	13130	διδασκαλος	1
130343	ποιητής	ποιητης	Maker, poet	Literature and Scholarship	17150	ποιητης	1
130343	ἱερεύς 	ιερευς 	Priest, sacrificer	Miscellaneous	14990	ιερευς 	1
130344	διδάσκαλος	διδασκαλος	Teacher	Education and Training	13130	διδασκαλος	1
130346	ἱερεύς 	ιερευς 	Priest, sacrificer	Miscellaneous	14990	ιερευς 	1
130350	ἱερεύς 	ιερευς 	Priest, sacrificer	Miscellaneous	14990	ιερευς 	1
130356	ἀρχιτέκτων	αρχιτεκτων	Architect	Construction	2120	αρχιτεκτονα	1
130357	μουσικός	μουσικος	Musician	Drama and Entertainment	17320	μουσικον	1
130506	ἱερεύς 	ιερευς 	Priest, sacrificer	Miscellaneous	14990	ιερευς 	1
130511	ἱερεύς 	ιερευς 	Priest, sacrificer	Miscellaneous	14990	ιερευς 	1
130512	ἱερεύς 	ιερευς 	Priest, sacrificer	Miscellaneous	14990	ιερευς 	1
130513	ἱερεύς 	ιερευς 	Priest, sacrificer	Miscellaneous	14990	ιερευς 	1
130514	ἱερεύς 	ιερευς 	Priest, sacrificer	Miscellaneous	14990	ιερευς 	1
130515	ἱερεύς 	ιερευς 	Priest, sacrificer	Miscellaneous	14990	ιερευς 	1
130516	ἱερεύς 	ιερευς 	Priest, sacrificer	Miscellaneous	14990	ιερευς 	1
130517	ἱερεύς 	ιερευς 	Priest, sacrificer	Miscellaneous	14990	ιερευς 	1
130518	ἱερεύς 	ιερευς 	Priest, sacrificer	Miscellaneous	14990	ιερευς 	1
130519	ἱερεύς 	ιερευς 	Priest, sacrificer	Miscellaneous	14990	ιερευς 	1
130520	ἱερεύς 	ιερευς 	Priest, sacrificer	Miscellaneous	14990	ιερευς 	1
130658	ἰατρός	ιατρος	Doctor	Miscellaneous	6110	ιατρου	1
130717	χρυσόχοος	χρυσοχοος	Goldsmith	Metalwork	72110	χρυσοχοος	1
130765	ναύκληρος	ναυκληρος	Shipmaster	Seafaring/Maritime	98110	ναυκληρος	1
130796	ἰατρός	ιατρος	Doctor	Miscellaneous	6110	ιατρω	1
130891	ἱππικός	ιππικος	Riding trainer	Education and Training	18190	ιππικοι	1
131009	λιθουργός	λιθουργος	Stonemason	Stonework	82120	λιθουργος	1
131030	γραμματεύς	γραμματευς	Scribe	Writing and the Book Trade	30120	γραμματευς	1
131076	διδάσκαλος	διδασκαλος	Teacher	Education and Training	13130	διδασκαλου	1
131110	γραμματεύς	γραμματευς	Scribe	Writing and the Book Trade	30120	γραμματεα|γραμματευς	2
131147	ψηφοθέτης	ψηφοθετης	Mosaicer, maker of mosaic	Stonework	16190	ψηφοθεται	1
131200	γραμματεύς	γραμματευς	Scribe	Writing and the Book Trade	30120	γραμματεα|γραμματει|γραμματεως	3
131201	γραμματεύς	γραμματευς	Scribe	Writing and the Book Trade	30120	γραμματεα	1
131244	γραμματεύς	γραμματευς	Scribe	Writing and the Book Trade	30120	γραμματευς	1
131261	ἱεροποιός	ιεροποιος	Sacrificer	Miscellaneous	14990	ιεροποιου	1
131430	γεωμέτρης	γεωμετρης	Surveyor	Construction	6145	γεωμετρην	1
131440	γεωμέτρης	γεωμετρης	Surveyor	Construction	6145	γεωμετρης	1
131517	γραμματεύς	γραμματευς	Scribe	Writing and the Book Trade	30120	γραμματεα|γραμματει	2
131546	ὑπηρετής	υπηρετης	Architect’s assistant	Construction	95990	υπηρετης	1
131562	βούκολος	βουκολος	Cowherd	Agriculture, Animal Husbandry	61110	βουκολων	1
131784	γραφεύς	γραφευς	Scrivener/copyist	Writing and the Book Trade	30120	γραφει	1
131789	διδάσκαλος	διδασκαλος	Teacher	Education and Training	13130	διδασκαλος	1
132196	γραμματεύς	γραμματευς	Scribe	Writing and the Book Trade	30120	γραμματεα|γραμματει	2
132241	γραμματεύς	γραμματευς	Scribe	Writing and the Book Trade	30120	γραμματει	1
135139	πρίστης	πριστης	Sawyer	Woodwork	73990	πρισται	1
135786	ἰατρός	ιατρος	Doctor	Miscellaneous	6110	ιατρος	1
135787	ἰατρός	ιατρος	Doctor	Miscellaneous	6110	ιατρος	1
135788	ἰατρός	ιατρος	Doctor	Miscellaneous	6110	ιατρος	1
135868	ἀρχιτέκτων	αρχιτεκτων	Architect	Construction	2120	αρχιτεκτονα	1
135868	χαλκεύς	χαλκευς	Smith	Metalwork	72110	χαλκεων	1
135882	γραμματεύς	γραμματευς	Scribe	Writing and the Book Trade	30120	γραμματευς	1
135898	ἱερεύς 	ιερευς 	Priest, sacrificer	Miscellaneous	14990	ιερευς 	1
135916	ἱερεύς 	ιερευς 	Priest, sacrificer	Miscellaneous	14990	ιερευς 	1
136110	γναφεύς	γναφευς	Fuller	Textiles	75140	γναφευς	1
136110	χαλκεύς	χαλκευς	Smith	Metalwork	72110	χαλκευς	1
136110	ἱερεύς 	ιερευς 	Priest, sacrificer	Miscellaneous	14990	ιερευς 	1
136400	γραμματεύς	γραμματευς	Scribe	Writing and the Book Trade	30120	γραμματευς	1
136409	ποιητής	ποιητης	Maker, poet	Literature and Scholarship	17150	ποιηται	1
136413	ἱερεύς 	ιερευς 	Priest, sacrificer	Miscellaneous	14990	ιερευς 	1
136415	γραμματεύς	γραμματευς	Scribe	Writing and the Book Trade	30120	γραμματευς	1
136447	γραμματεύς	γραμματευς	Scribe	Writing and the Book Trade	30120	γραμματεων	1
136448	γραμματεύς	γραμματευς	Scribe	Writing and the Book Trade	30120	γραμματευσι|γραμματεων	2
136459	ἱερεύς 	ιερευς 	Priest, sacrificer	Miscellaneous	14990	ιερευς 	1
136488	ἱερεύς 	ιερευς 	Priest, sacrificer	Miscellaneous	14990	ιερευς 	1
136506	ἱερεύς 	ιερευς 	Priest, sacrificer	Miscellaneous	14990	ιερευς 	1
136507	ἱερεύς 	ιερευς 	Priest, sacrificer	Miscellaneous	14990	ιερευς 	1
136513	ἱερεύς 	ιερευς 	Priest, sacrificer	Miscellaneous	14990	ιερευς 	1
136514	ἀρχιτέκτων	αρχιτεκτων	Architect	Construction	2120	αρχιτεκτων	1
136514	γεωμέτρης	γεωμετρης	Surveyor	Construction	6145	γεωμετρης	1
136530	ἱερεύς 	ιερευς 	Priest, sacrificer	Miscellaneous	14990	ιερευς 	1
136555	γραμματεύς	γραμματευς	Scribe	Writing and the Book Trade	30120	γραμματευς	1
136555	ἱερεύς 	ιερευς 	Priest, sacrificer	Miscellaneous	14990	ιερευς 	1
136628	γραμματεύς	γραμματευς	Scribe	Writing and the Book Trade	30120	γραμματεων	1
136674	φιλόσοφος	φιλοσοφος	Philosopher/sophist	Education and Training	19190	φιλοσοφου	1
136675	βούκολος	βουκολος	Cowherd	Agriculture, Animal Husbandry	61110	βουκολοι	1
136677	ἀρχιτέκτων	αρχιτεκτων	Architect	Construction	2120	αρχιτεκτων	1
136677	γραμματεύς	γραμματευς	Scribe	Writing and the Book Trade	30120	γραμματευς	1
136769	γραμματεύς	γραμματευς	Scribe	Writing and the Book Trade	30120	γραμματεως	1
136796	γραμματεύς	γραμματευς	Scribe	Writing and the Book Trade	30120	γραμματει	1
137522	γραμματεύς	γραμματευς	Scribe	Writing and the Book Trade	30120	γραμματευς	1
137522	ἱερεύς 	ιερευς 	Priest, sacrificer	Miscellaneous	14990	ιερευς 	1
137553	σοφιστής	σοφιστης	Philosopher/sophist	Education and Training	19190	σοφιστην	1
137554	φιλόσοφος	φιλοσοφος	Philosopher/sophist	Education and Training	19190	φιλοσοφον	1
137556	φιλόσοφος	φιλοσοφος	Philosopher/sophist	Education and Training	19190	φιλοσοφον	1
137557	σοφιστής	σοφιστης	Philosopher/sophist	Education and Training	19190	σοφιστην	1
137574	ἱερεύς 	ιερευς 	Priest, sacrificer	Miscellaneous	14990	ιερευς 	1
137670	ἱερεύς 	ιερευς 	Priest, sacrificer	Miscellaneous	14990	ιερευς 	1
137715	γραμματεύς	γραμματευς	Scribe	Writing and the Book Trade	30120	γραμματει	1
137718	ποιητής	ποιητης	Maker, poet	Literature and Scholarship	17150	ποιητης	1
137718	γραμματεύς	γραμματευς	Scribe	Writing and the Book Trade	30120	γραμματεις	1
137730	ζευγότροφος	ζευγοτροφος	Teamster	Agriculture, Animal Husbandry	61110	ζευγοτροφων	1
137739	ἀρχιτέκτων	αρχιτεκτων	Architect	Construction	2120	αρχιτεκτονα	1
137739	γραμματεύς	γραμματευς	Scribe	Writing and the Book Trade	30120	γραμματεα	1
137742	γραμματεύς	γραμματευς	Scribe	Writing and the Book Trade	30120	γραμματεα	1
137749	ὑπηρετής	υπηρετης	Architect’s assistant	Construction	95990	υπηρετας	1
137750	ἀρχιτέκτων	αρχιτεκτων	Architect	Construction	2120	αρχιτεκτων	1
137750	γραμματεύς	γραμματευς	Scribe	Writing and the Book Trade	30120	γραμματεα	1
137752	γραμματεύς	γραμματευς	Scribe	Writing and the Book Trade	30120	γραμματεα	1
137758	ὑπηρετής	υπηρετης	Architect’s assistant	Construction	95990	υπηρετων	1
137758	γραμματεύς	γραμματευς	Scribe	Writing and the Book Trade	30120	γραμματεα	1
137763	ἱπποδρόμος	ιπποδρομος	Charioteer	Sports and Competition	18990	ιπποδρομον|ιπποδρομου	2
137763	πένταθλος	πενταθλος	Pentathlete	Sports and Competition	18990	πενταθλοις	1
137776	γραμματεύς	γραμματευς	Scribe	Writing and the Book Trade	30120	γραμματεα	1
137783	γραμματεύς	γραμματευς	Scribe	Writing and the Book Trade	30120	γραμματεα	1
137792	χαλκεύς	χαλκευς	Smith	Metalwork	72110	χαλκεας	1
137792	γραμματεύς	γραμματευς	Scribe	Writing and the Book Trade	30120	γραμματεα	1
137794	χαλκεύς	χαλκευς	Smith	Metalwork	72110	χαλκεας	1
137794	γραμματεύς	γραμματευς	Scribe	Writing and the Book Trade	30120	γραμματεα	1
137795	χαλκεύς	χαλκευς	Smith	Metalwork	72110	χαλκεας	1
137796	γραμματεύς	γραμματευς	Scribe	Writing and the Book Trade	30120	γραμματεα	1
137798	γραμματεύς	γραμματευς	Scribe	Writing and the Book Trade	30120	γραμματεα	1
137799	γραμματεύς	γραμματευς	Scribe	Writing and the Book Trade	30120	γραμματεα	1
137801	γραμματεύς	γραμματευς	Scribe	Writing and the Book Trade	30120	γραμματεα	1
137804	γραμματεύς	γραμματευς	Scribe	Writing and the Book Trade	30120	γραμματεα	1
137806	γραμματεύς	γραμματευς	Scribe	Writing and the Book Trade	30120	γραμματεα	1
137808	γραμματεύς	γραμματευς	Scribe	Writing and the Book Trade	30120	γραμματεα	1
137814	ἱππικός	ιππικος	Riding trainer	Education and Training	18190	ιππικον	1
137814	μουσικός	μουσικος	Musician	Drama and Entertainment	17320	μουσικον	1
137815	ἱπποδρόμος	ιπποδρομος	Charioteer	Sports and Competition	18990	ιπποδρομου	1
137821	ποιητής	ποιητης	Maker, poet	Literature and Scholarship	17150	ποιητην	1
137821	ὑποδιδάσκαλος	υποδιδασκαλος	Teacher’s assistant	Education and Training	13990	υποδιδασκαλον	1
137822	ποιητής	ποιητης	Maker, poet	Literature and Scholarship	17150	ποιητην|ποιητων	2
137822	γραμματεύς	γραμματευς	Scribe	Writing and the Book Trade	30120	γραμματεως	1
137825	γραμματεύς	γραμματευς	Scribe	Writing and the Book Trade	30120	γραμματευς	1
137841	γραμματεύς	γραμματευς	Scribe	Writing and the Book Trade	30120	γραμματεα	1
137869	ἱερεύς 	ιερευς 	Priest, sacrificer	Miscellaneous	14990	ιερευς 	1
137873	σοφιστής	σοφιστης	Philosopher/sophist	Education and Training	19190	σοφιστην	1
137874	διδάσκαλος	διδασκαλος	Teacher	Education and Training	13130	διδασκαλον	1
137874	σοφιστής	σοφιστης	Philosopher/sophist	Education and Training	19190	σοφιστην	1
137898	γραμματεύς	γραμματευς	Scribe	Writing and the Book Trade	30120	γραμματεων	1
137915	ἱππικός	ιππικος	Riding trainer	Education and Training	18190	ιππικων	1
137949	γναφεύς	γναφευς	Fuller	Textiles	75140	γναφει	1
137972	γεωργός	γεωργος	Farmer	Agriculture, Animal Husbandry	61110	γεωργοι	1
138113	ἱερεύς 	ιερευς 	Priest, sacrificer	Miscellaneous	14990	ιερευς 	1
138225	κοπιάτης	κοπιατης	Grave-digger, sexton	Miscellaneous	54990	κοπιατας	1
138230	φιλόσοφος	φιλοσοφος	Philosopher/sophist	Education and Training	19190	φιλοσοφον	1
138231	φιλόσοφος	φιλοσοφος	Philosopher/sophist	Education and Training	19190	φιλοσοφον	1
138346	ἱερεύς 	ιερευς 	Priest, sacrificer	Miscellaneous	14990	ιερευς 	1
138491	ἱερεύς 	ιερευς 	Priest, sacrificer	Miscellaneous	14990	ιερευς 	1
138723	ναύτης	ναυτης	Sailor	Seafaring/Maritime	98110	ναυτων	1
138859	ἰατρός	ιατρος	Doctor	Miscellaneous	6110	ιατρον	1
139004	γραμματεύς	γραμματευς	Scribe	Writing and the Book Trade	30120	γραμματεα	1
139019	ἔμπορος	εμπορος	Maritime trader	Seafaring/Maritime	41110	εμποροι	1
139020	ἔμπορος	εμπορος	Maritime trader	Seafaring/Maritime	41110	εμπορους	1
139022	ἔμπορος	εμπορος	Maritime trader	Seafaring/Maritime	41110	εμποροις	1
139025	ἔμπορος	εμπορος	Maritime trader	Seafaring/Maritime	41110	εμποροι	1
139031	ἔμπορος	εμπορος	Maritime trader	Seafaring/Maritime	41110	εμποροι	1
139034	ἔμπορος	εμπορος	Maritime trader	Seafaring/Maritime	41110	εμποροι	1
139035	ἔμπορος	εμπορος	Maritime trader	Seafaring/Maritime	41110	εμποροι	1
139069	ἔμπορος	εμπορος	Maritime trader	Seafaring/Maritime	41110	εμποροι	1
139072	ἔμπορος	εμπορος	Maritime trader	Seafaring/Maritime	41110	εμποροι	1
139073	ἔμπορος	εμπορος	Maritime trader	Seafaring/Maritime	41110	εμποροις	1
139076	ἔμπορος	εμπορος	Maritime trader	Seafaring/Maritime	41110	εμποροι	1
139077	ἔμπορος	εμπορος	Maritime trader	Seafaring/Maritime	41110	εμποροι	1
139078	ἔμπορος	εμπορος	Maritime trader	Seafaring/Maritime	41110	εμπορων	1
139091	ἰατρός	ιατρος	Doctor	Miscellaneous	6110	ιατρος	1
139173	γραμματεύς	γραμματευς	Scribe	Writing and the Book Trade	30120	γραμματεως	1
139190	ἱππικός	ιππικος	Riding trainer	Education and Training	18190	ιππικος	1
139207	κεραμεύς	κεραμευς	Potter	Ceramics	89120	κεραμεων	1
139284	ἱππικός	ιππικος	Riding trainer	Education and Training	18190	ιππικου	1
139285	ἱππικός	ιππικος	Riding trainer	Education and Training	18190	ιππικου	1
139321	πένταθλος	πενταθλος	Pentathlete	Sports and Competition	18990	πενταθλος	1
139431	ποιμήν	ποιμην	Shepherd	Agriculture, Animal Husbandry	61110	ποιμην	1
139447	γραφεύς	γραφευς	Scrivener/copyist	Writing and the Book Trade	30120	γραφεις	1
139447	ποιμήν	ποιμην	Shepherd	Agriculture, Animal Husbandry	61110	ποιμην	1
139452	χρυσόχοος	χρυσοχοος	Goldsmith	Metalwork	72110	χρυσοχοου	1
139838	ἱερεύς 	ιερευς 	Priest, sacrificer	Miscellaneous	14990	ιερευς 	1
139878	ἀρχιτέκτων	αρχιτεκτων	Architect	Construction	2120	αρχιτεκτων	1
139891	ὑποκριτής	υποκριτης	Actor	Drama and Entertainment	17120	υποκριτην	1
139892	ἱερεύς 	ιερευς 	Priest, sacrificer	Miscellaneous	14990	ιερευς 	1
140029	γραμματεύς	γραμματευς	Scribe	Writing and the Book Trade	30120	γραμματεα	1
140112	οἰκοδομος	οικοδομος	Builder	Construction	95110	οικοδομος	1
140249	κεραμεύς	κεραμευς	Potter	Ceramics	89120	κεραμευς	1
140452	ἱππικός	ιππικος	Riding trainer	Education and Training	18190	ιππικον	1
141461	ἱερεύς 	ιερευς 	Priest, sacrificer	Miscellaneous	14990	ιερευς 	1
141863	γραμματιστής	γραμματιστης	Elementary school teacher	Education and Training	13130	γραμματιστα	1
141864	γραμματιστής	γραμματιστης	Elementary school teacher	Education and Training	13130	γραμματιστα	1
141884	φιλόσοφος	φιλοσοφος	Philosopher/sophist	Education and Training	19190	φιλοσοφον	1
141892	γραμματεύς	γραμματευς	Scribe	Writing and the Book Trade	30120	γραμματευς	1
141894	γραμματεύς	γραμματευς	Scribe	Writing and the Book Trade	30120	γραμματευς	1
142060	ἱερεύς 	ιερευς 	Priest, sacrificer	Miscellaneous	14990	ιερευς 	1
142069	ἁλιεύς	αλιευς	Fisherman	Seafaring/Maritime	64110	αλιεις	1
142070	ἰατρός	ιατρος	Doctor	Miscellaneous	6110	ιατρον	1
142076	ἱερεύς 	ιερευς 	Priest, sacrificer	Miscellaneous	14990	ιερευς 	1
142081	ὑπηρετής	υπηρετης	Architect’s assistant	Construction	95990	υπηρεται	1
142081	ἱερεύς 	ιερευς 	Priest, sacrificer	Miscellaneous	14990	ιερευς 	1
142095	γεωργός	γεωργος	Farmer	Agriculture, Animal Husbandry	61110	γεωργοις	1
142095	ἱππικός	ιππικος	Riding trainer	Education and Training	18190	ιππικου	1
142108	ἱεροποιός	ιεροποιος	Sacrificer	Miscellaneous	14990	ιεροποιους	1
142113	γραμματεύς	γραμματευς	Scribe	Writing and the Book Trade	30120	γραμματεα	1
142118	γραμματεύς	γραμματευς	Scribe	Writing and the Book Trade	30120	γραμματεα	1
142119	γραμματεύς	γραμματευς	Scribe	Writing and the Book Trade	30120	γραμματεα	1
142124	ὑπηρετής	υπηρετης	Architect’s assistant	Construction	95990	υπηρετας	1
142124	ἱεροποιός	ιεροποιος	Sacrificer	Miscellaneous	14990	ιεροποιων	1
142125	γραμματεύς	γραμματευς	Scribe	Writing and the Book Trade	30120	γραμματεα	1
142126	γραμματεύς	γραμματευς	Scribe	Writing and the Book Trade	30120	γραμματευς	1
142147	ἱεροποιός	ιεροποιος	Sacrificer	Miscellaneous	14990	ιεροποιους	1
142152	ἱεροποιός	ιεροποιος	Sacrificer	Miscellaneous	14990	ιεροποιους	1
142171	ἱεροποιός	ιεροποιος	Sacrificer	Miscellaneous	14990	ιεροποιων	1
142175	ἱερεύς 	ιερευς 	Priest, sacrificer	Miscellaneous	14990	ιερευς 	1
142195	διδάσκαλος	διδασκαλος	Teacher	Education and Training	13130	διδασκαλους	1
142262	γραμματεύς	γραμματευς	Scribe	Writing and the Book Trade	30120	γραμματεα	1
142265	ἰατρός	ιατρος	Doctor	Miscellaneous	6110	ιατρω	1
142276	ἱεροποιός	ιεροποιος	Sacrificer	Miscellaneous	14990	ιεροποιοις	1
142555	ναύκληρος	ναυκληρος	Shipmaster	Seafaring/Maritime	98110	ναυκληρος	1
142695	ἱππικός	ιππικος	Riding trainer	Education and Training	18190	ιππικος	1
142807	ἱππικός	ιππικος	Riding trainer	Education and Training	18190	ιππικου	1
142853	ἱερεύς 	ιερευς 	Priest, sacrificer	Miscellaneous	14990	ιερευς 	1
143329	γραμματεύς	γραμματευς	Scribe	Writing and the Book Trade	30120	γραμματευς	1
143556	ἰατρός	ιατρος	Doctor	Miscellaneous	6110	ιατρος	1
143566	λιθουργός	λιθουργος	Stonemason	Stonework	82120	λιθουργος	1
143571	γεωργός	γεωργος	Farmer	Agriculture, Animal Husbandry	61110	γεωργοις	1
143592	ἀρχιτέκτων	αρχιτεκτων	Architect	Construction	2120	αρχιτεκτονα	1
143614	ἰατρός	ιατρος	Doctor	Miscellaneous	6110	ιατρον	1
143643	διδάσκαλος	διδασκαλος	Teacher	Education and Training	13130	διδασκαλος	1
143644	διδάσκαλος	διδασκαλος	Teacher	Education and Training	13130	διδασκαλον	1
143648	ἀρχιτέκτων	αρχιτεκτων	Architect	Construction	2120	αρχιτεκτονες	1
143650	ἱερεύς 	ιερευς 	Priest, sacrificer	Miscellaneous	14990	ιερευς 	1
143678	ἱερεύς 	ιερευς 	Priest, sacrificer	Miscellaneous	14990	ιερευς 	1
143688	γραμματεύς	γραμματευς	Scribe	Writing and the Book Trade	30120	γραμματεα	1
143700	γραμματεύς	γραμματευς	Scribe	Writing and the Book Trade	30120	γραμματεα	1
143721	γραμματεύς	γραμματευς	Scribe	Writing and the Book Trade	30120	γραμματεως	1
143825	ἁλιεύς	αλιευς	Fisherman	Seafaring/Maritime	64110	αλιευς	1
143957	ἰατρός	ιατρος	Doctor	Miscellaneous	6110	ιατρος	1
143962	οἰκοδομος	οικοδομος	Builder	Construction	95110	οικοδομος	1
143996	πένταθλος	πενταθλος	Pentathlete	Sports and Competition	18990	πενταθλον|πενταθλους	2
143998	ἰατρός	ιατρος	Doctor	Miscellaneous	6110	ιατρον	1
144193	ἰατρός	ιατρος	Doctor	Miscellaneous	6110	ιατρος	1
144233	ναυπηγός	ναυπηγος	Shipwright	Woodwork	73210	ναυπηγου	1
144237	ἱππικός	ιππικος	Riding trainer	Education and Training	18190	ιππικον	1
144238	ἱππικός	ιππικος	Riding trainer	Education and Training	18190	ιππικον	1
144241	λινουργός	λινουργος	Linen worker	Textiles	75130	λινουργων	1
144247	ἱερεύς 	ιερευς 	Priest, sacrificer	Miscellaneous	14990	ιερευς 	1
144258	πένταθλος	πενταθλος	Pentathlete	Sports and Competition	18990	πενταθλον|πενταθλος	2
144266	χαλκεύς	χαλκευς	Smith	Metalwork	72110	χαλκευς	1
144990	τέκτων	τεκτων	Carpenter/joiner	Woodwork	95110	τεκτονα	1
145193	γραμματεύς	γραμματευς	Scribe	Writing and the Book Trade	30120	γραμματευς	1
145291	γραμματεύς	γραμματευς	Scribe	Writing and the Book Trade	30120	γραμματεις|γραμματευς	2
145581	μουσικός	μουσικος	Musician	Drama and Entertainment	17320	μουσικοις|μουσικον|μουσικους|μουσικων	4
145723	ἰατρός	ιατρος	Doctor	Miscellaneous	6110	ιατρον	1
145724	ἰατρός	ιατρος	Doctor	Miscellaneous	6110	ιατρου	1
146070	ναύκληρος	ναυκληρος	Shipmaster	Seafaring/Maritime	98110	ναυκληρος	1
146075	ἔμπορος	εμπορος	Maritime trader	Seafaring/Maritime	41110	εμπορος	1
146177	ἰατρός	ιατρος	Doctor	Miscellaneous	6110	ιατρον|ιατρος	2
146210	ἱερεύς 	ιερευς 	Priest, sacrificer	Miscellaneous	14990	ιερευς 	1
146216	γραμματεύς	γραμματευς	Scribe	Writing and the Book Trade	30120	γραμματεα	1
146274	ἱερεύς 	ιερευς 	Priest, sacrificer	Miscellaneous	14990	ιερευς 	1
146275	ἱερεύς 	ιερευς 	Priest, sacrificer	Miscellaneous	14990	ιερευς 	1
146317	ἱππικός	ιππικος	Riding trainer	Education and Training	18190	ιππικον	1
146332	ἱερεύς 	ιερευς 	Priest, sacrificer	Miscellaneous	14990	ιερευς 	1
146362	ἱερεύς 	ιερευς 	Priest, sacrificer	Miscellaneous	14990	ιερευς 	1
146371	ἱερεύς 	ιερευς 	Priest, sacrificer	Miscellaneous	14990	ιερευς 	1
146394	ἱερεύς 	ιερευς 	Priest, sacrificer	Miscellaneous	14990	ιερευς 	1
146409	ἀρχιτέκτων	αρχιτεκτων	Architect	Construction	2120	αρχιτεκτων	1
146454	ἱππικός	ιππικος	Riding trainer	Education and Training	18190	ιππικον	1
146455	ἱππικός	ιππικος	Riding trainer	Education and Training	18190	ιππικου	1
146490	ἱερεύς 	ιερευς 	Priest, sacrificer	Miscellaneous	14990	ιερευς 	1
146587	ἀργυροκόπος	αργυροκοπος	Coin minter	Metalwork	72110	αργυροκοπου	1
146815	λιθουργός	λιθουργος	Stonemason	Stonework	82120	λιθουργος	1
146836	ἰατρός	ιατρος	Doctor	Miscellaneous	6110	ιατρος	1
146855	ἀσκοποιός	ασκοποιος	Wineskin maker	Leatherwork and Footwear	80110	ασκοποιου	1
146876	κιθαριστής	κιθαριστης	Kithara teacher/player	Education and Training	13920	κιθαριστας	1
146900	ἔμπορος	εμπορος	Maritime trader	Seafaring/Maritime	41110	εμποροι	1
146906	ἔμπορος	εμπορος	Maritime trader	Seafaring/Maritime	41110	εμποροις	1
146908	ἔμπορος	εμπορος	Maritime trader	Seafaring/Maritime	41110	εμποροι	1
146911	ἔμπορος	εμπορος	Maritime trader	Seafaring/Maritime	41110	εμπορων	1
146916	γραμματεύς	γραμματευς	Scribe	Writing and the Book Trade	30120	γραμματεα	1
146976	ἔμπορος	εμπορος	Maritime trader	Seafaring/Maritime	41110	εμποροι	1
146977	ἔμπορος	εμπορος	Maritime trader	Seafaring/Maritime	41110	εμποροι	1
146979	ἔμπορος	εμπορος	Maritime trader	Seafaring/Maritime	41110	εμποροι	1
146985	ἔμπορος	εμπορος	Maritime trader	Seafaring/Maritime	41110	εμποροι	1
146986	ἔμπορος	εμπορος	Maritime trader	Seafaring/Maritime	41110	εμποροι	1
147032	ἔμπορος	εμπορος	Maritime trader	Seafaring/Maritime	41110	εμποροις	1
147057	ἱππικός	ιππικος	Riding trainer	Education and Training	18190	ιππικον	1
147057	μουσικός	μουσικος	Musician	Drama and Entertainment	17320	μουσικον	1
147057	γραμματεύς	γραμματευς	Scribe	Writing and the Book Trade	30120	γραμματεως	1
147070	ἱερεύς 	ιερευς 	Priest, sacrificer	Miscellaneous	14990	ιερευς 	1
147071	ἱερεύς 	ιερευς 	Priest, sacrificer	Miscellaneous	14990	ιερευς 	1
147138	μανθάνων	μανθανων	Student	Literature and Scholarship	13990	μανθανων	1
147138	φιλόσοφος	φιλοσοφος	Philosopher/sophist	Education and Training	19190	φιλοσοφος	1
147145	ἀρχιτέκτων	αρχιτεκτων	Architect	Construction	2120	αρχιτεκτων	1
147152	ἔμπορος	εμπορος	Maritime trader	Seafaring/Maritime	41110	εμποροι	1
147153	ἔμπορος	εμπορος	Maritime trader	Seafaring/Maritime	41110	εμποροι	1
147160	μουσικός	μουσικος	Musician	Drama and Entertainment	17320	μουσικον	1
147166	κυβερνήτης	κυβερνητης	Helmsman	Seafaring/Maritime	98110	κυβερνητης	1
147177	ἱππικός	ιππικος	Riding trainer	Education and Training	18190	ιππικων	1
147232	γραμματιστής	γραμματιστης	Elementary school teacher	Education and Training	13130	γραμματιστας	1
147237	γραμματιστής	γραμματιστης	Elementary school teacher	Education and Training	13130	γραμματιστας	1
147240	γραμματιστής	γραμματιστης	Elementary school teacher	Education and Training	13130	γραμματιστας	1
147268	γραμματιστής	γραμματιστης	Elementary school teacher	Education and Training	13130	γραμματιστας	1
147268	σιτοπώλης	σιτοπωλης	Grain Dealer	Food Preparation and Retail	41110	σιτοπωλη	1
147269	γραμματιστής	γραμματιστης	Elementary school teacher	Education and Training	13130	γραμματιστας	1
147270	γραμματιστής	γραμματιστης	Elementary school teacher	Education and Training	13130	γραμματιστας	1
147340	κιθαριστής	κιθαριστης	Kithara teacher/player	Education and Training	13920	κιθαριστων	1
147342	ποιητής	ποιητης	Maker, poet	Literature and Scholarship	17150	ποιηταις	1
147346	κιθαριστής	κιθαριστης	Kithara teacher/player	Education and Training	13920	κιθαριστης	1
147347	κιθαριστής	κιθαριστης	Kithara teacher/player	Education and Training	13920	κιθαριστης	1
147348	κιθαριστής	κιθαριστης	Kithara teacher/player	Education and Training	13920	κιθαριστης	1
147348	ποιητής	ποιητης	Maker, poet	Literature and Scholarship	17150	ποιητης	1
147349	κιθαριστής	κιθαριστης	Kithara teacher/player	Education and Training	13920	κιθαριστης	1
147349	ποιητής	ποιητης	Maker, poet	Literature and Scholarship	17150	ποιητης	1
147352	ποιητής	ποιητης	Maker, poet	Literature and Scholarship	17150	ποιητης	1
147353	ποιητής	ποιητης	Maker, poet	Literature and Scholarship	17150	ποιητης	1
147353	ὑποκριτής	υποκριτης	Actor	Drama and Entertainment	17120	υποκριτης	1
147354	ποιητής	ποιητης	Maker, poet	Literature and Scholarship	17150	ποιητης	1
147355	ποιητής	ποιητης	Maker, poet	Literature and Scholarship	17150	ποιητης	1
147356	ποιητής	ποιητης	Maker, poet	Literature and Scholarship	17150	ποιητης	1
147357	κιθαριστής	κιθαριστης	Kithara teacher/player	Education and Training	13920	κιθαριστης	1
147357	ποιητής	ποιητης	Maker, poet	Literature and Scholarship	17150	ποιητης	1
147357	ὑποκριτής	υποκριτης	Actor	Drama and Entertainment	17120	υποκριτης	1
147358	ποιητής	ποιητης	Maker, poet	Literature and Scholarship	17150	ποιητης	1
147358	ὑποκριτής	υποκριτης	Actor	Drama and Entertainment	17120	υποκριτης	1
147359	ποιητής	ποιητης	Maker, poet	Literature and Scholarship	17150	ποιητης	1
147360	κιθαριστής	κιθαριστης	Kithara teacher/player	Education and Training	13920	κιθαριστας	1
147362	κιθαριστής	κιθαριστης	Kithara teacher/player	Education and Training	13920	κιθαριστης	1
147362	ποιητής	ποιητης	Maker, poet	Literature and Scholarship	17150	ποιητης	1
147362	ὑποκριτής	υποκριτης	Actor	Drama and Entertainment	17120	υποκριτης	1
147363	κιθαριστής	κιθαριστης	Kithara teacher/player	Education and Training	13920	κιθαριστας	1
147363	ποιητής	ποιητης	Maker, poet	Literature and Scholarship	17150	ποιητης	1
147363	ὑποκριτής	υποκριτης	Actor	Drama and Entertainment	17120	υποκριτης	1
147364	κιθαριστής	κιθαριστης	Kithara teacher/player	Education and Training	13920	κιθαριστης	1
147364	ποιητής	ποιητης	Maker, poet	Literature and Scholarship	17150	ποιητης	1
147364	ὑποκριτής	υποκριτης	Actor	Drama and Entertainment	17120	υποκριτης	1
147365	κιθαριστής	κιθαριστης	Kithara teacher/player	Education and Training	13920	κιθαριστης	1
147366	κιθαριστής	κιθαριστης	Kithara teacher/player	Education and Training	13920	κιθαριστης	1
147368	ποιητής	ποιητης	Maker, poet	Literature and Scholarship	17150	ποιητης	1
147370	ὑποκριτής	υποκριτης	Actor	Drama and Entertainment	17120	υποκριτης	1
147371	πένταθλος	πενταθλος	Pentathlete	Sports and Competition	18990	πενταθλους	1
147372	πένταθλος	πενταθλος	Pentathlete	Sports and Competition	18990	πενταθλον	1
147376	ποιητής	ποιητης	Maker, poet	Literature and Scholarship	17150	ποιητης	1
147377	πένταθλος	πενταθλος	Pentathlete	Sports and Competition	18990	πενταθλον	1
147378	πένταθλος	πενταθλος	Pentathlete	Sports and Competition	18990	πενταθλους	1
147391	ποιητής	ποιητης	Maker, poet	Literature and Scholarship	17150	ποιητης	1
147468	γραμματιστής	γραμματιστης	Elementary school teacher	Education and Training	13130	γραμματιστας	1
147516	γραμματιστής	γραμματιστης	Elementary school teacher	Education and Training	13130	γραμματιστας	1
147549	φιλόσοφος	φιλοσοφος	Philosopher/sophist	Education and Training	19190	φιλοσοφον|φιλοσοφου	2
147725	ἱερεύς 	ιερευς 	Priest, sacrificer	Miscellaneous	14990	ιερευς 	1
147732	ἱερεύς 	ιερευς 	Priest, sacrificer	Miscellaneous	14990	ιερευς 	1
147749	ἱερεύς 	ιερευς 	Priest, sacrificer	Miscellaneous	14990	ιερευς 	1
147762	ἱερεύς 	ιερευς 	Priest, sacrificer	Miscellaneous	14990	ιερευς 	1
147781	ἱερεύς 	ιερευς 	Priest, sacrificer	Miscellaneous	14990	ιερευς 	1
147784	ἱερεύς 	ιερευς 	Priest, sacrificer	Miscellaneous	14990	ιερευς 	1
147785	ἱερεύς 	ιερευς 	Priest, sacrificer	Miscellaneous	14990	ιερευς 	1
147787	ἱερεύς 	ιερευς 	Priest, sacrificer	Miscellaneous	14990	ιερευς 	1
147789	ἱερεύς 	ιερευς 	Priest, sacrificer	Miscellaneous	14990	ιερευς 	1
147790	ἱερεύς 	ιερευς 	Priest, sacrificer	Miscellaneous	14990	ιερευς 	1
147794	ἱερεύς 	ιερευς 	Priest, sacrificer	Miscellaneous	14990	ιερευς 	1
147800	ἱερεύς 	ιερευς 	Priest, sacrificer	Miscellaneous	14990	ιερευς 	1
147813	ἱερεύς 	ιερευς 	Priest, sacrificer	Miscellaneous	14990	ιερευς 	1
147821	ἱερεύς 	ιερευς 	Priest, sacrificer	Miscellaneous	14990	ιερευς 	1
147860	ἱερεύς 	ιερευς 	Priest, sacrificer	Miscellaneous	14990	ιερευς 	1
147877	ἰατρός	ιατρος	Doctor	Miscellaneous	6110	ιατρος	1
148494	ἀρχιτέκτων	αρχιτεκτων	Architect	Construction	2120	αρχιτεκτονος	1
148548	ἰατρός	ιατρος	Doctor	Miscellaneous	6110	ιατρος	1
148636	βούκολος	βουκολος	Cowherd	Agriculture, Animal Husbandry	61110	βουκολοι	1
148668	ποιητής	ποιητης	Maker, poet	Literature and Scholarship	17150	ποιηται	1
148673	ἀρχιτέκτων	αρχιτεκτων	Architect	Construction	2120	αρχιτεκτονος	1
148677	καπηλίς	καπηλις	Retailer	Miscellaneous Retail	49190	καπηλων	1
148677	κάπηλος	καπηλος	Retailer	Miscellaneous Retail	49190	καπηλων	1
148682	ἱερεύς 	ιερευς 	Priest, sacrificer	Miscellaneous	14990	ιερευς 	1
148864	ὑπηρετής	υπηρετης	Architect’s assistant	Construction	95990	υπηρετων	1
148867	γραμματεύς	γραμματευς	Scribe	Writing and the Book Trade	30120	γραμματευς	1
148871	ἰατρός	ιατρος	Doctor	Miscellaneous	6110	ιατρος	1
148889	ἀρχιτέκτων	αρχιτεκτων	Architect	Construction	2120	αρχιτεκτων	1
148889	γραμματεύς	γραμματευς	Scribe	Writing and the Book Trade	30120	γραμματεα	1
148889	ἱερεύς 	ιερευς 	Priest, sacrificer	Miscellaneous	14990	ιερευς 	1
148895	γραμματεύς	γραμματευς	Scribe	Writing and the Book Trade	30120	γραμματεων	1
148898	γραμματεύς	γραμματευς	Scribe	Writing and the Book Trade	30120	γραμματεως	1
148899	γραμματεύς	γραμματευς	Scribe	Writing and the Book Trade	30120	γραμματει|γραμματευς	2
148914	ἱερεύς 	ιερευς 	Priest, sacrificer	Miscellaneous	14990	ιερευς 	1
148972	γραμματεύς	γραμματευς	Scribe	Writing and the Book Trade	30120	γραμματεως	1
148990	ἀρχιτέκτων	αρχιτεκτων	Architect	Construction	2120	αρχιτεκτονος	1
149175	ἱερεύς 	ιερευς 	Priest, sacrificer	Miscellaneous	14990	ιερευς 	1
149182	ἱερεύς 	ιερευς 	Priest, sacrificer	Miscellaneous	14990	ιερευς 	1
149204	φιλόσοφος	φιλοσοφος	Philosopher/sophist	Education and Training	19190	φιλοσοφον	1
149238	ἱερεύς 	ιερευς 	Priest, sacrificer	Miscellaneous	14990	ιερευς 	1
149240	ἱερεύς 	ιερευς 	Priest, sacrificer	Miscellaneous	14990	ιερευς 	1
149242	ἱερεύς 	ιερευς 	Priest, sacrificer	Miscellaneous	14990	ιερευς 	1
149313	φιλόσοφος	φιλοσοφος	Philosopher/sophist	Education and Training	19190	φιλοσοφου	1
149388	φιλόσοφος	φιλοσοφος	Philosopher/sophist	Education and Training	19190	φιλοσοφος	1
149388	γραμματεύς	γραμματευς	Scribe	Writing and the Book Trade	30120	γραμματεως	1
149388	ἱερεύς 	ιερευς 	Priest, sacrificer	Miscellaneous	14990	ιερευς 	1
149537	κεραμεύς	κεραμευς	Potter	Ceramics	89120	κεραμεως	1
149929	κεραμεύς	κεραμευς	Potter	Ceramics	89120	κεραμεως	1
150062	χρυσόχοος	χρυσοχοος	Goldsmith	Metalwork	72110	χρυσοχοος	1
150073	παιδοτρίβης	παιδοτριβης	Physical trainer	Education and Training	18190	παιδοτριβης	1
150121	παιδοτρίβης	παιδοτριβης	Physical trainer	Education and Training	18190	παιδοτριβης	1
150206	κυβερνήτης	κυβερνητης	Helmsman	Seafaring/Maritime	98110	κυβερνητης	1
150637	ναύκληρος	ναυκληρος	Shipmaster	Seafaring/Maritime	98110	ναυκληρος	1
150877	πένταθλος	πενταθλος	Pentathlete	Sports and Competition	18990	πενταθλου	1
150946	μουσικός	μουσικος	Musician	Drama and Entertainment	17320	μουσικον	1
150949	ἰατρός	ιατρος	Doctor	Miscellaneous	6110	ιατρον	1
150951	ἰατρός	ιατρος	Doctor	Miscellaneous	6110	ιατρον	1
150954	μουσικός	μουσικος	Musician	Drama and Entertainment	17320	μουσικον	1
150969	μουσικός	μουσικος	Musician	Drama and Entertainment	17320	μουσικου	1
150969	γραμματεύς	γραμματευς	Scribe	Writing and the Book Trade	30120	γραμματεα	1
151159	καλιγάριος	καλιγαριος	Cobbler	Leatherwork and Footwear	80110	καλιγαριοις	1
151201	γραμματεύς	γραμματευς	Scribe	Writing and the Book Trade	30120	γραμματευς	1
151271	ἱερεύς 	ιερευς 	Priest, sacrificer	Miscellaneous	14990	ιερευς 	1
151272	γεωργός	γεωργος	Farmer	Agriculture, Animal Husbandry	61110	γεωργοις	1
151279	διδάσκαλος	διδασκαλος	Teacher	Education and Training	13130	διδασκαλου	1
151282	διδάσκαλος	διδασκαλος	Teacher	Education and Training	13130	διδασκαλου	1
151283	διδάσκαλος	διδασκαλος	Teacher	Education and Training	13130	διδασκαλου	1
151336	ἱερεύς 	ιερευς 	Priest, sacrificer	Miscellaneous	14990	ιερευς 	1
151416	μυρεψός	μυρεψος	Perfume boiler	Perfumes, Aromatics, and Nostrums	6390	μυρεψου	1
151462	καπηλίς	καπηλις	Retailer	Miscellaneous Retail	49190	καπηλων	1
151462	κάπηλος	καπηλος	Retailer	Miscellaneous Retail	49190	καπηλων	1
151514	ἱερεύς 	ιερευς 	Priest, sacrificer	Miscellaneous	14990	ιερευς 	1
151583	οἰκοδομος	οικοδομος	Builder	Construction	95110	οικοδομου	1
151585	οἰκοδομος	οικοδομος	Builder	Construction	95110	οικοδομος	1
151589	οἰκοδομος	οικοδομος	Builder	Construction	95110	οικοδομων	1
151594	οἰκοδομος	οικοδομος	Builder	Construction	95110	οικοδομος	1
151647	οἰκοδομος	οικοδομος	Builder	Construction	95110	οικοδομος	1
151700	ἰατρός	ιατρος	Doctor	Miscellaneous	6110	ιατρος	1
152000	μυρεψός	μυρεψος	Perfume boiler	Perfumes, Aromatics, and Nostrums	6390	μυρεψων	1
152015	ἀρχιτέκτων	αρχιτεκτων	Architect	Construction	2120	αρχιτεκτονας	1
152016	ὑποκριτής	υποκριτης	Actor	Drama and Entertainment	17120	υποκριτην	1
152239	ἱερεύς 	ιερευς 	Priest, sacrificer	Miscellaneous	14990	ιερευς 	1
152424	βούκολος	βουκολος	Cowherd	Agriculture, Animal Husbandry	61110	βουκολος	1
152463	ἰατρός	ιατρος	Doctor	Miscellaneous	6110	ιατρος	1
152624	ἀρχιτέκτων	αρχιτεκτων	Architect	Construction	2120	αρχιτεκτονος	1
152683	ἱερεύς 	ιερευς 	Priest, sacrificer	Miscellaneous	14990	ιερευς 	1
152788	οἰκοδομος	οικοδομος	Builder	Construction	95110	οικοδομος	1
152794	οἰκοδομος	οικοδομος	Builder	Construction	95110	οικοδομος	1
152813	ἔμπορος	εμπορος	Maritime trader	Seafaring/Maritime	41110	εμποροις	1
152823	ἀρχιτέκτων	αρχιτεκτων	Architect	Construction	2120	αρχιτεκτονας	1
152824	ἀρχιτέκτων	αρχιτεκτων	Architect	Construction	2120	αρχιτεκτονος	1
152834	ἡνίοχος	ηνιοχος	charioteer	Transport	98510	ηνιοχος	1
152840	γεωργός	γεωργος	Farmer	Agriculture, Animal Husbandry	61110	γεωργοι|γεωργοις	2
152846	τέκτων	τεκτων	Carpenter/joiner	Woodwork	95110	τεκτονων	1
152854	οἰκοδομος	οικοδομος	Builder	Construction	95110	οικοδομων	1
153052	ἱερεύς 	ιερευς 	Priest, sacrificer	Miscellaneous	14990	ιερευς 	1
153094	ψηφοθέτης	ψηφοθετης	Mosaicer, maker of mosaic	Stonework	16190	ψηφοθετης	1
153271	ἱπποδρόμος	ιπποδρομος	Charioteer	Sports and Competition	18990	ιπποδρομω	1
153275	ψηφοθέτης	ψηφοθετης	Mosaicer, maker of mosaic	Stonework	16190	ψηφοθετης	1
153295	μουσικός	μουσικος	Musician	Drama and Entertainment	17320	μουσικον	1
153301	μυρεψός	μυρεψος	Perfume boiler	Perfumes, Aromatics, and Nostrums	6390	μυρεψου	1
153336	γναφεύς	γναφευς	Fuller	Textiles	75140	γναφεων	1
153336	οἰκοδομος	οικοδομος	Builder	Construction	95110	οικοδομου	1
153337	κηπουρός	κηπουρος	Market Gardener	Agriculture, Animal Husbandry	62210	κηπουροι	1
153399	ἱερεύς 	ιερευς 	Priest, sacrificer	Miscellaneous	14990	ιερευς 	1
153448	ἱερεύς 	ιερευς 	Priest, sacrificer	Miscellaneous	14990	ιερευς 	1
153451	ψηφοθέτης	ψηφοθετης	Mosaicer, maker of mosaic	Stonework	16190	ψηφοθεται	1
153538	ἱερεύς 	ιερευς 	Priest, sacrificer	Miscellaneous	14990	ιερευς 	1
153546	ἰατρός	ιατρος	Doctor	Miscellaneous	6110	ιατρων	1
153559	ἱεροποιός	ιεροποιος	Sacrificer	Miscellaneous	14990	ιεροποιοι	1
153559	ἱερεύς 	ιερευς 	Priest, sacrificer	Miscellaneous	14990	ιερευς 	1
153560	ἱεροποιός	ιεροποιος	Sacrificer	Miscellaneous	14990	ιεροποιοι	1
153560	ἱερεύς 	ιερευς 	Priest, sacrificer	Miscellaneous	14990	ιερευς 	1
153561	ἱεροποιός	ιεροποιος	Sacrificer	Miscellaneous	14990	ιεροποιοι	1
153561	ἱερεύς 	ιερευς 	Priest, sacrificer	Miscellaneous	14990	ιερευς 	1
153562	ἱεροποιός	ιεροποιος	Sacrificer	Miscellaneous	14990	ιεροποιοι	1
153631	γραμματεύς	γραμματευς	Scribe	Writing and the Book Trade	30120	γραμματεα	1
153682	γραμματεύς	γραμματευς	Scribe	Writing and the Book Trade	30120	γραμματευς	1
153714	ποιητής	ποιητης	Maker, poet	Literature and Scholarship	17150	ποιητης	1
153725	οἰκοδομος	οικοδομος	Builder	Construction	95110	οικοδομον	1
153725	γραμματεύς	γραμματευς	Scribe	Writing and the Book Trade	30120	γραμματεως	1
153767	γραμματεύς	γραμματευς	Scribe	Writing and the Book Trade	30120	γραμματεα	1
153775	γραμματεύς	γραμματευς	Scribe	Writing and the Book Trade	30120	γραμματευς	1
153892	ἱερεύς 	ιερευς 	Priest, sacrificer	Miscellaneous	14990	ιερευς 	1
153893	ἱερεύς 	ιερευς 	Priest, sacrificer	Miscellaneous	14990	ιερευς 	1
153894	ἱερεύς 	ιερευς 	Priest, sacrificer	Miscellaneous	14990	ιερευς 	1
154268	γραμματεύς	γραμματευς	Scribe	Writing and the Book Trade	30120	γραμματεα|γραμματεως	2
154270	γραμματεύς	γραμματευς	Scribe	Writing and the Book Trade	30120	γραμματεα|γραμματει	2
154271	γραμματεύς	γραμματευς	Scribe	Writing and the Book Trade	30120	γραμματεα	1
154277	ποιμήν	ποιμην	Shepherd	Agriculture, Animal Husbandry	61110	ποιμην	1
154308	γραμματεύς	γραμματευς	Scribe	Writing and the Book Trade	30120	γραμματευς	1
154313	ἱεροποιός	ιεροποιος	Sacrificer	Miscellaneous	14990	ιεροποιοι	1
154416	πένταθλος	πενταθλος	Pentathlete	Sports and Competition	18990	πενταθλον	1
154572	ποιητής	ποιητης	Maker, poet	Literature and Scholarship	17150	ποιητης	1
154628	ποιητής	ποιητης	Maker, poet	Literature and Scholarship	17150	ποιητης	1
154804	γραμματεύς	γραμματευς	Scribe	Writing and the Book Trade	30120	γραμματεως	1
154979	ἱερεύς 	ιερευς 	Priest, sacrificer	Miscellaneous	14990	ιερευς 	1
155027	ἀρχιτέκτων	αρχιτεκτων	Architect	Construction	2120	αρχιτεκτων	1
155029	γραμματεύς	γραμματευς	Scribe	Writing and the Book Trade	30120	γραμματευς	1
155071	ἱερεύς 	ιερευς 	Priest, sacrificer	Miscellaneous	14990	ιερευς 	1
155169	ἱερεύς 	ιερευς 	Priest, sacrificer	Miscellaneous	14990	ιερευς 	1
155170	ἱερεύς 	ιερευς 	Priest, sacrificer	Miscellaneous	14990	ιερευς 	1
155180	ἰατρός	ιατρος	Doctor	Miscellaneous	6110	ιατρε	1
155388	γραμματεύς	γραμματευς	Scribe	Writing and the Book Trade	30120	γραμματευς	1
155470	ἱερεύς 	ιερευς 	Priest, sacrificer	Miscellaneous	14990	ιερευς 	1
155471	φορτηγός	φορτηγος	Maritime trader	Seafaring/Maritime	41110	φορτηγος	1
155486	ἱερεύς 	ιερευς 	Priest, sacrificer	Miscellaneous	14990	ιερευς 	1
155495	διδάσκαλος	διδασκαλος	Teacher	Education and Training	13130	διδασκαλω	1
155529	ἱερεύς 	ιερευς 	Priest, sacrificer	Miscellaneous	14990	ιερευς 	1
155531	γραμματεύς	γραμματευς	Scribe	Writing and the Book Trade	30120	γραμματευς	1
155751	ἡνίοχος	ηνιοχος	charioteer	Transport	98510	ηνιοχον	1
155883	ἰατρός	ιατρος	Doctor	Miscellaneous	6110	ιατρος	1
155884	ἰατρός	ιατρος	Doctor	Miscellaneous	6110	ιατρος	1
156581	ἱερεύς 	ιερευς 	Priest, sacrificer	Miscellaneous	14990	ιερευς 	1
156898	ἱερεύς 	ιερευς 	Priest, sacrificer	Miscellaneous	14990	ιερευς 	1
156904	ἐργαστηριάρχης	εργαστηριαρχης	Metal-worker	Metalwork	72110	εργαστηριαρχας	1
157372	ἱερεύς 	ιερευς 	Priest, sacrificer	Miscellaneous	14990	ιερευς 	1
157428	μουσικός	μουσικος	Musician	Drama and Entertainment	17320	μουσικος	1
157483	φιλόσοφος	φιλοσοφος	Philosopher/sophist	Education and Training	19190	φιλοσοφος	1
157486	πένταθλος	πενταθλος	Pentathlete	Sports and Competition	18990	πενταθλον	1
157486	γραμματεύς	γραμματευς	Scribe	Writing and the Book Trade	30120	γραμματει	1
157487	ποιητής	ποιητης	Maker, poet	Literature and Scholarship	17150	ποιητης	1
157495	ὑπηρετής	υπηρετης	Architect’s assistant	Construction	95990	υπηρετης	1
157546	ἀρτοκόπος	αρτοκοπος	Baker	Food Preparation and Retail	53120	αρτοκοποις	1
157546	κάπηλος	καπηλος	Retailer	Miscellaneous Retail	49190	καπηλοις	1
157689	ῥήτωρ	ρητωρ	Orator	Literature and Scholarship	17150	ρητωρ	1
157703	ἀρχιτέκτων	αρχιτεκτων	Architect	Construction	2120	αρχιτεκτονος	1
157748	ἀρχιτέκτων	αρχιτεκτων	Architect	Construction	2120	αρχιτεκτονι	1
157748	κιθαριστής	κιθαριστης	Kithara teacher/player	Education and Training	13920	κιθαριστη|κιθαριστης	2
157748	ποιητής	ποιητης	Maker, poet	Literature and Scholarship	17150	ποιητη|ποιητης	2
157748	ὑποκριτής	υποκριτης	Actor	Drama and Entertainment	17120	υποκριτη|υποκριτης	2
157850	ἀρχιτέκτων	αρχιτεκτων	Architect	Construction	2120	αρχιτεκτονος	1
157958	κιθαριστής	κιθαριστης	Kithara teacher/player	Education and Training	13920	κιθαριστας	1
158064	διδάσκαλος	διδασκαλος	Teacher	Education and Training	13130	διδασκαλων	1
158065	διδάσκαλος	διδασκαλος	Teacher	Education and Training	13130	διδασκαλων	1
158087	ποιητής	ποιητης	Maker, poet	Literature and Scholarship	17150	ποιητων	1
158092	ἱερεύς 	ιερευς 	Priest, sacrificer	Miscellaneous	14990	ιερευς 	1
158101	ἱερεύς 	ιερευς 	Priest, sacrificer	Miscellaneous	14990	ιερευς 	1
158120	ἀμπελουργός	αμπελουργος	Vine Dresser	Agriculture, Animal Husbandry	61110	αμπελουργοι	1
158216	ποιητής	ποιητης	Maker, poet	Literature and Scholarship	17150	ποιητης	1
158217	ὑποκριτής	υποκριτης	Actor	Drama and Entertainment	17120	υποκριτης	1
158239	γραμματεύς	γραμματευς	Scribe	Writing and the Book Trade	30120	γραμματεως	1
158404	ἀρχιτέκτων	αρχιτεκτων	Architect	Construction	2120	αρχιτεκτονος	1
158405	ἀμόργινος	αμοργινος	Amorgan-technique linen worker	Textiles	75130	αμοργινον	1
158421	φιλόσοφος	φιλοσοφος	Philosopher/sophist	Education and Training	19190	φιλοσοφος	1
158478	γραμματεύς	γραμματευς	Scribe	Writing and the Book Trade	30120	γραμματεα	1
158588	γραμματεύς	γραμματευς	Scribe	Writing and the Book Trade	30120	γραμματεις	1
158591	γεωμέτρης	γεωμετρης	Surveyor	Construction	6145	γεωμετρης	1
158595	κιθαριστής	κιθαριστης	Kithara teacher/player	Education and Training	13920	κιθαριστης	1
158595	ποιητής	ποιητης	Maker, poet	Literature and Scholarship	17150	ποιητης	1
158597	κιθαριστής	κιθαριστης	Kithara teacher/player	Education and Training	13920	κιθαριστης	1
158673	γραμματεύς	γραμματευς	Scribe	Writing and the Book Trade	30120	γραμματευς	1
158752	διδάσκαλος	διδασκαλος	Teacher	Education and Training	13130	διδασκαλος	1
158752	ἱερεύς 	ιερευς 	Priest, sacrificer	Miscellaneous	14990	ιερευς 	1
158801	πένταθλος	πενταθλος	Pentathlete	Sports and Competition	18990	πενταθλος	1
158942	γραμματεύς	γραμματευς	Scribe	Writing and the Book Trade	30120	γραμματευς	1
158961	γραμματεύς	γραμματευς	Scribe	Writing and the Book Trade	30120	γραμματευς	1
158962	γραμματεύς	γραμματευς	Scribe	Writing and the Book Trade	30120	γραμματευς	1
158963	γραμματεύς	γραμματευς	Scribe	Writing and the Book Trade	30120	γραμματευς	1
158994	ἱερεύς 	ιερευς 	Priest, sacrificer	Miscellaneous	14990	ιερευς 	1
159022	ἱερεύς 	ιερευς 	Priest, sacrificer	Miscellaneous	14990	ιερευς 	1
159024	ἀρχιτέκτων	αρχιτεκτων	Architect	Construction	2120	αρχιτεκτων	1
159025	ἀρχιτέκτων	αρχιτεκτων	Architect	Construction	2120	αρχιτεκτονος|αρχιτεκτων	2
159025	ἱερεύς 	ιερευς 	Priest, sacrificer	Miscellaneous	14990	ιερευς 	1
159028	γραμματεύς	γραμματευς	Scribe	Writing and the Book Trade	30120	γραμματευς	1
159625	διδάσκαλος	διδασκαλος	Teacher	Education and Training	13130	διδασκαλου	1
159675	ἔμπορος	εμπορος	Maritime trader	Seafaring/Maritime	41110	εμπορω	1
160081	ναύκληρος	ναυκληρος	Shipmaster	Seafaring/Maritime	98110	ναυκληρος	1
160082	ναύκληρος	ναυκληρος	Shipmaster	Seafaring/Maritime	98110	ναυκληρος	1
160209	μυροπώλης	μυροπωλης	Perfume seller	Perfumes, Aromatics, and Nostrums	45190	μυροπωλα	1
160220	ἰατρός	ιατρος	Doctor	Miscellaneous	6110	ιατρον|ιατρου	2
160237	ναύκληρος	ναυκληρος	Shipmaster	Seafaring/Maritime	98110	ναυκληρος	1
160238	ναύκληρος	ναυκληρος	Shipmaster	Seafaring/Maritime	98110	ναυκληρος	1
160425	ναύκληρος	ναυκληρος	Shipmaster	Seafaring/Maritime	98110	ναυκληρος	1
160512	ἰατρός	ιατρος	Doctor	Miscellaneous	6110	ιατρος	1
160597	φιλόσοφος	φιλοσοφος	Philosopher/sophist	Education and Training	19190	φιλοσοφος	1
160962	κεραμεύς	κεραμευς	Potter	Ceramics	89120	κεραμεις	1
161117	ἡνίοχος	ηνιοχος	charioteer	Transport	98510	ηνιοχος	1
161380	ναύκληρος	ναυκληρος	Shipmaster	Seafaring/Maritime	98110	ναυκληρος	1
161389	ἰατρός	ιατρος	Doctor	Miscellaneous	6110	ιατρου	1
161435	ναύκληρος	ναυκληρος	Shipmaster	Seafaring/Maritime	98110	ναυκληρος	1
161456	κηπουρός	κηπουρος	Market Gardener	Agriculture, Animal Husbandry	62210	κηπουρον	1
161508	κεραμεύς	κεραμευς	Potter	Ceramics	89120	κεραμευς	1
161509	κεραμεύς	κεραμευς	Potter	Ceramics	89120	κεραμευς	1
161523	γραμματεύς	γραμματευς	Scribe	Writing and the Book Trade	30120	γραμματευς	1
161584	ἔμπορος	εμπορος	Maritime trader	Seafaring/Maritime	41110	εμπορος	1
161594	φιλόσοφος	φιλοσοφος	Philosopher/sophist	Education and Training	19190	φιλοσοφος	1
161594	ἱερεύς 	ιερευς 	Priest, sacrificer	Miscellaneous	14990	ιερευς 	1
161636	γραμματεύς	γραμματευς	Scribe	Writing and the Book Trade	30120	γραμματευς	1
161639	ναύκληρος	ναυκληρος	Shipmaster	Seafaring/Maritime	98110	ναυκληροι	1
162058	ναύκληρος	ναυκληρος	Shipmaster	Seafaring/Maritime	98110	ναυκληρος	1
162263	ναύκληρος	ναυκληρος	Shipmaster	Seafaring/Maritime	98110	ναυκληρον	1
162343	ἰατρός	ιατρος	Doctor	Miscellaneous	6110	ιατρος	1
162539	ταριχοπώλης	ταριχοπωλης	Salt Fish Dealer	Food Preparation and Retail	45190	ταριχοπωλας	1
162614	κεραμεύς	κεραμευς	Potter	Ceramics	89120	κεραμευς	1
162870	ἀρχιτέκτων	αρχιτεκτων	Architect	Construction	2120	αρχιτεκτονος	1
163030	γραφεύς	γραφευς	Scrivener/copyist	Writing and the Book Trade	30120	γραφει	1
163050	τέκτων	τεκτων	Carpenter/joiner	Woodwork	95110	τεκτων	1
163126	γεωργός	γεωργος	Farmer	Agriculture, Animal Husbandry	61110	γεωργος	1
163169	γραμματεύς	γραμματευς	Scribe	Writing and the Book Trade	30120	γραμματευς	1
163373	ἰατρός	ιατρος	Doctor	Miscellaneous	6110	ιατρων	1
163416	ἰατρός	ιατρος	Doctor	Miscellaneous	6110	ιατρου	1
163448	ἰατρός	ιατρος	Doctor	Miscellaneous	6110	ιατρων	1
163591	διδάσκαλος	διδασκαλος	Teacher	Education and Training	13130	διδασκαλος	1
163601	ποιητής	ποιητης	Maker, poet	Literature and Scholarship	17150	ποιητης	1
163602	φιλόσοφος	φιλοσοφος	Philosopher/sophist	Education and Training	19190	φιλοσοφος	1
163657	ναύκληρος	ναυκληρος	Shipmaster	Seafaring/Maritime	98110	ναυκληρος	1
163761	ἰατρός	ιατρος	Doctor	Miscellaneous	6110	ιατρων	1
163806	σοφιστής	σοφιστης	Philosopher/sophist	Education and Training	19190	σοφιστης	1
163880	ἔμπορος	εμπορος	Maritime trader	Seafaring/Maritime	41110	εμπορος	1
163897	χαλκεύς	χαλκευς	Smith	Metalwork	72110	χαλκεως	1
164167	μουσικός	μουσικος	Musician	Drama and Entertainment	17320	μουσικον	1
164182	ναύκληρος	ναυκληρος	Shipmaster	Seafaring/Maritime	98110	ναυκληρω	1
165094	κεραμεύς	κεραμευς	Potter	Ceramics	89120	κεραμεως	1
165110	κεραμεύς	κεραμευς	Potter	Ceramics	89120	κεραμεως	1
165146	ναύτης	ναυτης	Sailor	Seafaring/Maritime	98110	ναυτην	1
165146	ὑπηρετής	υπηρετης	Architect’s assistant	Construction	95990	υπηρετας	1
165146	γραμματεύς	γραμματευς	Scribe	Writing and the Book Trade	30120	γραμματεις|γραμματευσι	2
165150	γραμματεύς	γραμματευς	Scribe	Writing and the Book Trade	30120	γραμματευς	1
165156	γραμματεύς	γραμματευς	Scribe	Writing and the Book Trade	30120	γραμματεα|γραμματευς	2
165176	χαλκεύς	χαλκευς	Smith	Metalwork	72110	χαλκεων	1
165239	γραμματεύς	γραμματευς	Scribe	Writing and the Book Trade	30120	γραμματευς	1
165302	ἰατρός	ιατρος	Doctor	Miscellaneous	6110	ιατρον	1
165304	ἰατρός	ιατρος	Doctor	Miscellaneous	6110	ιατρον	1
165307	ἱερεύς 	ιερευς 	Priest, sacrificer	Miscellaneous	14990	ιερευς 	1
165319	πένταθλος	πενταθλος	Pentathlete	Sports and Competition	18990	πενταθλον	1
165338	ἱερεύς 	ιερευς 	Priest, sacrificer	Miscellaneous	14990	ιερευς 	1
165342	ἰατρός	ιατρος	Doctor	Miscellaneous	6110	ιατρος	1
165616	διδάσκαλος	διδασκαλος	Teacher	Education and Training	13130	διδασκαλος	1
165616	κιθαριστής	κιθαριστης	Kithara teacher/player	Education and Training	13920	κιθαριστης	1
165623	ὑποκριτής	υποκριτης	Actor	Drama and Entertainment	17120	υποκριτης	1
165809	ναύκληρος	ναυκληρος	Shipmaster	Seafaring/Maritime	98110	ναυκληρος	1
166557	κεραμεύς	κεραμευς	Potter	Ceramics	89120	κεραμευς	1
166619	γραμματεύς	γραμματευς	Scribe	Writing and the Book Trade	30120	γραμματευς	1
166694	γραμματικός	γραμματικος	Grammarian	Literature and Scholarship	13920	γραμματικος	1
166806	ἱερεύς 	ιερευς 	Priest, sacrificer	Miscellaneous	14990	ιερευς 	1
167542	ἱερεύς 	ιερευς 	Priest, sacrificer	Miscellaneous	14990	ιερευς 	1
167560	ἰατρός	ιατρος	Doctor	Miscellaneous	6110	ιατρος	1
167562	ναύκληρος	ναυκληρος	Shipmaster	Seafaring/Maritime	98110	ναυκληρων	1
167562	ἱερεύς 	ιερευς 	Priest, sacrificer	Miscellaneous	14990	ιερευς 	1
167752	ἀμπελουργός	αμπελουργος	Vine Dresser	Agriculture, Animal Husbandry	61110	αμπελουργους	1
168041	γραμματεύς	γραμματευς	Scribe	Writing and the Book Trade	30120	γραμματευς|γραμματεως	2
168041	ἱερεύς 	ιερευς 	Priest, sacrificer	Miscellaneous	14990	ιερευς 	1
168132	ἱερεύς 	ιερευς 	Priest, sacrificer	Miscellaneous	14990	ιερευς 	1
168411	γραμματεύς	γραμματευς	Scribe	Writing and the Book Trade	30120	γραμματευ	1
168448	γραμματεύς	γραμματευς	Scribe	Writing and the Book Trade	30120	γραμματευς	1
168644	ἱερεύς 	ιερευς 	Priest, sacrificer	Miscellaneous	14990	ιερευς 	1
168692	φιλόσοφος	φιλοσοφος	Philosopher/sophist	Education and Training	19190	φιλοσοφον	1
168789	μυρεψός	μυρεψος	Perfume boiler	Perfumes, Aromatics, and Nostrums	6390	μυρεψων	1
168832	ἰατρός	ιατρος	Doctor	Miscellaneous	6110	ιατρου	1
168940	καπηλίς	καπηλις	Retailer	Miscellaneous Retail	49190	καπηλων	1
168940	κάπηλος	καπηλος	Retailer	Miscellaneous Retail	49190	καπηλων	1
169010	ἔμπορος	εμπορος	Maritime trader	Seafaring/Maritime	41110	εμπορου	1
169205	γραμματεύς	γραμματευς	Scribe	Writing and the Book Trade	30120	γραμματεως	1
169225	γραμματεύς	γραμματευς	Scribe	Writing and the Book Trade	30120	γραμματεως	1
169227	γραμματεύς	γραμματευς	Scribe	Writing and the Book Trade	30120	γραμματεως	1
169234	γραμματεύς	γραμματευς	Scribe	Writing and the Book Trade	30120	γραμματεως	1
169240	γραμματεύς	γραμματευς	Scribe	Writing and the Book Trade	30120	γραμματεως	1
169241	γραμματεύς	γραμματευς	Scribe	Writing and the Book Trade	30120	γραμματεως	1
169254	ἱππικός	ιππικος	Riding trainer	Education and Training	18190	ιππικον	1
169263	ἰατρός	ιατρος	Doctor	Miscellaneous	6110	ιατρου	1
169264	ἰατρός	ιατρος	Doctor	Miscellaneous	6110	ιατρω	1
169331	ποιητής	ποιητης	Maker, poet	Literature and Scholarship	17150	ποιητη	1
169359	ἀρχιτέκτων	αρχιτεκτων	Architect	Construction	2120	αρχιτεκτονι	1
170097	μουσικός	μουσικος	Musician	Drama and Entertainment	17320	μουσικον	1
170098	λιθουργός	λιθουργος	Stonemason	Stonework	82120	λιθουργος	1
170135	γραμματεύς	γραμματευς	Scribe	Writing and the Book Trade	30120	γραμματεως	1
170207	τέκτων	τεκτων	Carpenter/joiner	Woodwork	95110	τεκτονος	1
170325	γραμματεύς	γραμματευς	Scribe	Writing and the Book Trade	30120	γραμματεα	1
170379	τέκτων	τεκτων	Carpenter/joiner	Woodwork	95110	τεκτονι	1
170388	κηπουρός	κηπουρος	Market Gardener	Agriculture, Animal Husbandry	62210	κηπουρων	1
170894	διδάσκαλος	διδασκαλος	Teacher	Education and Training	13130	διδασκαλε|διδασκαλου	2
170934	διδάσκαλος	διδασκαλος	Teacher	Education and Training	13130	διδασκαλου	1
171062	γραμματεύς	γραμματευς	Scribe	Writing and the Book Trade	30120	γραμματεα	1
171063	γραμματιστής	γραμματιστης	Elementary school teacher	Education and Training	13130	γραμματιστα	1
171063	χρυσόχοος	χρυσοχοος	Goldsmith	Metalwork	72110	χρυσοχοον	1
171065	γραμματιστής	γραμματιστης	Elementary school teacher	Education and Training	13130	γραμματιστα	1
171158	γραμματεύς	γραμματευς	Scribe	Writing and the Book Trade	30120	γραμματευς	1
171206	ποιητής	ποιητης	Maker, poet	Literature and Scholarship	17150	ποιητης	1
171217	ἀρχιτέκτων	αρχιτεκτων	Architect	Construction	2120	αρχιτεκτονι	1
171217	διδάσκαλος	διδασκαλος	Teacher	Education and Training	13130	διδασκαλω	1
171217	καψάριος	καψαριος	Maker of small bags	Leatherwork and Footwear	80110	καψαριω	1
171241	γραμματεύς	γραμματευς	Scribe	Writing and the Book Trade	30120	γραμματεως	1
171246	γραμματεύς	γραμματευς	Scribe	Writing and the Book Trade	30120	γραμματευς	1
171248	ὑπηρετής	υπηρετης	Architect’s assistant	Construction	95990	υπηρετης	1
171270	κάπηλος	καπηλος	Retailer	Miscellaneous Retail	49190	καπηλος	1
171306	ἱερεύς 	ιερευς 	Priest, sacrificer	Miscellaneous	14990	ιερευς 	1
171318	χρυσόχοος	χρυσοχοος	Goldsmith	Metalwork	72110	χρυσοχοος	1
171325	παιδοτρίβης	παιδοτριβης	Physical trainer	Education and Training	18190	παιδοτριβης	1
171337	γραφεύς	γραφευς	Scrivener/copyist	Writing and the Book Trade	30120	γραφεα	1
171405	ἱερεύς 	ιερευς 	Priest, sacrificer	Miscellaneous	14990	ιερευς 	1
171407	ἀρχιτέκτων	αρχιτεκτων	Architect	Construction	2120	αρχιτεκτονος	1
171407	ἱερεύς 	ιερευς 	Priest, sacrificer	Miscellaneous	14990	ιερευς 	1
171408	γραμματεύς	γραμματευς	Scribe	Writing and the Book Trade	30120	γραμματεα	1
171409	ἱερεύς 	ιερευς 	Priest, sacrificer	Miscellaneous	14990	ιερευς 	1
171414	ἰατρός	ιατρος	Doctor	Miscellaneous	6110	ιατρος|ιατρων	2
171420	ὑπηρετής	υπηρετης	Architect’s assistant	Construction	95990	υπηρετων	1
171425	γραμματεύς	γραμματευς	Scribe	Writing and the Book Trade	30120	γραμματεα	1
171426	γραμματεύς	γραμματευς	Scribe	Writing and the Book Trade	30120	γραμματεα	1
171432	γραμματεύς	γραμματευς	Scribe	Writing and the Book Trade	30120	γραμματεα	1
171433	γραμματεύς	γραμματευς	Scribe	Writing and the Book Trade	30120	γραμματεα	1
171434	γραμματεύς	γραμματευς	Scribe	Writing and the Book Trade	30120	γραμματεα	1
171435	γραμματεύς	γραμματευς	Scribe	Writing and the Book Trade	30120	γραμματεα	1
171437	ὑπηρετής	υπηρετης	Architect’s assistant	Construction	95990	υπηρετων	1
171456	γραμματεύς	γραμματευς	Scribe	Writing and the Book Trade	30120	γραμματεα	1
171457	γραμματεύς	γραμματευς	Scribe	Writing and the Book Trade	30120	γραμματεα	1
171462	γραμματεύς	γραμματευς	Scribe	Writing and the Book Trade	30120	γραμματεα	1
171466	γραμματεύς	γραμματευς	Scribe	Writing and the Book Trade	30120	γραμματεα	1
171467	γραμματεύς	γραμματευς	Scribe	Writing and the Book Trade	30120	γραμματεα	1
171469	γραμματεύς	γραμματευς	Scribe	Writing and the Book Trade	30120	γραμματεα	1
171474	γραμματεύς	γραμματευς	Scribe	Writing and the Book Trade	30120	γραμματεα	1
171475	γραμματεύς	γραμματευς	Scribe	Writing and the Book Trade	30120	γραμματεα	1
171477	ὑπηρετής	υπηρετης	Architect’s assistant	Construction	95990	υπηρετων	1
171484	γραμματεύς	γραμματευς	Scribe	Writing and the Book Trade	30120	γραμματεα	1
171489	γραμματεύς	γραμματευς	Scribe	Writing and the Book Trade	30120	γραμματεα	1
171490	γραμματεύς	γραμματευς	Scribe	Writing and the Book Trade	30120	γραμματεα	1
171491	γραμματεύς	γραμματευς	Scribe	Writing and the Book Trade	30120	γραμματεα	1
171492	γραμματεύς	γραμματευς	Scribe	Writing and the Book Trade	30120	γραμματεα	1
171493	γραμματεύς	γραμματευς	Scribe	Writing and the Book Trade	30120	γραμματεα	1
171495	γραμματεύς	γραμματευς	Scribe	Writing and the Book Trade	30120	γραμματεα	1
171496	γραμματεύς	γραμματευς	Scribe	Writing and the Book Trade	30120	γραμματεα	1
171499	γραμματεύς	γραμματευς	Scribe	Writing and the Book Trade	30120	γραμματεα	1
171501	γραμματεύς	γραμματευς	Scribe	Writing and the Book Trade	30120	γραμματεα	1
171514	γραμματεύς	γραμματευς	Scribe	Writing and the Book Trade	30120	γραμματεα	1
171515	γραμματεύς	γραμματευς	Scribe	Writing and the Book Trade	30120	γραμματεα	1
171516	γραμματεύς	γραμματευς	Scribe	Writing and the Book Trade	30120	γραμματεα	1
171517	γραμματεύς	γραμματευς	Scribe	Writing and the Book Trade	30120	γραμματεα	1
171518	γραμματεύς	γραμματευς	Scribe	Writing and the Book Trade	30120	γραμματεα	1
171520	γραμματεύς	γραμματευς	Scribe	Writing and the Book Trade	30120	γραμματεα	1
171521	γραμματεύς	γραμματευς	Scribe	Writing and the Book Trade	30120	γραμματεα	1
171522	γραμματεύς	γραμματευς	Scribe	Writing and the Book Trade	30120	γραμματεα	1
171523	ποιητής	ποιητης	Maker, poet	Literature and Scholarship	17150	ποιητης	1
171524	γραμματεύς	γραμματευς	Scribe	Writing and the Book Trade	30120	γραμματεα	1
171529	γραμματεύς	γραμματευς	Scribe	Writing and the Book Trade	30120	γραμματευς	1
171530	γραμματεύς	γραμματευς	Scribe	Writing and the Book Trade	30120	γραμματευς	1
171542	γραμματεύς	γραμματευς	Scribe	Writing and the Book Trade	30120	γραμματεα	1
171545	γραμματεύς	γραμματευς	Scribe	Writing and the Book Trade	30120	γραμματεα	1
171548	γραμματεύς	γραμματευς	Scribe	Writing and the Book Trade	30120	γραμματεα	1
171552	γραμματεύς	γραμματευς	Scribe	Writing and the Book Trade	30120	γραμματεα	1
171553	ἰατρός	ιατρος	Doctor	Miscellaneous	6110	ιατρος	1
171554	γραμματεύς	γραμματευς	Scribe	Writing and the Book Trade	30120	γραμματεα	1
171555	γραμματεύς	γραμματευς	Scribe	Writing and the Book Trade	30120	γραμματεα|γραμματευς	2
171557	γραφεύς	γραφευς	Scrivener/copyist	Writing and the Book Trade	30120	γραφει	1
171557	γραμματεύς	γραμματευς	Scribe	Writing and the Book Trade	30120	γραμματεα	1
171569	καπηλίς	καπηλις	Retailer	Miscellaneous Retail	49190	καπηλων	1
171569	κάπηλος	καπηλος	Retailer	Miscellaneous Retail	49190	καπηλων|καπηλος	2
171570	ἱερεύς 	ιερευς 	Priest, sacrificer	Miscellaneous	14990	ιερευς 	1
171572	ῥήτωρ	ρητωρ	Orator	Literature and Scholarship	17150	ρητωρ	1
171573	διδάσκαλος	διδασκαλος	Teacher	Education and Training	13130	διδασκαλους	1
171573	κιθαριστής	κιθαριστης	Kithara teacher/player	Education and Training	13920	κιθαριστης|κιθαριστων	2
171573	πένταθλος	πενταθλος	Pentathlete	Sports and Competition	18990	πενταθλον	1
171573	ποιητής	ποιητης	Maker, poet	Literature and Scholarship	17150	ποιητας	1
171573	ὑποκριτής	υποκριτης	Actor	Drama and Entertainment	17120	υποκριτας|υποκριτης	2
171576	ὑποκριτής	υποκριτης	Actor	Drama and Entertainment	17120	υποκριτης	1
171656	γραμματεύς	γραμματευς	Scribe	Writing and the Book Trade	30120	γραμματευς	1
171686	φιλόσοφος	φιλοσοφος	Philosopher/sophist	Education and Training	19190	φιλοσοφον	1
171756	ἰατρός	ιατρος	Doctor	Miscellaneous	6110	ιατρον	1
171848	ἡνίοχος	ηνιοχος	charioteer	Transport	98510	ηνιοχων	1
171872	τέκτων	τεκτων	Carpenter/joiner	Woodwork	95110	τεκτονες	1
171938	ἱερεύς 	ιερευς 	Priest, sacrificer	Miscellaneous	14990	ιερευς 	1
171991	παιδοτρίβης	παιδοτριβης	Physical trainer	Education and Training	18190	παιδοτριβων	1
172004	ἱππικός	ιππικος	Riding trainer	Education and Training	18190	ιππικοις	1
172265	ἱερεύς 	ιερευς 	Priest, sacrificer	Miscellaneous	14990	ιερευς 	1
172377	ποιητής	ποιητης	Maker, poet	Literature and Scholarship	17150	ποιητης	1
172500	ἱερεύς 	ιερευς 	Priest, sacrificer	Miscellaneous	14990	ιερευς 	1
172634	μουσικός	μουσικος	Musician	Drama and Entertainment	17320	μουσικοις	1
172634	γραμματεύς	γραμματευς	Scribe	Writing and the Book Trade	30120	γραμματεα	1
172635	γραμματεύς	γραμματευς	Scribe	Writing and the Book Trade	30120	γραμματεα|γραμματει|γραμματευς|γραμματεως	4
172636	ποιητής	ποιητης	Maker, poet	Literature and Scholarship	17150	ποιηται	1
172636	γραμματεύς	γραμματευς	Scribe	Writing and the Book Trade	30120	γραμματεα	1
172637	γραμματεύς	γραμματευς	Scribe	Writing and the Book Trade	30120	γραμματεα	1
172639	γραμματεύς	γραμματευς	Scribe	Writing and the Book Trade	30120	γραμματεα	1
172640	γραμματεύς	γραμματευς	Scribe	Writing and the Book Trade	30120	γραμματεα	1
172641	γραμματεύς	γραμματευς	Scribe	Writing and the Book Trade	30120	γραμματεως	1
172651	γραμματεύς	γραμματευς	Scribe	Writing and the Book Trade	30120	γραμματει|γραμματευς	2
172652	ναύκληρος	ναυκληρος	Shipmaster	Seafaring/Maritime	98110	ναυκληροις	1
172654	ὑποκριτής	υποκριτης	Actor	Drama and Entertainment	17120	υποκριτης	1
172674	γραμματεύς	γραμματευς	Scribe	Writing and the Book Trade	30120	γραμματευς	1
172677	ποιητής	ποιητης	Maker, poet	Literature and Scholarship	17150	ποιητας	1
172739	τέκτων	τεκτων	Carpenter/joiner	Woodwork	95110	τεκτονων	1
172873	ἱερεύς 	ιερευς 	Priest, sacrificer	Miscellaneous	14990	ιερευς 	1
172947	ἱππικός	ιππικος	Riding trainer	Education and Training	18190	ιππικος	1
172950	ἱππικός	ιππικος	Riding trainer	Education and Training	18190	ιππικος	1
173060	οἰκοδομος	οικοδομος	Builder	Construction	95110	οικοδομου	1
173163	πλακουντάριος	πλακουνταριος	Break maker	Food Preparation and Retail	53120	πλακουνταριου	1
173171	οἰκοδομος	οικοδομος	Builder	Construction	95110	οικοδομου	1
173198	πλακουντάριος	πλακουνταριος	Break maker	Food Preparation and Retail	53120	πλακουνταριου	1
173295	γραμματεύς	γραμματευς	Scribe	Writing and the Book Trade	30120	γραμματεως	1
173305	ἱερεύς 	ιερευς 	Priest, sacrificer	Miscellaneous	14990	ιερευς 	1
173328	ἱερεύς 	ιερευς 	Priest, sacrificer	Miscellaneous	14990	ιερευς 	1
173457	ἱερεύς 	ιερευς 	Priest, sacrificer	Miscellaneous	14990	ιερευς 	1
173492	ἱερεύς 	ιερευς 	Priest, sacrificer	Miscellaneous	14990	ιερευς 	1
173501	ἰατρός	ιατρος	Doctor	Miscellaneous	6110	ιατροι	1
173501	ἱερεύς 	ιερευς 	Priest, sacrificer	Miscellaneous	14990	ιερευς 	1
173514	ἱερεύς 	ιερευς 	Priest, sacrificer	Miscellaneous	14990	ιερευς 	1
173575	ἱερεύς 	ιερευς 	Priest, sacrificer	Miscellaneous	14990	ιερευς 	1
173581	ἱερεύς 	ιερευς 	Priest, sacrificer	Miscellaneous	14990	ιερευς 	1
173592	ἱερεύς 	ιερευς 	Priest, sacrificer	Miscellaneous	14990	ιερευς 	1
173655	ἱερεύς 	ιερευς 	Priest, sacrificer	Miscellaneous	14990	ιερευς 	1
173690	γραμματεύς	γραμματευς	Scribe	Writing and the Book Trade	30120	γραμματευς	1
173694	γραμματεύς	γραμματευς	Scribe	Writing and the Book Trade	30120	γραμματευς	1
173708	ἱερεύς 	ιερευς 	Priest, sacrificer	Miscellaneous	14990	ιερευς 	1
173752	ἰατρός	ιατρος	Doctor	Miscellaneous	6110	ιατροι	1
173757	ἀρχιτέκτων	αρχιτεκτων	Architect	Construction	2120	αρχιτεκτονι	1
173757	γραμματεύς	γραμματευς	Scribe	Writing and the Book Trade	30120	γραμματευς	1
173760	ἀρχιτέκτων	αρχιτεκτων	Architect	Construction	2120	αρχιτεκτονα	1
173771	ἀρχιτέκτων	αρχιτεκτων	Architect	Construction	2120	αρχιτεκτον	1
173782	χαλκεύς	χαλκευς	Smith	Metalwork	72110	χαλκει	1
173816	διδάσκαλος	διδασκαλος	Teacher	Education and Training	13130	διδασκαλους	1
173825	γεωργός	γεωργος	Farmer	Agriculture, Animal Husbandry	61110	γεωργοι	1
173867	ἀρχιτέκτων	αρχιτεκτων	Architect	Construction	2120	αρχιτεκτονι	1
173867	γραμματεύς	γραμματευς	Scribe	Writing and the Book Trade	30120	γραμματει	1
173868	γραμματεύς	γραμματευς	Scribe	Writing and the Book Trade	30120	γραμματεα|γραμματει	2
173872	γραμματεύς	γραμματευς	Scribe	Writing and the Book Trade	30120	γραμματεα	1
173873	ἀρχιτέκτων	αρχιτεκτων	Architect	Construction	2120	αρχιτεκτων	1
173874	γραμματεύς	γραμματευς	Scribe	Writing and the Book Trade	30120	γραμματεα|γραμματευς	2
173880	οἰκοδομος	οικοδομος	Builder	Construction	95110	οικοδομοι	1
173880	ὑπηρετής	υπηρετης	Architect’s assistant	Construction	95990	υπηρεταις	1
173880	χαλκεύς	χαλκευς	Smith	Metalwork	72110	χαλκευσι	1
173882	ἀρχιτέκτων	αρχιτεκτων	Architect	Construction	2120	αρχιτεκτων	1
173887	ἀρχιτέκτων	αρχιτεκτων	Architect	Construction	2120	αρχιτεκτονι	1
173889	ἀρχιτέκτων	αρχιτεκτων	Architect	Construction	2120	αρχιτεκτονι	1
173889	στυππειοπλόκος	στυππειοπλοκος	Ropemaker	Textiles	75990	στυππειοπλοκου|στυππειοπλοκω	2
173889	τέκτων	τεκτων	Carpenter/joiner	Woodwork	95110	τεκτονι	1
173889	λιθαγωγός	λιθαγωγος	Stone haulier	Transport	98310	λιθαγωγοις	1
173895	ἀρχιτέκτων	αρχιτεκτων	Architect	Construction	2120	αρχιτεκτων	1
173900	γραμματεύς	γραμματευς	Scribe	Writing and the Book Trade	30120	γραμματει	1
173906	πρίστης	πριστης	Sawyer	Woodwork	73990	πριστη	1
173907	ἀρχιτέκτων	αρχιτεκτων	Architect	Construction	2120	αρχιτεκτονι	1
173907	ἔμπορος	εμπορος	Maritime trader	Seafaring/Maritime	41110	εμπορου	1
173907	πορθμεύς	πορθμευς	Ferryman	Seafaring/Maritime	98110	πορθμει	1
173907	πρίστης	πριστης	Sawyer	Woodwork	73990	πρισταις|πριστων	2
173907	ἱεροποιός	ιεροποιος	Sacrificer	Miscellaneous	14990	ιεροποιοις	1
173911	γραμματεύς	γραμματευς	Scribe	Writing and the Book Trade	30120	γραμματεα	1
173914	γραμματεύς	γραμματευς	Scribe	Writing and the Book Trade	30120	γραμματεα	1
173918	ἀρχιτέκτων	αρχιτεκτων	Architect	Construction	2120	αρχιτεκτων	1
173924	ἱππικός	ιππικος	Riding trainer	Education and Training	18190	ιππικου	1
173926	χαλκεύς	χαλκευς	Smith	Metalwork	72110	χαλκει	1
173937	ἱππικός	ιππικος	Riding trainer	Education and Training	18190	ιππικου	1
173938	γραμματεύς	γραμματευς	Scribe	Writing and the Book Trade	30120	γραμματεα	1
173940	γραμματεύς	γραμματευς	Scribe	Writing and the Book Trade	30120	γραμματευς	1
173941	χαλκεύς	χαλκευς	Smith	Metalwork	72110	χαλκει	1
173941	γραμματεύς	γραμματευς	Scribe	Writing and the Book Trade	30120	γραμματεα	1
173959	γραμματεύς	γραμματευς	Scribe	Writing and the Book Trade	30120	γραμματεα	1
173969	ἱερεύς 	ιερευς 	Priest, sacrificer	Miscellaneous	14990	ιερευς 	1
174027	ἱερεύς 	ιερευς 	Priest, sacrificer	Miscellaneous	14990	ιερευς 	1
174030	ἱερεύς 	ιερευς 	Priest, sacrificer	Miscellaneous	14990	ιερευς 	1
174061	ἱερεύς 	ιερευς 	Priest, sacrificer	Miscellaneous	14990	ιερευς 	1
174071	ἱερεύς 	ιερευς 	Priest, sacrificer	Miscellaneous	14990	ιερευς 	1
174077	ποιητής	ποιητης	Maker, poet	Literature and Scholarship	17150	ποιητην	1
174084	ἱερεύς 	ιερευς 	Priest, sacrificer	Miscellaneous	14990	ιερευς 	1
174163	ἀρχιτέκτων	αρχιτεκτων	Architect	Construction	2120	αρχιτεκτονων	1
174173	ἱερεύς 	ιερευς 	Priest, sacrificer	Miscellaneous	14990	ιερευς 	1
174193	γραμματεύς	γραμματευς	Scribe	Writing and the Book Trade	30120	γραμματεως	1
174212	ἱερεύς 	ιερευς 	Priest, sacrificer	Miscellaneous	14990	ιερευς 	1
174217	φιλόσοφος	φιλοσοφος	Philosopher/sophist	Education and Training	19190	φιλοσοφου	1
174219	ἱερεύς 	ιερευς 	Priest, sacrificer	Miscellaneous	14990	ιερευς 	1
174261	ἱερεύς 	ιερευς 	Priest, sacrificer	Miscellaneous	14990	ιερευς 	1
174356	σοφιστής	σοφιστης	Philosopher/sophist	Education and Training	19190	σοφιστην	1
174363	ἱερεύς 	ιερευς 	Priest, sacrificer	Miscellaneous	14990	ιερευς 	1
174380	σοφιστής	σοφιστης	Philosopher/sophist	Education and Training	19190	σοφιστης	1
174380	φιλόσοφος	φιλοσοφος	Philosopher/sophist	Education and Training	19190	φιλοσοφων	1
174417	γραμματεύς	γραμματευς	Scribe	Writing and the Book Trade	30120	γραμματεα|γραμματευς	2
174420	γραμματεύς	γραμματευς	Scribe	Writing and the Book Trade	30120	γραμματεα|γραμματευς	2
174423	γραμματεύς	γραμματευς	Scribe	Writing and the Book Trade	30120	γραμματεα|γραμματει	2
174424	γραμματεύς	γραμματευς	Scribe	Writing and the Book Trade	30120	γραμματεα	1
174426	γραμματεύς	γραμματευς	Scribe	Writing and the Book Trade	30120	γραμματεα	1
174428	γραμματεύς	γραμματευς	Scribe	Writing and the Book Trade	30120	γραμματεα	1
174432	γραμματεύς	γραμματευς	Scribe	Writing and the Book Trade	30120	γραμματεα|γραμματεις|γραμματευς	3
174440	γραμματεύς	γραμματευς	Scribe	Writing and the Book Trade	30120	γραμματεα	1
174442	ἔμπορος	εμπορος	Maritime trader	Seafaring/Maritime	41110	εμποροις	1
174443	γραμματεύς	γραμματευς	Scribe	Writing and the Book Trade	30120	γραμματεα	1
174445	γραμματεύς	γραμματευς	Scribe	Writing and the Book Trade	30120	γραμματεα	1
174446	γραμματεύς	γραμματευς	Scribe	Writing and the Book Trade	30120	γραμματεα	1
174451	γραμματεύς	γραμματευς	Scribe	Writing and the Book Trade	30120	γραμματεα	1
174452	γραμματεύς	γραμματευς	Scribe	Writing and the Book Trade	30120	γραμματεα	1
174455	γραμματεύς	γραμματευς	Scribe	Writing and the Book Trade	30120	γραμματεα	1
174457	ἱππικός	ιππικος	Riding trainer	Education and Training	18190	ιππικου	1
174457	γραμματεύς	γραμματευς	Scribe	Writing and the Book Trade	30120	γραμματεα	1
174461	ἱερεύς 	ιερευς 	Priest, sacrificer	Miscellaneous	14990	ιερευς 	1
174462	γραμματεύς	γραμματευς	Scribe	Writing and the Book Trade	30120	γραμματεα|γραμματευς	2
174469	ἔμπορος	εμπορος	Maritime trader	Seafaring/Maritime	41110	εμπορων	1
174469	γραμματεύς	γραμματευς	Scribe	Writing and the Book Trade	30120	γραμματεα	1
174478	ἔμπορος	εμπορος	Maritime trader	Seafaring/Maritime	41110	εμποροι	1
174478	ναύκληρος	ναυκληρος	Shipmaster	Seafaring/Maritime	98110	ναυκληροι	1
174478	γραμματεύς	γραμματευς	Scribe	Writing and the Book Trade	30120	γραμματεα	1
174485	γραμματεύς	γραμματευς	Scribe	Writing and the Book Trade	30120	γραμματεα	1
174486	γραμματεύς	γραμματευς	Scribe	Writing and the Book Trade	30120	γραμματεα	1
174494	γραμματεύς	γραμματευς	Scribe	Writing and the Book Trade	30120	γραμματεα	1
174496	γραμματεύς	γραμματευς	Scribe	Writing and the Book Trade	30120	γραμματεα	1
174497	γραμματεύς	γραμματευς	Scribe	Writing and the Book Trade	30120	γραμματευς	1
174503	ἀρχιτέκτων	αρχιτεκτων	Architect	Construction	2120	αρχιτεκτονας	1
174503	γραμματεύς	γραμματευς	Scribe	Writing and the Book Trade	30120	γραμματεα	1
174504	ἀρχιτέκτων	αρχιτεκτων	Architect	Construction	2120	αρχιτεκτονα	1
174504	γραμματεύς	γραμματευς	Scribe	Writing and the Book Trade	30120	γραμματεα	1
174505	ὑποκριτής	υποκριτης	Actor	Drama and Entertainment	17120	υποκριτης	1
174511	ἱεροποιός	ιεροποιος	Sacrificer	Miscellaneous	14990	ιεροποιοι|ιεροποιοις|ιεροποιους|ιεροποιων	4
174512	μουσικός	μουσικος	Musician	Drama and Entertainment	17320	μουσικον	1
174513	ἱπποδρόμος	ιπποδρομος	Charioteer	Sports and Competition	18990	ιπποδρομον	1
174515	γραμματεύς	γραμματευς	Scribe	Writing and the Book Trade	30120	γραμματεα	1
174522	γραμματεύς	γραμματευς	Scribe	Writing and the Book Trade	30120	γραμματεα	1
174524	γραμματεύς	γραμματευς	Scribe	Writing and the Book Trade	30120	γραμματεα	1
174527	γραμματεύς	γραμματευς	Scribe	Writing and the Book Trade	30120	γραμματεα	1
174534	γραμματεύς	γραμματευς	Scribe	Writing and the Book Trade	30120	γραμματεα	1
174550	ἱεροποιός	ιεροποιος	Sacrificer	Miscellaneous	14990	ιεροποιους	1
174565	γραμματεύς	γραμματευς	Scribe	Writing and the Book Trade	30120	γραμματεα	1
174567	γραμματεύς	γραμματευς	Scribe	Writing and the Book Trade	30120	γραμματεα	1
174570	γραμματεύς	γραμματευς	Scribe	Writing and the Book Trade	30120	γραμματεα	1
174571	γραμματεύς	γραμματευς	Scribe	Writing and the Book Trade	30120	γραμματεα	1
174572	γραμματεύς	γραμματευς	Scribe	Writing and the Book Trade	30120	γραμματεα	1
174573	γραμματεύς	γραμματευς	Scribe	Writing and the Book Trade	30120	γραμματεα	1
174574	γραμματεύς	γραμματευς	Scribe	Writing and the Book Trade	30120	γραμματεα	1
174575	γραμματεύς	γραμματευς	Scribe	Writing and the Book Trade	30120	γραμματεα	1
174578	γραμματεύς	γραμματευς	Scribe	Writing and the Book Trade	30120	γραμματεα	1
174579	γραμματεύς	γραμματευς	Scribe	Writing and the Book Trade	30120	γραμματεα	1
174580	γραμματεύς	γραμματευς	Scribe	Writing and the Book Trade	30120	γραμματεα	1
174581	γραμματεύς	γραμματευς	Scribe	Writing and the Book Trade	30120	γραμματεα	1
174582	διδάσκαλος	διδασκαλος	Teacher	Education and Training	13130	διδασκαλοις	1
174582	ὁπλομάχος	οπλομαχος	Weapons trainer	Education and Training	18190	οπλομαχον	1
174582	παιδοτρίβης	παιδοτριβης	Physical trainer	Education and Training	18190	παιδοτριβην	1
174584	γραμματεύς	γραμματευς	Scribe	Writing and the Book Trade	30120	γραμματεα	1
174586	ἱππικός	ιππικος	Riding trainer	Education and Training	18190	ιππικον	1
174586	μουσικός	μουσικος	Musician	Drama and Entertainment	17320	μουσικον	1
174586	γραμματεύς	γραμματευς	Scribe	Writing and the Book Trade	30120	γραμματεα	1
174588	γραμματεύς	γραμματευς	Scribe	Writing and the Book Trade	30120	γραμματεα	1
174589	γραμματεύς	γραμματευς	Scribe	Writing and the Book Trade	30120	γραμματεα	1
174600	γραμματεύς	γραμματευς	Scribe	Writing and the Book Trade	30120	γραμματεα	1
174602	γραμματεύς	γραμματευς	Scribe	Writing and the Book Trade	30120	γραμματεα	1
174605	γραμματεύς	γραμματευς	Scribe	Writing and the Book Trade	30120	γραμματεα	1
174606	γραμματεύς	γραμματευς	Scribe	Writing and the Book Trade	30120	γραμματεα	1
174607	γραμματεύς	γραμματευς	Scribe	Writing and the Book Trade	30120	γραμματεα	1
174612	γραμματεύς	γραμματευς	Scribe	Writing and the Book Trade	30120	γραμματεα	1
174614	γραμματεύς	γραμματευς	Scribe	Writing and the Book Trade	30120	γραμματεα	1
174615	γραμματεύς	γραμματευς	Scribe	Writing and the Book Trade	30120	γραμματεα	1
174616	γραμματεύς	γραμματευς	Scribe	Writing and the Book Trade	30120	γραμματεα	1
174617	γραμματεύς	γραμματευς	Scribe	Writing and the Book Trade	30120	γραμματεα	1
174618	γραμματεύς	γραμματευς	Scribe	Writing and the Book Trade	30120	γραμματεα	1
174619	γραμματεύς	γραμματευς	Scribe	Writing and the Book Trade	30120	γραμματεα	1
174622	γραμματεύς	γραμματευς	Scribe	Writing and the Book Trade	30120	γραμματεα	1
174623	γραμματεύς	γραμματευς	Scribe	Writing and the Book Trade	30120	γραμματεα	1
174624	γραμματεύς	γραμματευς	Scribe	Writing and the Book Trade	30120	γραμματεα	1
174628	γραμματεύς	γραμματευς	Scribe	Writing and the Book Trade	30120	γραμματεα	1
174629	γραμματεύς	γραμματευς	Scribe	Writing and the Book Trade	30120	γραμματεα	1
174630	γραμματεύς	γραμματευς	Scribe	Writing and the Book Trade	30120	γραμματεα	1
174631	γραμματεύς	γραμματευς	Scribe	Writing and the Book Trade	30120	γραμματεα	1
174634	ὁπλομάχος	οπλομαχος	Weapons trainer	Education and Training	18190	οπλομαχον	1
174634	παιδοτρίβης	παιδοτριβης	Physical trainer	Education and Training	18190	παιδοτριβην	1
174637	ἀρχιτέκτων	αρχιτεκτων	Architect	Construction	2120	αρχιτεκτονα	1
174638	γραμματεύς	γραμματευς	Scribe	Writing and the Book Trade	30120	γραμματεα	1
174641	γραμματεύς	γραμματευς	Scribe	Writing and the Book Trade	30120	γραμματεα	1
174643	ὑπηρετής	υπηρετης	Architect’s assistant	Construction	95990	υπηρετης	1
174650	διδάσκαλος	διδασκαλος	Teacher	Education and Training	13130	διδασκαλοις	1
174650	ὁπλομάχος	οπλομαχος	Weapons trainer	Education and Training	18190	οπλομαχον	1
174650	παιδοτρίβης	παιδοτριβης	Physical trainer	Education and Training	18190	παιδοτριβην	1
174650	γραμματεύς	γραμματευς	Scribe	Writing and the Book Trade	30120	γραμματεα	1
174651	γραμματεύς	γραμματευς	Scribe	Writing and the Book Trade	30120	γραμματεα	1
174653	γραμματεύς	γραμματευς	Scribe	Writing and the Book Trade	30120	γραμματεα	1
174655	γραμματεύς	γραμματευς	Scribe	Writing and the Book Trade	30120	γραμματεα	1
174658	γραμματεύς	γραμματευς	Scribe	Writing and the Book Trade	30120	γραμματεα	1
174661	γραμματεύς	γραμματευς	Scribe	Writing and the Book Trade	30120	γραμματεα	1
174662	γραμματεύς	γραμματευς	Scribe	Writing and the Book Trade	30120	γραμματεα	1
174664	γραμματεύς	γραμματευς	Scribe	Writing and the Book Trade	30120	γραμματεα	1
174666	ἱππικός	ιππικος	Riding trainer	Education and Training	18190	ιππικον|ιππικου	2
174666	γραμματεύς	γραμματευς	Scribe	Writing and the Book Trade	30120	γραμματεα	1
174669	διδάσκαλος	διδασκαλος	Teacher	Education and Training	13130	διδασκαλους	1
174669	ὁπλομάχος	οπλομαχος	Weapons trainer	Education and Training	18190	οπλομαχον	1
174669	παιδοτρίβης	παιδοτριβης	Physical trainer	Education and Training	18190	παιδοτριβην	1
174669	γραμματεύς	γραμματευς	Scribe	Writing and the Book Trade	30120	γραμματεα	1
174672	γραμματεύς	γραμματευς	Scribe	Writing and the Book Trade	30120	γραμματεα	1
174676	γραμματεύς	γραμματευς	Scribe	Writing and the Book Trade	30120	γραμματεα	1
174679	γραμματεύς	γραμματευς	Scribe	Writing and the Book Trade	30120	γραμματεα	1
174680	γραμματεύς	γραμματευς	Scribe	Writing and the Book Trade	30120	γραμματεα	1
174681	γραμματεύς	γραμματευς	Scribe	Writing and the Book Trade	30120	γραμματεα	1
174682	γραμματεύς	γραμματευς	Scribe	Writing and the Book Trade	30120	γραμματεα	1
174685	γραμματεύς	γραμματευς	Scribe	Writing and the Book Trade	30120	γραμματεα	1
174688	γραμματεύς	γραμματευς	Scribe	Writing and the Book Trade	30120	γραμματεα	1
174691	ἀρχιτέκτων	αρχιτεκτων	Architect	Construction	2120	αρχιτεκτονα	1
174691	διδάσκαλος	διδασκαλος	Teacher	Education and Training	13130	διδασκαλων	1
174691	ὁπλομάχος	οπλομαχος	Weapons trainer	Education and Training	18190	οπλομαχον|οπλομαχου	2
174691	παιδοτρίβης	παιδοτριβης	Physical trainer	Education and Training	18190	παιδοτριβην	1
174691	γραμματεύς	γραμματευς	Scribe	Writing and the Book Trade	30120	γραμματεα	1
174693	γραμματεύς	γραμματευς	Scribe	Writing and the Book Trade	30120	γραμματεα	1
174695	γραμματεύς	γραμματευς	Scribe	Writing and the Book Trade	30120	γραμματεα	1
174696	γραμματεύς	γραμματευς	Scribe	Writing and the Book Trade	30120	γραμματεα	1
174697	διδάσκαλος	διδασκαλος	Teacher	Education and Training	13130	διδασκαλους|διδασκαλων	2
174697	παιδοτρίβης	παιδοτριβης	Physical trainer	Education and Training	18190	παιδοτριβην	1
174697	γραμματεύς	γραμματευς	Scribe	Writing and the Book Trade	30120	γραμματεα	1
174703	γραμματεύς	γραμματευς	Scribe	Writing and the Book Trade	30120	γραμματεα	1
174706	διδάσκαλος	διδασκαλος	Teacher	Education and Training	13130	διδασκαλοις	1
174706	παιδοτρίβης	παιδοτριβης	Physical trainer	Education and Training	18190	παιδοτριβην	1
174707	γραμματεύς	γραμματευς	Scribe	Writing and the Book Trade	30120	γραμματεα	1
174708	γραμματεύς	γραμματευς	Scribe	Writing and the Book Trade	30120	γραμματεα	1
174709	γραμματεύς	γραμματευς	Scribe	Writing and the Book Trade	30120	γραμματευς	1
174709	ἱερεύς 	ιερευς 	Priest, sacrificer	Miscellaneous	14990	ιερευς 	1
174710	γραμματεύς	γραμματευς	Scribe	Writing and the Book Trade	30120	γραμματεα	1
174714	γραμματεύς	γραμματευς	Scribe	Writing and the Book Trade	30120	γραμματεα	1
174715	γραμματεύς	γραμματευς	Scribe	Writing and the Book Trade	30120	γραμματεα	1
174719	γραμματεύς	γραμματευς	Scribe	Writing and the Book Trade	30120	γραμματεα	1
174720	γραμματεύς	γραμματευς	Scribe	Writing and the Book Trade	30120	γραμματεα	1
174721	γραμματεύς	γραμματευς	Scribe	Writing and the Book Trade	30120	γραμματεα	1
174722	γραμματεύς	γραμματευς	Scribe	Writing and the Book Trade	30120	γραμματεα	1
174723	γραμματεύς	γραμματευς	Scribe	Writing and the Book Trade	30120	γραμματεα	1
174724	γραμματεύς	γραμματευς	Scribe	Writing and the Book Trade	30120	γραμματεα	1
174726	ἀρχιτέκτων	αρχιτεκτων	Architect	Construction	2120	αρχιτεκτονα	1
174726	διδάσκαλος	διδασκαλος	Teacher	Education and Training	13130	διδασκαλους|διδασκαλων	2
174726	ὁπλομάχος	οπλομαχος	Weapons trainer	Education and Training	18190	οπλομαχον	1
174726	παιδοτρίβης	παιδοτριβης	Physical trainer	Education and Training	18190	παιδοτριβην	1
174726	γραμματεύς	γραμματευς	Scribe	Writing and the Book Trade	30120	γραμματεα	1
174733	γραμματεύς	γραμματευς	Scribe	Writing and the Book Trade	30120	γραμματεα	1
174734	γραμματεύς	γραμματευς	Scribe	Writing and the Book Trade	30120	γραμματεα	1
174737	γραμματεύς	γραμματευς	Scribe	Writing and the Book Trade	30120	γραμματεα	1
174742	γραμματεύς	γραμματευς	Scribe	Writing and the Book Trade	30120	γραμματεα	1
174743	γραμματεύς	γραμματευς	Scribe	Writing and the Book Trade	30120	γραμματεα	1
174746	γραμματεύς	γραμματευς	Scribe	Writing and the Book Trade	30120	γραμματεα	1
174747	γραμματεύς	γραμματευς	Scribe	Writing and the Book Trade	30120	γραμματεα	1
174748	γραμματεύς	γραμματευς	Scribe	Writing and the Book Trade	30120	γραμματεα	1
174750	γραμματεύς	γραμματευς	Scribe	Writing and the Book Trade	30120	γραμματεα	1
174751	γραμματεύς	γραμματευς	Scribe	Writing and the Book Trade	30120	γραμματεα	1
174752	γραμματεύς	γραμματευς	Scribe	Writing and the Book Trade	30120	γραμματεα	1
174753	γραμματεύς	γραμματευς	Scribe	Writing and the Book Trade	30120	γραμματεα	1
174754	γραμματεύς	γραμματευς	Scribe	Writing and the Book Trade	30120	γραμματεα	1
174755	γραμματεύς	γραμματευς	Scribe	Writing and the Book Trade	30120	γραμματεα	1
174757	γραμματεύς	γραμματευς	Scribe	Writing and the Book Trade	30120	γραμματεα	1
174762	γραμματεύς	γραμματευς	Scribe	Writing and the Book Trade	30120	γραμματεα	1
174784	γραμματεύς	γραμματευς	Scribe	Writing and the Book Trade	30120	γραμματεα	1
174809	γραμματεύς	γραμματευς	Scribe	Writing and the Book Trade	30120	γραμματεα	1
174810	γραμματεύς	γραμματευς	Scribe	Writing and the Book Trade	30120	γραμματεα	1
174811	γραμματεύς	γραμματευς	Scribe	Writing and the Book Trade	30120	γραμματεα	1
174825	γραμματεύς	γραμματευς	Scribe	Writing and the Book Trade	30120	γραμματεα	1
174826	γραμματεύς	γραμματευς	Scribe	Writing and the Book Trade	30120	γραμματεα	1
174827	γραμματεύς	γραμματευς	Scribe	Writing and the Book Trade	30120	γραμματεα	1
174829	γραμματεύς	γραμματευς	Scribe	Writing and the Book Trade	30120	γραμματεα	1
174830	γραμματεύς	γραμματευς	Scribe	Writing and the Book Trade	30120	γραμματεα	1
174834	γραμματεύς	γραμματευς	Scribe	Writing and the Book Trade	30120	γραμματεα	1
174835	γραμματεύς	γραμματευς	Scribe	Writing and the Book Trade	30120	γραμματεα	1
174835	ἰατρός	ιατρος	Doctor	Miscellaneous	6110	ιατρος	1
174835	ἱερεύς 	ιερευς 	Priest, sacrificer	Miscellaneous	14990	ιερευς 	1
174836	γραμματεύς	γραμματευς	Scribe	Writing and the Book Trade	30120	γραμματεα	1
174837	ἱερεύς 	ιερευς 	Priest, sacrificer	Miscellaneous	14990	ιερευς 	1
174840	ἀρχιτέκτων	αρχιτεκτων	Architect	Construction	2120	αρχιτεκτονα	1
174840	γραμματεύς	γραμματευς	Scribe	Writing and the Book Trade	30120	γραμματεα|γραμματεως	2
174843	ἀρχιτέκτων	αρχιτεκτων	Architect	Construction	2120	αρχιτεκτονα	1
174843	γραμματεύς	γραμματευς	Scribe	Writing and the Book Trade	30120	γραμματεα	1
174845	γραμματεύς	γραμματευς	Scribe	Writing and the Book Trade	30120	γραμματεα	1
174846	γραμματεύς	γραμματευς	Scribe	Writing and the Book Trade	30120	γραμματεα	1
174846	ἱεροποιός	ιεροποιος	Sacrificer	Miscellaneous	14990	ιεροποιοις	1
174847	γραμματεύς	γραμματευς	Scribe	Writing and the Book Trade	30120	γραμματεα	1
174848	γραμματεύς	γραμματευς	Scribe	Writing and the Book Trade	30120	γραμματεα	1
174849	γραμματεύς	γραμματευς	Scribe	Writing and the Book Trade	30120	γραμματεα	1
174854	γραμματεύς	γραμματευς	Scribe	Writing and the Book Trade	30120	γραμματεα	1
174855	γραμματεύς	γραμματευς	Scribe	Writing and the Book Trade	30120	γραμματεα	1
174856	γραμματεύς	γραμματευς	Scribe	Writing and the Book Trade	30120	γραμματεα	1
174860	γραμματεύς	γραμματευς	Scribe	Writing and the Book Trade	30120	γραμματεα	1
174861	γραμματεύς	γραμματευς	Scribe	Writing and the Book Trade	30120	γραμματεα	1
174862	γραμματεύς	γραμματευς	Scribe	Writing and the Book Trade	30120	γραμματεα	1
174865	γραμματεύς	γραμματευς	Scribe	Writing and the Book Trade	30120	γραμματεα	1
174868	γραμματεύς	γραμματευς	Scribe	Writing and the Book Trade	30120	γραμματεα	1
174870	γραμματεύς	γραμματευς	Scribe	Writing and the Book Trade	30120	γραμματεα	1
174871	γραμματεύς	γραμματευς	Scribe	Writing and the Book Trade	30120	γραμματεα	1
174872	γραμματεύς	γραμματευς	Scribe	Writing and the Book Trade	30120	γραμματεα	1
174873	γραμματεύς	γραμματευς	Scribe	Writing and the Book Trade	30120	γραμματεα	1
174876	γραμματεύς	γραμματευς	Scribe	Writing and the Book Trade	30120	γραμματεα	1
174879	ὑπηρετής	υπηρετης	Architect’s assistant	Construction	95990	υπηρετης	1
174880	γραμματεύς	γραμματευς	Scribe	Writing and the Book Trade	30120	γραμματεα	1
174882	γραμματεύς	γραμματευς	Scribe	Writing and the Book Trade	30120	γραμματεα	1
174883	γραμματεύς	γραμματευς	Scribe	Writing and the Book Trade	30120	γραμματεα	1
174891	ἀρχιτέκτων	αρχιτεκτων	Architect	Construction	2120	αρχιτεκτων	1
174892	γραμματεύς	γραμματευς	Scribe	Writing and the Book Trade	30120	γραμματεα	1
174894	ἱππικός	ιππικος	Riding trainer	Education and Training	18190	ιππικον	1
174894	μουσικός	μουσικος	Musician	Drama and Entertainment	17320	μουσικον	1
174895	γραμματεύς	γραμματευς	Scribe	Writing and the Book Trade	30120	γραμματεα	1
174898	ἰατρός	ιατρος	Doctor	Miscellaneous	6110	ιατρου	1
174898	ἱερεύς 	ιερευς 	Priest, sacrificer	Miscellaneous	14990	ιερευς 	1
174899	φιλόσοφος	φιλοσοφος	Philosopher/sophist	Education and Training	19190	φιλοσοφος	1
174899	γραμματεύς	γραμματευς	Scribe	Writing and the Book Trade	30120	γραμματεα	1
174900	γραμματεύς	γραμματευς	Scribe	Writing and the Book Trade	30120	γραμματεα	1
174904	γραμματεύς	γραμματευς	Scribe	Writing and the Book Trade	30120	γραμματεα	1
174905	γραμματεύς	γραμματευς	Scribe	Writing and the Book Trade	30120	γραμματεα	1
174906	ἱεροποιός	ιεροποιος	Sacrificer	Miscellaneous	14990	ιεροποιοι	1
174907	γραμματεύς	γραμματευς	Scribe	Writing and the Book Trade	30120	γραμματεα	1
174909	διδάσκαλος	διδασκαλος	Teacher	Education and Training	13130	διδασκαλων	1
174909	παιδοτρίβης	παιδοτριβης	Physical trainer	Education and Training	18190	παιδοτριβην	1
174909	γραμματεύς	γραμματευς	Scribe	Writing and the Book Trade	30120	γραμματεα	1
174924	παιδοτρίβης	παιδοτριβης	Physical trainer	Education and Training	18190	παιδοτριβην	1
174924	γραμματεύς	γραμματευς	Scribe	Writing and the Book Trade	30120	γραμματεα	1
174928	γραμματεύς	γραμματευς	Scribe	Writing and the Book Trade	30120	γραμματεα	1
174931	γραμματεύς	γραμματευς	Scribe	Writing and the Book Trade	30120	γραμματεα	1
174940	ὑπηρετής	υπηρετης	Architect’s assistant	Construction	95990	υπηρετης	1
174962	γραμματεύς	γραμματευς	Scribe	Writing and the Book Trade	30120	γραμματεα	1
174985	ἰατρός	ιατρος	Doctor	Miscellaneous	6110	ιατρος	1
175045	ἀρτοποιός	αρτοποιος	Baker	Food Preparation and Retail	53120	αρτοποιων	1
175075	ἱερεύς 	ιερευς 	Priest, sacrificer	Miscellaneous	14990	ιερευς 	1
175099	ἱππικός	ιππικος	Riding trainer	Education and Training	18190	ιππικου	1
175114	ἱερεύς 	ιερευς 	Priest, sacrificer	Miscellaneous	14990	ιερευς 	1
175127	ἱππικός	ιππικος	Riding trainer	Education and Training	18190	ιππικον	1
175127	κηπουρός	κηπουρος	Market Gardener	Agriculture, Animal Husbandry	62210	κηπουροι	1
175139	λινουργός	λινουργος	Linen worker	Textiles	75130	λινουργων	1
175141	χαλκεύς	χαλκευς	Smith	Metalwork	72110	χαλκεα	1
175228	λανάριος	λαναριος	Wool worker	Textiles	76990	λαναριων	1
175229	λανάριος	λαναριος	Wool worker	Textiles	76990	λαναριων	1
175235	χαλκεύς	χαλκευς	Smith	Metalwork	72110	χαλκεων	1
175236	λινουργός	λινουργος	Linen worker	Textiles	75130	λινουργων	1
175238	λινουργός	λινουργος	Linen worker	Textiles	75130	λινουργων	1
175239	λινουργός	λινουργος	Linen worker	Textiles	75130	λινουργω	1
175247	μουσικός	μουσικος	Musician	Drama and Entertainment	17320	μουσικων	1
175252	γναφεύς	γναφευς	Fuller	Textiles	75140	γναφεις	1
175255	γραμματεύς	γραμματευς	Scribe	Writing and the Book Trade	30120	γραμματεα	1
175329	χρυσόχοος	χρυσοχοος	Goldsmith	Metalwork	72110	χρυσοχοος	1
175340	χρυσόχοος	χρυσοχοος	Goldsmith	Metalwork	72110	χρυσοχοος	1
175341	χρυσόχοος	χρυσοχοος	Goldsmith	Metalwork	72110	χρυσοχοος	1
175388	οἰκοδομος	οικοδομος	Builder	Construction	95110	οικοδομων	1
175400	λινουργός	λινουργος	Linen worker	Textiles	75130	λινουργων	1
175409	λινουργός	λινουργος	Linen worker	Textiles	75130	λινουργων	1
175474	γραμματεύς	γραμματευς	Scribe	Writing and the Book Trade	30120	γραμματεως	1
175505	ἱερεύς 	ιερευς 	Priest, sacrificer	Miscellaneous	14990	ιερευς 	1
175517	ἰατρός	ιατρος	Doctor	Miscellaneous	6110	ιατρον	1
175550	ἱερεύς 	ιερευς 	Priest, sacrificer	Miscellaneous	14990	ιερευς 	1
175561	γραμματεύς	γραμματευς	Scribe	Writing and the Book Trade	30120	γραμματευς	1
175564	σοφιστής	σοφιστης	Philosopher/sophist	Education and Training	19190	σοφιστην	1
175596	γραμματεύς	γραμματευς	Scribe	Writing and the Book Trade	30120	γραμματεα	1
175605	πένταθλος	πενταθλος	Pentathlete	Sports and Competition	18990	πενταθλον|πενταθλος	2
175607	παγκρατιαστής	παγκρατιαστης	Pancratiast	Sports and Competition	18990	παγκρατιαστης	1
175724	ἱερεύς 	ιερευς 	Priest, sacrificer	Miscellaneous	14990	ιερευς 	1
175811	βαφεύς	βαφευς	Dyer	Textiles	75120	βαφευς	1
175876	κηπουρός	κηπουρος	Market Gardener	Agriculture, Animal Husbandry	62210	κηπουρου	1
175985	ἰατρός	ιατρος	Doctor	Miscellaneous	6110	ιατρων	1
176002	ἀρχιτέκτων	αρχιτεκτων	Architect	Construction	2120	αρχιτεκτων	1
176006	ἀρχιτέκτων	αρχιτεκτων	Architect	Construction	2120	αρχιτεκτων	1
176009	ἰατρός	ιατρος	Doctor	Miscellaneous	6110	ιατρος	1
176025	ἱεροποιός	ιεροποιος	Sacrificer	Miscellaneous	14990	ιεροποιοι	1
176025	ἱερεύς 	ιερευς 	Priest, sacrificer	Miscellaneous	14990	ιερευς 	1
176026	ἰατρός	ιατρος	Doctor	Miscellaneous	6110	ιατροι	1
176026	ἱεροποιός	ιεροποιος	Sacrificer	Miscellaneous	14990	ιεροποιος	1
176026	ἱερεύς 	ιερευς 	Priest, sacrificer	Miscellaneous	14990	ιερευς 	1
176038	γραμματικός	γραμματικος	Grammarian	Literature and Scholarship	13920	γραμματικος	1
176038	γραμματεύς	γραμματευς	Scribe	Writing and the Book Trade	30120	γραμματεα	1
176044	ἱππικός	ιππικος	Riding trainer	Education and Training	18190	ιππικον	1
176044	μουσικός	μουσικος	Musician	Drama and Entertainment	17320	μουσικον	1
176055	ἰατρός	ιατρος	Doctor	Miscellaneous	6110	ιατρος	1
176061	ἰατρός	ιατρος	Doctor	Miscellaneous	6110	ιατρων	1
176062	διδάσκαλος	διδασκαλος	Teacher	Education and Training	13130	διδασκαλος|διδασκαλου	2
176062	ὑπηρετής	υπηρετης	Architect’s assistant	Construction	95990	υπηρετας|υπηρετων	2
176062	ἰατρός	ιατρος	Doctor	Miscellaneous	6110	ιατρον|ιατρος	2
176066	ἰατρός	ιατρος	Doctor	Miscellaneous	6110	ιατρος|ιατρων	2
176067	ἰατρός	ιατρος	Doctor	Miscellaneous	6110	ιατρον	1
176069	ἱερεύς 	ιερευς 	Priest, sacrificer	Miscellaneous	14990	ιερευς 	1
176079	γραμματεύς	γραμματευς	Scribe	Writing and the Book Trade	30120	γραμματεα	1
176079	ἱεροποιός	ιεροποιος	Sacrificer	Miscellaneous	14990	ιεροποιους	1
176080	γραμματεύς	γραμματευς	Scribe	Writing and the Book Trade	30120	γραμματεα	1
176084	γραμματεύς	γραμματευς	Scribe	Writing and the Book Trade	30120	γραμματεα	1
176087	ἰατρός	ιατρος	Doctor	Miscellaneous	6110	ιατρος	1
176091	ἰατρός	ιατρος	Doctor	Miscellaneous	6110	ιατρος	1
176094	ἱεροποιός	ιεροποιος	Sacrificer	Miscellaneous	14990	ιεροποιους	1
176103	μουσικός	μουσικος	Musician	Drama and Entertainment	17320	μουσικου	1
176103	ἰατρός	ιατρος	Doctor	Miscellaneous	6110	ιατρος	1
176107	ἰατρός	ιατρος	Doctor	Miscellaneous	6110	ιατρον	1
176110	γραμματεύς	γραμματευς	Scribe	Writing and the Book Trade	30120	γραμματει	1
176110	ἱεροποιός	ιεροποιος	Sacrificer	Miscellaneous	14990	ιεροποιου	1
176112	ἰατρός	ιατρος	Doctor	Miscellaneous	6110	ιατρον	1
176114	μουσικός	μουσικος	Musician	Drama and Entertainment	17320	μουσικον	1
176115	ἰατρός	ιατρος	Doctor	Miscellaneous	6110	ιατρων	1
176119	ἰατρός	ιατρος	Doctor	Miscellaneous	6110	ιατρον|ιατρος	2
176122	γραμματεύς	γραμματευς	Scribe	Writing and the Book Trade	30120	γραμματεα	1
176123	μουσικός	μουσικος	Musician	Drama and Entertainment	17320	μουσικου	1
176123	γραμματεύς	γραμματευς	Scribe	Writing and the Book Trade	30120	γραμματεα	1
176125	γραμματεύς	γραμματευς	Scribe	Writing and the Book Trade	30120	γραμματεα	1
176150	ἀρχιτέκτων	αρχιτεκτων	Architect	Construction	2120	αρχιτεκτων	1
176163	μουσικός	μουσικος	Musician	Drama and Entertainment	17320	μουσικον	1
176169	μουσικός	μουσικος	Musician	Drama and Entertainment	17320	μουσικον	1
176170	μουσικός	μουσικος	Musician	Drama and Entertainment	17320	μουσικον	1
176174	μουσικός	μουσικος	Musician	Drama and Entertainment	17320	μουσικον	1
176176	μουσικός	μουσικος	Musician	Drama and Entertainment	17320	μουσικον	1
176181	μουσικός	μουσικος	Musician	Drama and Entertainment	17320	μουσικον	1
176185	μουσικός	μουσικος	Musician	Drama and Entertainment	17320	μουσικον	1
176194	ἰατρός	ιατρος	Doctor	Miscellaneous	6110	ιατρον|ιατρου	2
176195	ἰατρός	ιατρος	Doctor	Miscellaneous	6110	ιατρον|ιατρος|ιατρω	3
176197	ἰατρός	ιατρος	Doctor	Miscellaneous	6110	ιατρον	1
176198	ἱππικός	ιππικος	Riding trainer	Education and Training	18190	ιππικους	1
176198	μουσικός	μουσικος	Musician	Drama and Entertainment	17320	μουσικους	1
176199	κιθαριστής	κιθαριστης	Kithara teacher/player	Education and Training	13920	κιθαριστη	1
176212	ἱερεύς 	ιερευς 	Priest, sacrificer	Miscellaneous	14990	ιερευς 	1
176221	ἱερεύς 	ιερευς 	Priest, sacrificer	Miscellaneous	14990	ιερευς 	1
176224	κεραμεύς	κεραμευς	Potter	Ceramics	89120	κεραμεων	1
176224	χαλκεύς	χαλκευς	Smith	Metalwork	72110	χαλκεων	1
176224	ἰατρός	ιατρος	Doctor	Miscellaneous	6110	ιατροις	1
176224	ἱεροποιός	ιεροποιος	Sacrificer	Miscellaneous	14990	ιεροποιοι|ιεροποιων	2
176224	ἱερεύς 	ιερευς 	Priest, sacrificer	Miscellaneous	14990	ιερευς 	1
176225	διδάσκαλος	διδασκαλος	Teacher	Education and Training	13130	διδασκαλων	1
176230	ἱεροποιός	ιεροποιος	Sacrificer	Miscellaneous	14990	ιεροποιοι|ιεροποιοις	2
176230	ἱερεύς 	ιερευς 	Priest, sacrificer	Miscellaneous	14990	ιερευς 	1
176231	ἱερεύς 	ιερευς 	Priest, sacrificer	Miscellaneous	14990	ιερευς 	1
176233	μουσικός	μουσικος	Musician	Drama and Entertainment	17320	μουσικον	1
176233	ἱερεύς 	ιερευς 	Priest, sacrificer	Miscellaneous	14990	ιερευς 	1
176235	ἱεροποιός	ιεροποιος	Sacrificer	Miscellaneous	14990	ιεροποιων	1
176236	ὑπηρετής	υπηρετης	Architect’s assistant	Construction	95990	υπηρεται	1
176236	ἱερεύς 	ιερευς 	Priest, sacrificer	Miscellaneous	14990	ιερευς 	1
176237	ἱερεύς 	ιερευς 	Priest, sacrificer	Miscellaneous	14990	ιερευς 	1
176238	ἱερεύς 	ιερευς 	Priest, sacrificer	Miscellaneous	14990	ιερευς 	1
176240	παιδοτρίβης	παιδοτριβης	Physical trainer	Education and Training	18190	παιδοτριβαι	1
176240	ἱεροποιός	ιεροποιος	Sacrificer	Miscellaneous	14990	ιεροποιοι	1
176240	ἱερεύς 	ιερευς 	Priest, sacrificer	Miscellaneous	14990	ιερευς 	1
176241	ἱερεύς 	ιερευς 	Priest, sacrificer	Miscellaneous	14990	ιερευς 	1
176244	ἀρχιτέκτων	αρχιτεκτων	Architect	Construction	2120	αρχιτεκτων	1
176244	ἔμπορος	εμπορος	Maritime trader	Seafaring/Maritime	41110	εμποροις	1
176245	ἱερεύς 	ιερευς 	Priest, sacrificer	Miscellaneous	14990	ιερευς 	1
176249	ἱερεύς 	ιερευς 	Priest, sacrificer	Miscellaneous	14990	ιερευς 	1
176253	ἀρχιτέκτων	αρχιτεκτων	Architect	Construction	2120	αρχιτεκτων	1
176255	ἱερεύς 	ιερευς 	Priest, sacrificer	Miscellaneous	14990	ιερευς 	1
176257	ἀρχιτέκτων	αρχιτεκτων	Architect	Construction	2120	αρχιτεκτονος|αρχιτεκτων	2
176257	ἱερεύς 	ιερευς 	Priest, sacrificer	Miscellaneous	14990	ιερευς 	1
176259	ἱερεύς 	ιερευς 	Priest, sacrificer	Miscellaneous	14990	ιερευς 	1
176260	ἁλιεύς	αλιευς	Fisherman	Seafaring/Maritime	64110	αλιεις	1
176261	γραμματεύς	γραμματευς	Scribe	Writing and the Book Trade	30120	γραμματευς	1
176261	ἱεροποιός	ιεροποιος	Sacrificer	Miscellaneous	14990	ιεροποιοι	1
176262	ἱερεύς 	ιερευς 	Priest, sacrificer	Miscellaneous	14990	ιερευς 	1
176264	γραμματεύς	γραμματευς	Scribe	Writing and the Book Trade	30120	γραμματευς	1
176265	ἱερεύς 	ιερευς 	Priest, sacrificer	Miscellaneous	14990	ιερευς 	1
176266	ἀρχιτέκτων	αρχιτεκτων	Architect	Construction	2120	αρχιτεκτονες	1
176267	γραμματεύς	γραμματευς	Scribe	Writing and the Book Trade	30120	γραμματευς	1
176269	γραμματεύς	γραμματευς	Scribe	Writing and the Book Trade	30120	γραμματευς	1
176269	ἱεροποιός	ιεροποιος	Sacrificer	Miscellaneous	14990	ιεροποιοι	1
176269	ἱερεύς 	ιερευς 	Priest, sacrificer	Miscellaneous	14990	ιερευς 	1
176271	κιθαριστής	κιθαριστης	Kithara teacher/player	Education and Training	13920	κιθαρισται	1
176271	ἱεροποιός	ιεροποιος	Sacrificer	Miscellaneous	14990	ιεροποιων	1
176271	ἱερεύς 	ιερευς 	Priest, sacrificer	Miscellaneous	14990	ιερευς 	1
176273	κεραμεύς	κεραμευς	Potter	Ceramics	89120	κεραμεων	1
176273	χαλκεύς	χαλκευς	Smith	Metalwork	72110	χαλκεων	1
176273	ἰατρός	ιατρος	Doctor	Miscellaneous	6110	ιατροις	1
176274	ἱεροποιός	ιεροποιος	Sacrificer	Miscellaneous	14990	ιεροποιος	1
176274	ἱερεύς 	ιερευς 	Priest, sacrificer	Miscellaneous	14990	ιερευς 	1
176277	ἱερεύς 	ιερευς 	Priest, sacrificer	Miscellaneous	14990	ιερευς 	1
176278	ἱεροποιός	ιεροποιος	Sacrificer	Miscellaneous	14990	ιεροποιοις	1
176280	ἱεροποιός	ιεροποιος	Sacrificer	Miscellaneous	14990	ιεροποιων	1
176282	ἀρχιτέκτων	αρχιτεκτων	Architect	Construction	2120	αρχιτεκτων	1
176283	ἱεροποιός	ιεροποιος	Sacrificer	Miscellaneous	14990	ιεροποιοι	1
176283	ἱερεύς 	ιερευς 	Priest, sacrificer	Miscellaneous	14990	ιερευς 	1
176284	ἱερεύς 	ιερευς 	Priest, sacrificer	Miscellaneous	14990	ιερευς |ιερευς ων	2
176288	ἱερεύς 	ιερευς 	Priest, sacrificer	Miscellaneous	14990	ιερευς 	1
176289	ἱερεύς 	ιερευς 	Priest, sacrificer	Miscellaneous	14990	ιερευς 	1
176290	ὑπηρετής	υπηρετης	Architect’s assistant	Construction	95990	υπηρετων	1
176291	ἱερεύς 	ιερευς 	Priest, sacrificer	Miscellaneous	14990	ιερευς 	1
176298	ἱερεύς 	ιερευς 	Priest, sacrificer	Miscellaneous	14990	ιερευς 	1
176299	ἱερεύς 	ιερευς 	Priest, sacrificer	Miscellaneous	14990	ιερευς 	1
176303	ἱεροποιός	ιεροποιος	Sacrificer	Miscellaneous	14990	ιεροποιου	1
176306	ἱερεύς 	ιερευς 	Priest, sacrificer	Miscellaneous	14990	ιερευς 	1
176318	ἱεροποιός	ιεροποιος	Sacrificer	Miscellaneous	14990	ιεροποιοι	1
176320	ἱεροποιός	ιεροποιος	Sacrificer	Miscellaneous	14990	ιεροποιος	1
176387	ὑποκριτής	υποκριτης	Actor	Drama and Entertainment	17120	υποκριτας	1
176388	ὑποκριτής	υποκριτης	Actor	Drama and Entertainment	17120	υποκριτας	1
176388	ἱερεύς 	ιερευς 	Priest, sacrificer	Miscellaneous	14990	ιερευς 	1
176389	πένταθλος	πενταθλος	Pentathlete	Sports and Competition	18990	πενταθλον|πενταθλος	2
176390	κιθαριστής	κιθαριστης	Kithara teacher/player	Education and Training	13920	κιθαριστας	1
176390	πένταθλος	πενταθλος	Pentathlete	Sports and Competition	18990	πενταθλον	1
176394	ἱεροποιός	ιεροποιος	Sacrificer	Miscellaneous	14990	ιεροποιοι	1
176434	ὑπηρετής	υπηρετης	Architect’s assistant	Construction	95990	υπηρετας	1
176439	ἰατρός	ιατρος	Doctor	Miscellaneous	6110	ιατρος	1
176489	γραμματεύς	γραμματευς	Scribe	Writing and the Book Trade	30120	γραμματεως	1
176510	τέκτων	τεκτων	Carpenter/joiner	Woodwork	95110	τεκτοσι	1
176524	ἱεροποιός	ιεροποιος	Sacrificer	Miscellaneous	14990	ιεροποιοι	1
176525	ἱεροποιός	ιεροποιος	Sacrificer	Miscellaneous	14990	ιεροποιοι	1
176527	ἱερεύς 	ιερευς 	Priest, sacrificer	Miscellaneous	14990	ιερευς 	1
176529	ἱεροποιός	ιεροποιος	Sacrificer	Miscellaneous	14990	ιεροποιοι	1
176535	ἱεροποιός	ιεροποιος	Sacrificer	Miscellaneous	14990	ιεροποιοι	1
176535	ἱερεύς 	ιερευς 	Priest, sacrificer	Miscellaneous	14990	ιερευς 	1
176537	ἱερεύς 	ιερευς 	Priest, sacrificer	Miscellaneous	14990	ιερευς 	1
176544	ἱερεύς 	ιερευς 	Priest, sacrificer	Miscellaneous	14990	ιερευς 	1
176545	ἱερεύς 	ιερευς 	Priest, sacrificer	Miscellaneous	14990	ιερευς 	1
176547	ἱεροποιός	ιεροποιος	Sacrificer	Miscellaneous	14990	ιεροποιοι	1
176548	ἱεροποιός	ιεροποιος	Sacrificer	Miscellaneous	14990	ιεροποιοι	1
176548	ἱερεύς 	ιερευς 	Priest, sacrificer	Miscellaneous	14990	ιερευς 	1
176550	ἱεροποιός	ιεροποιος	Sacrificer	Miscellaneous	14990	ιεροποιοι	1
176550	ἱερεύς 	ιερευς 	Priest, sacrificer	Miscellaneous	14990	ιερευς 	1
176551	ἱεροποιός	ιεροποιος	Sacrificer	Miscellaneous	14990	ιεροποιοι	1
176551	ἱερεύς 	ιερευς 	Priest, sacrificer	Miscellaneous	14990	ιερευς 	1
176552	ἱεροποιός	ιεροποιος	Sacrificer	Miscellaneous	14990	ιεροποιοι	1
176553	ἱεροποιός	ιεροποιος	Sacrificer	Miscellaneous	14990	ιεροποιοι	1
176553	ἱερεύς 	ιερευς 	Priest, sacrificer	Miscellaneous	14990	ιερευς 	1
176554	ἱεροποιός	ιεροποιος	Sacrificer	Miscellaneous	14990	ιεροποιοι	1
176554	ἱερεύς 	ιερευς 	Priest, sacrificer	Miscellaneous	14990	ιερευς 	1
176555	ἱερεύς 	ιερευς 	Priest, sacrificer	Miscellaneous	14990	ιερευς 	1
176567	ἱερεύς 	ιερευς 	Priest, sacrificer	Miscellaneous	14990	ιερευς 	1
176568	ἱερεύς 	ιερευς 	Priest, sacrificer	Miscellaneous	14990	ιερευς 	1
176569	ἱερεύς 	ιερευς 	Priest, sacrificer	Miscellaneous	14990	ιερευς 	1
176740	ἰατρός	ιατρος	Doctor	Miscellaneous	6110	ιατρον|ιατρων	2
176745	ἰατρός	ιατρος	Doctor	Miscellaneous	6110	ιατρον	1
176748	ἰατρός	ιατρος	Doctor	Miscellaneous	6110	ιατρον	1
176762	ἰατρός	ιατρος	Doctor	Miscellaneous	6110	ιατρων	1
176818	ἱερεύς 	ιερευς 	Priest, sacrificer	Miscellaneous	14990	ιερευς 	1
176856	πένταθλος	πενταθλος	Pentathlete	Sports and Competition	18990	πενταθλον	1
176859	πένταθλος	πενταθλος	Pentathlete	Sports and Competition	18990	πενταθλον	1
176869	παγκρατιαστής	παγκρατιαστης	Pancratiast	Sports and Competition	18990	παγκρατιαστης	1
176872	ἀρχιτέκτων	αρχιτεκτων	Architect	Construction	2120	αρχιτεκτονων	1
176872	ἰατρός	ιατρος	Doctor	Miscellaneous	6110	ιατρον	1
176874	ἀρχιτέκτων	αρχιτεκτων	Architect	Construction	2120	αρχιτεκτονων	1
176874	ἰατρός	ιατρος	Doctor	Miscellaneous	6110	ιατρον	1
176875	ἰατρός	ιατρος	Doctor	Miscellaneous	6110	ιατρον	1
177063	ἰατρός	ιατρος	Doctor	Miscellaneous	6110	ιατρον	1
177064	ἀρχιτέκτων	αρχιτεκτων	Architect	Construction	2120	αρχιτεκτονων	1
177095	ἰατρός	ιατρος	Doctor	Miscellaneous	6110	ιατρον	1
177155	ἱερεύς 	ιερευς 	Priest, sacrificer	Miscellaneous	14990	ιερευς 	1
177173	ναυπηγός	ναυπηγος	Shipwright	Woodwork	73210	ναυπηγων	1
177176	ἱερεύς 	ιερευς 	Priest, sacrificer	Miscellaneous	14990	ιερευς 	1
177177	ἱερεύς 	ιερευς 	Priest, sacrificer	Miscellaneous	14990	ιερευς 	1
177178	ἱερεύς 	ιερευς 	Priest, sacrificer	Miscellaneous	14990	ιερευς 	1
177179	γραμματεύς	γραμματευς	Scribe	Writing and the Book Trade	30120	γραμματευς	1
177179	ἱερεύς 	ιερευς 	Priest, sacrificer	Miscellaneous	14990	ιερευς 	1
177180	ἱερεύς 	ιερευς 	Priest, sacrificer	Miscellaneous	14990	ιερευς 	1
177181	ἱερεύς 	ιερευς 	Priest, sacrificer	Miscellaneous	14990	ιερευς 	1
177182	ἱερεύς 	ιερευς 	Priest, sacrificer	Miscellaneous	14990	ιερευς 	1
177183	ἱερεύς 	ιερευς 	Priest, sacrificer	Miscellaneous	14990	ιερευς 	1
177185	ἱερεύς 	ιερευς 	Priest, sacrificer	Miscellaneous	14990	ιερευς 	1
177187	ἱερεύς 	ιερευς 	Priest, sacrificer	Miscellaneous	14990	ιερευς 	1
177188	ἱερεύς 	ιερευς 	Priest, sacrificer	Miscellaneous	14990	ιερευς 	1
177189	ἱερεύς 	ιερευς 	Priest, sacrificer	Miscellaneous	14990	ιερευς 	1
177190	ἱερεύς 	ιερευς 	Priest, sacrificer	Miscellaneous	14990	ιερευς 	1
177191	ἱερεύς 	ιερευς 	Priest, sacrificer	Miscellaneous	14990	ιερευς 	1
177194	ἱερεύς 	ιερευς 	Priest, sacrificer	Miscellaneous	14990	ιερευς 	1
177196	ἱερεύς 	ιερευς 	Priest, sacrificer	Miscellaneous	14990	ιερευς 	1
177237	ἱππικός	ιππικος	Riding trainer	Education and Training	18190	ιππικου	1
177246	ἱππικός	ιππικος	Riding trainer	Education and Training	18190	ιππικου	1
177295	ἀργυροκόπος	αργυροκοπος	Coin minter	Metalwork	72110	αργυροκοπου	1
177362	ἱερεύς 	ιερευς 	Priest, sacrificer	Miscellaneous	14990	ιερευς 	1
177553	ἀρχιτέκτων	αρχιτεκτων	Architect	Construction	2120	αρχιτεκτονος	1
177607	ἀρχιτέκτων	αρχιτεκτων	Architect	Construction	2120	αρχιτεκτονος	1
177699	ναυπηγός	ναυπηγος	Shipwright	Woodwork	73210	ναυπηγου	1
177775	ἡνίοχος	ηνιοχος	charioteer	Transport	98510	ηνιοχων	1
177950	ἀρχιτέκτων	αρχιτεκτων	Architect	Construction	2120	αρχιτεκτων	1
177976	ἀρχιτέκτων	αρχιτεκτων	Architect	Construction	2120	αρχιτεκτων	1
177976	οἰκοδομος	οικοδομος	Builder	Construction	95110	οικοδομοι	1
177980	λινουργός	λινουργος	Linen worker	Textiles	75130	λινουργων	1
178075	οἰκοδομος	οικοδομος	Builder	Construction	95110	οικοδομου	1
178131	ἀρχιτέκτων	αρχιτεκτων	Architect	Construction	2120	αρχιτεκτονος	1
178133	ἀρχιτέκτων	αρχιτεκτων	Architect	Construction	2120	αρχιτεκτονα	1
178137	γραμματεύς	γραμματευς	Scribe	Writing and the Book Trade	30120	γραμματεα	1
178139	γραμματεύς	γραμματευς	Scribe	Writing and the Book Trade	30120	γραμματεα	1
178141	γραμματεύς	γραμματευς	Scribe	Writing and the Book Trade	30120	γραμματεα	1
178147	γραμματεύς	γραμματευς	Scribe	Writing and the Book Trade	30120	γραμματεως	1
178239	κηπουρός	κηπουρος	Market Gardener	Agriculture, Animal Husbandry	62210	κηπουρων	1
178249	ἀρχιτέκτων	αρχιτεκτων	Architect	Construction	2120	αρχιτεκτονα	1
178323	ἀρχιτέκτων	αρχιτεκτων	Architect	Construction	2120	αρχιτεκτονος	1
178485	γραμματεύς	γραμματευς	Scribe	Writing and the Book Trade	30120	γραμματεως	1
178665	ἱεροποιός	ιεροποιος	Sacrificer	Miscellaneous	14990	ιεροποιοις	1
178670	γραμματεύς	γραμματευς	Scribe	Writing and the Book Trade	30120	γραμματεα	1
178682	γραμματεύς	γραμματευς	Scribe	Writing and the Book Trade	30120	γραμματει|γραμματευς	2
178702	γραμματεύς	γραμματευς	Scribe	Writing and the Book Trade	30120	γραμματεα	1
178703	ἱερεύς 	ιερευς 	Priest, sacrificer	Miscellaneous	14990	ιερευς 	1
178708	γραμματεύς	γραμματευς	Scribe	Writing and the Book Trade	30120	γραμματεα|γραμματεως	2
178713	ἀρχιτέκτων	αρχιτεκτων	Architect	Construction	2120	αρχιτεκτονι	1
178713	ποιητής	ποιητης	Maker, poet	Literature and Scholarship	17150	ποιητην	1
178718	γραμματεύς	γραμματευς	Scribe	Writing and the Book Trade	30120	γραμματεα	1
178719	γραμματεύς	γραμματευς	Scribe	Writing and the Book Trade	30120	γραμματεα	1
178722	γραμματεύς	γραμματευς	Scribe	Writing and the Book Trade	30120	γραμματεα	1
178723	γραμματεύς	γραμματευς	Scribe	Writing and the Book Trade	30120	γραμματεα|γραμματει	2
178724	γραμματεύς	γραμματευς	Scribe	Writing and the Book Trade	30120	γραμματεα|γραμματει|γραμματευς	3
178729	γραμματεύς	γραμματευς	Scribe	Writing and the Book Trade	30120	γραμματεως	1
178732	γραμματεύς	γραμματευς	Scribe	Writing and the Book Trade	30120	γραμματεα	1
178739	γραμματεύς	γραμματευς	Scribe	Writing and the Book Trade	30120	γραμματεα	1
178740	γραμματεύς	γραμματευς	Scribe	Writing and the Book Trade	30120	γραμματεα	1
178742	γραμματεύς	γραμματευς	Scribe	Writing and the Book Trade	30120	γραμματει	1
178745	γραμματεύς	γραμματευς	Scribe	Writing and the Book Trade	30120	γραμματεως	1
178793	μουσικός	μουσικος	Musician	Drama and Entertainment	17320	μουσικους	1
178805	ἱερεύς 	ιερευς 	Priest, sacrificer	Miscellaneous	14990	ιερευς 	1
179808	ἱεροποιός	ιεροποιος	Sacrificer	Miscellaneous	14990	ιεροποιοις	1
179831	γραμματεύς	γραμματευς	Scribe	Writing and the Book Trade	30120	γραμματεα|γραμματεως	2
179837	ἀρχιτέκτων	αρχιτεκτων	Architect	Construction	2120	αρχιτεκτων	1
179837	γραμματεύς	γραμματευς	Scribe	Writing and the Book Trade	30120	γραμματεις	1
179838	ἀρχιτέκτων	αρχιτεκτων	Architect	Construction	2120	αρχιτεκτων	1
179838	ἱππικός	ιππικος	Riding trainer	Education and Training	18190	ιππικων	1
179838	γραμματεύς	γραμματευς	Scribe	Writing and the Book Trade	30120	γραμματεα|γραμματεις	2
179839	γραμματεύς	γραμματευς	Scribe	Writing and the Book Trade	30120	γραμματεα|γραμματεις	2
179841	γραμματεύς	γραμματευς	Scribe	Writing and the Book Trade	30120	γραμματεα|γραμματεις	2
179841	ἰατρός	ιατρος	Doctor	Miscellaneous	6110	ιατροις	1
179841	ἱερεύς 	ιερευς 	Priest, sacrificer	Miscellaneous	14990	ιερευς 	1
179842	γραμματικός	γραμματικος	Grammarian	Literature and Scholarship	13920	γραμματικον	1
179842	μουσικός	μουσικος	Musician	Drama and Entertainment	17320	μουσικων	1
179842	ὑπηρετής	υπηρετης	Architect’s assistant	Construction	95990	υπηρετη	1
179842	γραμματεύς	γραμματευς	Scribe	Writing and the Book Trade	30120	γραμματεα|γραμματευς	2
179843	γραμματεύς	γραμματευς	Scribe	Writing and the Book Trade	30120	γραμματευς	1
179844	γραμματεύς	γραμματευς	Scribe	Writing and the Book Trade	30120	γραμματευς	1
179845	ἀρχιτέκτων	αρχιτεκτων	Architect	Construction	2120	αρχιτεκτων	1
179845	γραμματεύς	γραμματευς	Scribe	Writing and the Book Trade	30120	γραμματεα	1
179847	ἀρχιτέκτων	αρχιτεκτων	Architect	Construction	2120	αρχιτεκτων	1
179880	ἱερεύς 	ιερευς 	Priest, sacrificer	Miscellaneous	14990	ιερευς 	1
179881	ἱερεύς 	ιερευς 	Priest, sacrificer	Miscellaneous	14990	ιερευς 	1
179882	ἱερεύς 	ιερευς 	Priest, sacrificer	Miscellaneous	14990	ιερευς 	1
179883	ἱερεύς 	ιερευς 	Priest, sacrificer	Miscellaneous	14990	ιερευς 	1
179884	ἱερεύς 	ιερευς 	Priest, sacrificer	Miscellaneous	14990	ιερευς 	1
179896	ἱερεύς 	ιερευς 	Priest, sacrificer	Miscellaneous	14990	ιερευς 	1
179914	ἱερεύς 	ιερευς 	Priest, sacrificer	Miscellaneous	14990	ιερευς 	1
179917	ἱερεύς 	ιερευς 	Priest, sacrificer	Miscellaneous	14990	ιερευς 	1
179918	ἱερεύς 	ιερευς 	Priest, sacrificer	Miscellaneous	14990	ιερευς 	1
179919	ἱερεύς 	ιερευς 	Priest, sacrificer	Miscellaneous	14990	ιερευς 	1
179920	ἱερεύς 	ιερευς 	Priest, sacrificer	Miscellaneous	14990	ιερευς 	1
179921	ἱερεύς 	ιερευς 	Priest, sacrificer	Miscellaneous	14990	ιερευς 	1
179922	ἱερεύς 	ιερευς 	Priest, sacrificer	Miscellaneous	14990	ιερευς 	1
179923	ἱερεύς 	ιερευς 	Priest, sacrificer	Miscellaneous	14990	ιερευς 	1
179925	ἱερεύς 	ιερευς 	Priest, sacrificer	Miscellaneous	14990	ιερευς 	1
179926	ἱερεύς 	ιερευς 	Priest, sacrificer	Miscellaneous	14990	ιερευς 	1
179933	ἱερεύς 	ιερευς 	Priest, sacrificer	Miscellaneous	14990	ιερευς 	1
179934	ἱερεύς 	ιερευς 	Priest, sacrificer	Miscellaneous	14990	ιερευς 	1
179939	ἱερεύς 	ιερευς 	Priest, sacrificer	Miscellaneous	14990	ιερευς 	1
179976	γραμματεύς	γραμματευς	Scribe	Writing and the Book Trade	30120	γραμματευς	1
9	γραμματεύς	γραμματευς	Scribe	Writing and the Book Trade	30120	γραμματευς	1
11	γραμματεύς	γραμματευς	Scribe	Writing and the Book Trade	30120	γραμματεα	1
23	γραμματεύς	γραμματευς	Scribe	Writing and the Book Trade	30120	γραμματευς	1
26	γραμματεύς	γραμματευς	Scribe	Writing and the Book Trade	30120	γραμματεα	1
36	γραμματεύς	γραμματευς	Scribe	Writing and the Book Trade	30120	γραμματευς	1
39	γραμματεύς	γραμματευς	Scribe	Writing and the Book Trade	30120	γραμματεα	1
42	γραμματεύς	γραμματευς	Scribe	Writing and the Book Trade	30120	γραμματεα	1
51	ἀρχιτέκτων	αρχιτεκτων	Architect	Construction	2120	αρχιτεκτον	1
52	ἀρχιτέκτων	αρχιτεκτων	Architect	Construction	2120	αρχιτεκτονα	1
54	γραμματεύς	γραμματευς	Scribe	Writing and the Book Trade	30120	γραμματευς	1
55	γραμματεύς	γραμματευς	Scribe	Writing and the Book Trade	30120	γραμματεα	1
60	γραμματεύς	γραμματευς	Scribe	Writing and the Book Trade	30120	γραμματεα	1
63	γραμματεύς	γραμματευς	Scribe	Writing and the Book Trade	30120	γραμματεα	1
65	γραμματεύς	γραμματευς	Scribe	Writing and the Book Trade	30120	γραμματεα	1
66	γραμματεύς	γραμματευς	Scribe	Writing and the Book Trade	30120	γραμματεα	1
71	γραμματεύς	γραμματευς	Scribe	Writing and the Book Trade	30120	γραμματεα|γραμματευς	2
72	γραμματεύς	γραμματευς	Scribe	Writing and the Book Trade	30120	γραμματευς	1
75	γραμματεύς	γραμματευς	Scribe	Writing and the Book Trade	30120	γραμματεα	1
81	γραμματεύς	γραμματευς	Scribe	Writing and the Book Trade	30120	γραμματευς	1
82	γραμματεύς	γραμματευς	Scribe	Writing and the Book Trade	30120	γραμματεα	1
83	ἀρχιτέκτων	αρχιτεκτων	Architect	Construction	2120	αρχιτεκτονι	1
83	γραμματεύς	γραμματευς	Scribe	Writing and the Book Trade	30120	γραμματευς	1
85	γραμματεύς	γραμματευς	Scribe	Writing and the Book Trade	30120	γραμματευς	1
88	γραμματεύς	γραμματευς	Scribe	Writing and the Book Trade	30120	γραμματεα	1
90	γραμματεύς	γραμματευς	Scribe	Writing and the Book Trade	30120	γραμματεα|γραμματευς	2
99	γραμματεύς	γραμματευς	Scribe	Writing and the Book Trade	30120	γραμματεα	1
103	γραμματεύς	γραμματευς	Scribe	Writing and the Book Trade	30120	γραμματεα|γραμματευς	2
104	γραμματεύς	γραμματευς	Scribe	Writing and the Book Trade	30120	γραμματεα	1
107	γραμματεύς	γραμματευς	Scribe	Writing and the Book Trade	30120	γραμματεα	1
111	γραμματεύς	γραμματευς	Scribe	Writing and the Book Trade	30120	γραμματεα	1
115	γραμματεύς	γραμματευς	Scribe	Writing and the Book Trade	30120	γραμματεα	1
120	γραμματεύς	γραμματευς	Scribe	Writing and the Book Trade	30120	γραμματεα	1
121	γραμματεύς	γραμματευς	Scribe	Writing and the Book Trade	30120	γραμματεα	1
125	γραμματεύς	γραμματευς	Scribe	Writing and the Book Trade	30120	γραμματεα	1
128	γραμματεύς	γραμματευς	Scribe	Writing and the Book Trade	30120	γραμματεα	1
129	γραμματεύς	γραμματευς	Scribe	Writing and the Book Trade	30120	γραμματεα|γραμματει	2
132	ἀρχιτέκτων	αρχιτεκτων	Architect	Construction	2120	αρχιτεκτον	1
132	γραμματεύς	γραμματευς	Scribe	Writing and the Book Trade	30120	γραμματευς	1
134	ἀρχιτέκτων	αρχιτεκτων	Architect	Construction	2120	αρχιτεκτον|αρχιτεκτονα	2
135	ἔμπορος	εμπορος	Maritime trader	Seafaring/Maritime	41110	εμπορον	1
138	γραμματεύς	γραμματευς	Scribe	Writing and the Book Trade	30120	γραμματευς	1
151	γραμματεύς	γραμματευς	Scribe	Writing and the Book Trade	30120	γραμματευς	1
155	γραμματεύς	γραμματευς	Scribe	Writing and the Book Trade	30120	γραμματευς	1
158	γραμματεύς	γραμματευς	Scribe	Writing and the Book Trade	30120	γραμματευς	1
161	γραμματεύς	γραμματευς	Scribe	Writing and the Book Trade	30120	γραμματευς	1
165	γραμματεύς	γραμματευς	Scribe	Writing and the Book Trade	30120	γραμματευς	1
166	γραμματεύς	γραμματευς	Scribe	Writing and the Book Trade	30120	γραμματεα	1
170	γραμματεύς	γραμματευς	Scribe	Writing and the Book Trade	30120	γραμματευς	1
174	γραμματεύς	γραμματευς	Scribe	Writing and the Book Trade	30120	γραμματεα	1
178	γραμματεύς	γραμματευς	Scribe	Writing and the Book Trade	30120	γραμματευς	1
179	γραμματεύς	γραμματευς	Scribe	Writing and the Book Trade	30120	γραμματευς	1
183	γραμματεύς	γραμματευς	Scribe	Writing and the Book Trade	30120	γραμματεα	1
184	γραμματεύς	γραμματευς	Scribe	Writing and the Book Trade	30120	γραμματεα	1
187	γραμματεύς	γραμματευς	Scribe	Writing and the Book Trade	30120	γραμματεα	1
188	γραμματεύς	γραμματευς	Scribe	Writing and the Book Trade	30120	γραμματεα	1
199	γραμματεύς	γραμματευς	Scribe	Writing and the Book Trade	30120	γραμματευς	1
200	γραμματεύς	γραμματευς	Scribe	Writing and the Book Trade	30120	γραμματευς	1
203	γραμματεύς	γραμματευς	Scribe	Writing and the Book Trade	30120	γραμματεα	1
205	γραμματεύς	γραμματευς	Scribe	Writing and the Book Trade	30120	γραμματευς	1
235	γραμματεύς	γραμματευς	Scribe	Writing and the Book Trade	30120	γραμματεα	1
236	γραμματεύς	γραμματευς	Scribe	Writing and the Book Trade	30120	γραμματεα	1
348	ἱερεύς 	ιερευς 	Priest, sacrificer	Miscellaneous	14990	ιερευς 	1
393	ἱεροποιός	ιεροποιος	Sacrificer	Miscellaneous	14990	ιεροποιοι	1
434	χαλκεύς	χαλκευς	Smith	Metalwork	72110	χαλκευς	1
438	ὀβελισκοποιός	οβελισκοποιος	Skewer maker	Metalwork	83120	οβελισκοποιος	1
438	σκυτότομος	σκυτοτομος	Leather worker/shoemaker	Leatherwork and Footwear	80110	σκυτοτομος	1
447	γραμματεύς	γραμματευς	Scribe	Writing and the Book Trade	30120	γραμματει	1
448	τέκτων	τεκτων	Carpenter/joiner	Woodwork	95110	τεκτοσι	1
457	ἀγαλματοποιός	αγαλματοποιος	Statue maker	Stonework	16120	αγαλματοποιοις	1
458	ἀγαλματοποιός	αγαλματοποιος	Statue maker	Stonework	16120	αγαλματοποιοις	1
459	ἀγαλματοποιός	αγαλματοποιος	Statue maker	Stonework	16120	αγαλματοποιοις	1
460	ἀγαλματοποιός	αγαλματοποιος	Statue maker	Stonework	16120	αγαλματοποιοις	1
461	ἀγαλματοποιός	αγαλματοποιος	Statue maker	Stonework	16120	αγαλματοποιοις	1
478	τέκτων	τεκτων	Carpenter/joiner	Woodwork	95110	τεκτοσι	1
481	γραμματεύς	γραμματευς	Scribe	Writing and the Book Trade	30120	γραμματευς	1
484	γραμματεύς	γραμματευς	Scribe	Writing and the Book Trade	30120	γραμματευς	1
486	ἀρχιτέκτων	αρχιτεκτων	Architect	Construction	2120	αρχιτεκτον	1
486	γραμματεύς	γραμματευς	Scribe	Writing and the Book Trade	30120	γραμματευς	1
487	γραφεύς	γραφευς	Scrivener/copyist	Writing and the Book Trade	30120	γραφει	1
487	πρίστης	πριστης	Sawyer	Woodwork	73990	πρισταις	1
487	τέκτων	τεκτων	Carpenter/joiner	Woodwork	95110	τεκτονι|τεκτοσι	2
488	ἀρχιτέκτων	αρχιτεκτων	Architect	Construction	2120	αρχιτεκτον|αρχιτεκτονι	2
488	πρίστης	πριστης	Sawyer	Woodwork	73990	πρισταις	1
488	τέκτων	τεκτων	Carpenter/joiner	Woodwork	95110	τεκτονι	1
488	χρυσόχοος	χρυσοχοος	Goldsmith	Metalwork	72110	χρυσοχοοις	1
1825	γραμματεύς	γραμματευς	Scribe	Writing and the Book Trade	30120	γραμματεα|γραμματει|γραμματευς	3
1826	γραμματεύς	γραμματευς	Scribe	Writing and the Book Trade	30120	γραμματεα	1
1828	γραμματεύς	γραμματευς	Scribe	Writing and the Book Trade	30120	γραμματεα	1
1829	γραμματεύς	γραμματευς	Scribe	Writing and the Book Trade	30120	γραμματεα	1
1830	γραμματεύς	γραμματευς	Scribe	Writing and the Book Trade	30120	γραμματεα	1
1833	γραμματεύς	γραμματευς	Scribe	Writing and the Book Trade	30120	γραμματεα	1
1836	γραμματεύς	γραμματευς	Scribe	Writing and the Book Trade	30120	γραμματεα	1
1837	γραμματεύς	γραμματευς	Scribe	Writing and the Book Trade	30120	γραμματεα	1
1843	γραμματεύς	γραμματευς	Scribe	Writing and the Book Trade	30120	γραμματεα	1
1845	γραμματεύς	γραμματευς	Scribe	Writing and the Book Trade	30120	γραμματεα	1
1846	γραμματεύς	γραμματευς	Scribe	Writing and the Book Trade	30120	γραμματεα	1
1848	γραμματεύς	γραμματευς	Scribe	Writing and the Book Trade	30120	γραμματεα|γραμματει	2
1853	γραμματεύς	γραμματευς	Scribe	Writing and the Book Trade	30120	γραμματεα	1
1855	γραμματεύς	γραμματευς	Scribe	Writing and the Book Trade	30120	γραμματεα|γραμματει	2
1856	γραμματεύς	γραμματευς	Scribe	Writing and the Book Trade	30120	γραμματεα	1
1857	γραμματεύς	γραμματευς	Scribe	Writing and the Book Trade	30120	γραμματει	1
1861	γραμματεύς	γραμματευς	Scribe	Writing and the Book Trade	30120	γραμματει	1
1863	γραμματεύς	γραμματευς	Scribe	Writing and the Book Trade	30120	γραμματεα	1
1864	γραμματεύς	γραμματευς	Scribe	Writing and the Book Trade	30120	γραμματεα|γραμματει	2
1865	γραμματεύς	γραμματευς	Scribe	Writing and the Book Trade	30120	γραμματεα	1
1866	γραμματεύς	γραμματευς	Scribe	Writing and the Book Trade	30120	γραμματεα	1
1867	γραμματεύς	γραμματευς	Scribe	Writing and the Book Trade	30120	γραμματευς	1
1871	ἱεροποιός	ιεροποιος	Sacrificer	Miscellaneous	14990	ιεροποιοις|ιεροποιος	2
1871	ἱερεύς 	ιερευς 	Priest, sacrificer	Miscellaneous	14990	ιερευς 	1
1875	γραμματεύς	γραμματευς	Scribe	Writing and the Book Trade	30120	γραμματεα	1
1876	γραμματεύς	γραμματευς	Scribe	Writing and the Book Trade	30120	γραμματεα	1
1877	γραμματεύς	γραμματευς	Scribe	Writing and the Book Trade	30120	γραμματεα|γραμματει	2
1878	γραμματεύς	γραμματευς	Scribe	Writing and the Book Trade	30120	γραμματεα	1
1880	γραμματεύς	γραμματευς	Scribe	Writing and the Book Trade	30120	γραμματεα|γραμματει	2
1881	γραμματεύς	γραμματευς	Scribe	Writing and the Book Trade	30120	γραμματεα	1
1887	γραμματεύς	γραμματευς	Scribe	Writing and the Book Trade	30120	γραμματεα	1
1893	γραμματεύς	γραμματευς	Scribe	Writing and the Book Trade	30120	γραμματεα	1
1894	γραμματεύς	γραμματευς	Scribe	Writing and the Book Trade	30120	γραμματεα	1
1897	γραμματεύς	γραμματευς	Scribe	Writing and the Book Trade	30120	γραμματεα	1
1900	γραμματεύς	γραμματευς	Scribe	Writing and the Book Trade	30120	γραμματευς	1
1901	γραμματεύς	γραμματευς	Scribe	Writing and the Book Trade	30120	γραμματεα	1
1902	γραμματεύς	γραμματευς	Scribe	Writing and the Book Trade	30120	γραμματεα	1
1903	γραμματεύς	γραμματευς	Scribe	Writing and the Book Trade	30120	γραμματεα	1
1904	γραμματεύς	γραμματευς	Scribe	Writing and the Book Trade	30120	γραμματεα	1
1905	γραμματεύς	γραμματευς	Scribe	Writing and the Book Trade	30120	γραμματευς	1
1907	γραμματεύς	γραμματευς	Scribe	Writing and the Book Trade	30120	γραμματεα	1
1908	γραμματεύς	γραμματευς	Scribe	Writing and the Book Trade	30120	γραμματεα	1
1919	γραμματεύς	γραμματευς	Scribe	Writing and the Book Trade	30120	γραμματεα	1
1920	γραμματεύς	γραμματευς	Scribe	Writing and the Book Trade	30120	γραμματεα	1
1927	γραμματεύς	γραμματευς	Scribe	Writing and the Book Trade	30120	γραμματεα	1
1930	γραμματεύς	γραμματευς	Scribe	Writing and the Book Trade	30120	γραμματευς	1
1931	γραμματεύς	γραμματευς	Scribe	Writing and the Book Trade	30120	γραμματεα|γραμματει	2
1933	γραμματεύς	γραμματευς	Scribe	Writing and the Book Trade	30120	γραμματεα	1
1935	γραμματεύς	γραμματευς	Scribe	Writing and the Book Trade	30120	γραμματεα|γραμματει	2
1940	γραμματεύς	γραμματευς	Scribe	Writing and the Book Trade	30120	γραμματεα	1
1941	γραμματεύς	γραμματευς	Scribe	Writing and the Book Trade	30120	γραμματεα|γραμματει	2
1944	γραμματεύς	γραμματευς	Scribe	Writing and the Book Trade	30120	γραμματεα|γραμματεας	2
1948	γραμματεύς	γραμματευς	Scribe	Writing and the Book Trade	30120	γραμματεα	1
1956	γραμματεύς	γραμματευς	Scribe	Writing and the Book Trade	30120	γραμματεα	1
1957	γραμματεύς	γραμματευς	Scribe	Writing and the Book Trade	30120	γραμματεα	1
1965	γραμματεύς	γραμματευς	Scribe	Writing and the Book Trade	30120	γραμματει|γραμματευς	2
1966	γραμματεύς	γραμματευς	Scribe	Writing and the Book Trade	30120	γραμματεα	1
1973	γραμματεύς	γραμματευς	Scribe	Writing and the Book Trade	30120	γραμματεα	1
1997	γραμματεύς	γραμματευς	Scribe	Writing and the Book Trade	30120	γραμματει	1
1998	γραμματεύς	γραμματευς	Scribe	Writing and the Book Trade	30120	γραμματεα	1
2000	γραμματεύς	γραμματευς	Scribe	Writing and the Book Trade	30120	γραμματει	1
2008	γραμματεύς	γραμματευς	Scribe	Writing and the Book Trade	30120	γραμματεα	1
2012	γραμματεύς	γραμματευς	Scribe	Writing and the Book Trade	30120	γραμματεα	1
2013	γραμματεύς	γραμματευς	Scribe	Writing and the Book Trade	30120	γραμματεα	1
2019	γραμματεύς	γραμματευς	Scribe	Writing and the Book Trade	30120	γραμματεα	1
2020	γραμματεύς	γραμματευς	Scribe	Writing and the Book Trade	30120	γραμματεα	1
2021	γραμματεύς	γραμματευς	Scribe	Writing and the Book Trade	30120	γραμματεα	1
2022	γραμματεύς	γραμματευς	Scribe	Writing and the Book Trade	30120	γραμματεα	1
2030	γραμματεύς	γραμματευς	Scribe	Writing and the Book Trade	30120	γραμματεα	1
2034	γραμματεύς	γραμματευς	Scribe	Writing and the Book Trade	30120	γραμματεα	1
2035	γραμματεύς	γραμματευς	Scribe	Writing and the Book Trade	30120	γραμματεα	1
2036	γραμματεύς	γραμματευς	Scribe	Writing and the Book Trade	30120	γραμματεα|γραμματει	2
2040	ἀγαλματοποιός	αγαλματοποιος	Statue maker	Stonework	16120	αγαλματοποιων	1
2040	ἀρχιτέκτων	αρχιτεκτων	Architect	Construction	2120	αρχιτεκτονος	1
2041	ἀγαλματοποιός	αγαλματοποιος	Statue maker	Stonework	16120	αγαλματοποιων	1
2041	ἀρχιτέκτων	αρχιτεκτων	Architect	Construction	2120	αρχιτεκτονος	1
2044	γραμματεύς	γραμματευς	Scribe	Writing and the Book Trade	30120	γραμματεα	1
2045	γραμματεύς	γραμματευς	Scribe	Writing and the Book Trade	30120	γραμματεα|γραμματει	2
2046	γραμματεύς	γραμματευς	Scribe	Writing and the Book Trade	30120	γραμματεα	1
2054	γραμματεύς	γραμματευς	Scribe	Writing and the Book Trade	30120	γραμματεα	1
2056	γραμματεύς	γραμματευς	Scribe	Writing and the Book Trade	30120	γραμματεα	1
2059	γραμματεύς	γραμματευς	Scribe	Writing and the Book Trade	30120	γραμματεα	1
2069	γραμματεύς	γραμματευς	Scribe	Writing and the Book Trade	30120	γραμματεα	1
2074	γραμματεύς	γραμματευς	Scribe	Writing and the Book Trade	30120	γραμματεα	1
2076	γραμματεύς	γραμματευς	Scribe	Writing and the Book Trade	30120	γραμματεα	1
2077	γραμματεύς	γραμματευς	Scribe	Writing and the Book Trade	30120	γραμματεα	1
2080	γραμματεύς	γραμματευς	Scribe	Writing and the Book Trade	30120	γραμματεα	1
2081	γραμματεύς	γραμματευς	Scribe	Writing and the Book Trade	30120	γραμματεα	1
2088	γραμματεύς	γραμματευς	Scribe	Writing and the Book Trade	30120	γραμματει	1
2089	γραμματεύς	γραμματευς	Scribe	Writing and the Book Trade	30120	γραμματεα	1
2093	γραμματεύς	γραμματευς	Scribe	Writing and the Book Trade	30120	γραμματεα	1
2099	γραμματεύς	γραμματευς	Scribe	Writing and the Book Trade	30120	γραμματεα	1
2102	γραμματεύς	γραμματευς	Scribe	Writing and the Book Trade	30120	γραμματεα	1
2105	γραμματεύς	γραμματευς	Scribe	Writing and the Book Trade	30120	γραμματεα	1
2110	γραμματεύς	γραμματευς	Scribe	Writing and the Book Trade	30120	γραμματεα	1
2111	γραμματεύς	γραμματευς	Scribe	Writing and the Book Trade	30120	γραμματεα	1
2113	γραμματεύς	γραμματευς	Scribe	Writing and the Book Trade	30120	γραμματεα	1
2116	γραμματεύς	γραμματευς	Scribe	Writing and the Book Trade	30120	γραμματεα	1
2121	γραμματεύς	γραμματευς	Scribe	Writing and the Book Trade	30120	γραμματευς	1
2122	γραμματεύς	γραμματευς	Scribe	Writing and the Book Trade	30120	γραμματει	1
2124	γραμματεύς	γραμματευς	Scribe	Writing and the Book Trade	30120	γραμματεα	1
2165	γραμματεύς	γραμματευς	Scribe	Writing and the Book Trade	30120	γραμματεα	1
2197	γραμματεύς	γραμματευς	Scribe	Writing and the Book Trade	30120	γραμματεα	1
2197	ἰατρός	ιατρος	Doctor	Miscellaneous	6110	ιατρος	1
2209	γραμματεύς	γραμματευς	Scribe	Writing and the Book Trade	30120	γραμματεως	1
2211	γραμματεύς	γραμματευς	Scribe	Writing and the Book Trade	30120	γραμματευς	1
2227	ἀνδριαντοποιός	ανδριαντοποιος	Statue maker	Stonework	16120	ανδριαντοποιον	1
2233	ἔμπορος	εμπορος	Maritime trader	Seafaring/Maritime	41110	εμπορων	1
2233	ναύκληρος	ναυκληρος	Shipmaster	Seafaring/Maritime	98110	ναυκληρων	1
2234	γραμματεύς	γραμματευς	Scribe	Writing and the Book Trade	30120	γραμματεα	1
2234	ἱεροποιός	ιεροποιος	Sacrificer	Miscellaneous	14990	ιεροποιοι|ιεροποιους	2
2234	ἱερεύς 	ιερευς 	Priest, sacrificer	Miscellaneous	14990	ιερευς 	1
2239	ἔμπορος	εμπορος	Maritime trader	Seafaring/Maritime	41110	εμποροι|εμπορων	2
2239	ναύκληρος	ναυκληρος	Shipmaster	Seafaring/Maritime	98110	ναυκληρων	1
2241	γραμματεύς	γραμματευς	Scribe	Writing and the Book Trade	30120	γραμματεα	1
2247	γραμματεύς	γραμματευς	Scribe	Writing and the Book Trade	30120	γραμματεα	1
2248	γραμματεύς	γραμματευς	Scribe	Writing and the Book Trade	30120	γραμματεα	1
2249	γραμματεύς	γραμματευς	Scribe	Writing and the Book Trade	30120	γραμματεα	1
2256	γραμματεύς	γραμματευς	Scribe	Writing and the Book Trade	30120	γραμματεα	1
2279	ἀρχιτέκτων	αρχιτεκτων	Architect	Construction	2120	αρχιτεκτονα	1
2279	γραμματεύς	γραμματευς	Scribe	Writing and the Book Trade	30120	γραμματεα	1
2289	ἀρχιτέκτων	αρχιτεκτων	Architect	Construction	2120	αρχιτεκτονα	1
2289	γραμματεύς	γραμματευς	Scribe	Writing and the Book Trade	30120	γραμματεα	1
2301	διδάσκαλος	διδασκαλος	Teacher	Education and Training	13130	διδασκαλοις|διδασκαλων	2
2301	παιδοτρίβης	παιδοτριβης	Physical trainer	Education and Training	18190	παιδοτριβην	1
2301	γραμματεύς	γραμματευς	Scribe	Writing and the Book Trade	30120	γραμματεα	1
2302	γραμματεύς	γραμματευς	Scribe	Writing and the Book Trade	30120	γραμματεα	1
2306	γραμματεύς	γραμματευς	Scribe	Writing and the Book Trade	30120	γραμματεα	1
2306	ἰατρός	ιατρος	Doctor	Miscellaneous	6110	ιατρος	1
2310	γραμματεύς	γραμματευς	Scribe	Writing and the Book Trade	30120	γραμματεα	1
2311	γραμματεύς	γραμματευς	Scribe	Writing and the Book Trade	30120	γραμματεα	1
2319	γραμματεύς	γραμματευς	Scribe	Writing and the Book Trade	30120	γραμματεα	1
2323	ἀρχιτέκτων	αρχιτεκτων	Architect	Construction	2120	αρχιτεκτονα	1
2323	γραμματεύς	γραμματευς	Scribe	Writing and the Book Trade	30120	γραμματεα	1
2328	γραμματεύς	γραμματευς	Scribe	Writing and the Book Trade	30120	γραμματεα	1
2332	γραμματεύς	γραμματευς	Scribe	Writing and the Book Trade	30120	γραμματεα	1
2333	γραμματεύς	γραμματευς	Scribe	Writing and the Book Trade	30120	γραμματεα	1
2334	γραμματεύς	γραμματευς	Scribe	Writing and the Book Trade	30120	γραμματεα	1
2335	ἀρχιτέκτων	αρχιτεκτων	Architect	Construction	2120	αρχιτεκτονα	1
2335	γραμματεύς	γραμματευς	Scribe	Writing and the Book Trade	30120	γραμματεα	1
2336	γραμματεύς	γραμματευς	Scribe	Writing and the Book Trade	30120	γραμματεα	1
2339	γραμματεύς	γραμματευς	Scribe	Writing and the Book Trade	30120	γραμματεα	1
2342	γραμματεύς	γραμματευς	Scribe	Writing and the Book Trade	30120	γραμματεα	1
2343	γραμματεύς	γραμματευς	Scribe	Writing and the Book Trade	30120	γραμματεα	1
2344	γραμματεύς	γραμματευς	Scribe	Writing and the Book Trade	30120	γραμματεα	1
2345	γραμματεύς	γραμματευς	Scribe	Writing and the Book Trade	30120	γραμματεα	1
2349	γραμματεύς	γραμματευς	Scribe	Writing and the Book Trade	30120	γραμματεα	1
2350	γραμματεύς	γραμματευς	Scribe	Writing and the Book Trade	30120	γραμματεα	1
2352	γραμματεύς	γραμματευς	Scribe	Writing and the Book Trade	30120	γραμματεα	1
2366	γραμματεύς	γραμματευς	Scribe	Writing and the Book Trade	30120	γραμματεα	1
2369	γραμματεύς	γραμματευς	Scribe	Writing and the Book Trade	30120	γραμματεα	1
2375	ὑπηρετής	υπηρετης	Architect’s assistant	Construction	95990	υπηρετων	1
2375	γραμματεύς	γραμματευς	Scribe	Writing and the Book Trade	30120	γραμματεα	1
2378	ναύτης	ναυτης	Sailor	Seafaring/Maritime	98110	ναυτας	1
2379	γραμματεύς	γραμματευς	Scribe	Writing and the Book Trade	30120	γραμματεα	1
2382	γραμματεύς	γραμματευς	Scribe	Writing and the Book Trade	30120	γραμματεα	1
2391	ἀρχιτέκτων	αρχιτεκτων	Architect	Construction	2120	αρχιτεκτονα	1
2391	γραμματεύς	γραμματευς	Scribe	Writing and the Book Trade	30120	γραμματεα	1
2394	γραμματεύς	γραμματευς	Scribe	Writing and the Book Trade	30120	γραμματεα	1
2395	γραμματεύς	γραμματευς	Scribe	Writing and the Book Trade	30120	γραμματεα	1
2396	γραμματεύς	γραμματευς	Scribe	Writing and the Book Trade	30120	γραμματεα	1
2400	γραμματεύς	γραμματευς	Scribe	Writing and the Book Trade	30120	γραμματεα	1
2401	γραμματεύς	γραμματευς	Scribe	Writing and the Book Trade	30120	γραμματεα	1
2403	γραμματεύς	γραμματευς	Scribe	Writing and the Book Trade	30120	γραμματεα	1
2407	γραμματεύς	γραμματευς	Scribe	Writing and the Book Trade	30120	γραμματεα|γραμματει	2
2409	παιδοτρίβης	παιδοτριβης	Physical trainer	Education and Training	18190	παιδοτριβης	1
2413	γραμματεύς	γραμματευς	Scribe	Writing and the Book Trade	30120	γραμματεα	1
2414	γραμματεύς	γραμματευς	Scribe	Writing and the Book Trade	30120	γραμματεα	1
2418	γραμματεύς	γραμματευς	Scribe	Writing and the Book Trade	30120	γραμματεα	1
2431	γραμματεύς	γραμματευς	Scribe	Writing and the Book Trade	30120	γραμματεα	1
2435	γραμματεύς	γραμματευς	Scribe	Writing and the Book Trade	30120	γραμματεα	1
2465	γραμματεύς	γραμματευς	Scribe	Writing and the Book Trade	30120	γραμματεα	1
2470	γραμματεύς	γραμματευς	Scribe	Writing and the Book Trade	30120	γραμματεα	1
2473	γραμματεύς	γραμματευς	Scribe	Writing and the Book Trade	30120	γραμματεως	1
2475	γραμματεύς	γραμματευς	Scribe	Writing and the Book Trade	30120	γραμματεα	1
2476	γραμματεύς	γραμματευς	Scribe	Writing and the Book Trade	30120	γραμματεα	1
2477	γραμματεύς	γραμματευς	Scribe	Writing and the Book Trade	30120	γραμματεα	1
2481	γραμματεύς	γραμματευς	Scribe	Writing and the Book Trade	30120	γραμματεα	1
2484	γραμματεύς	γραμματευς	Scribe	Writing and the Book Trade	30120	γραμματεα	1
2487	γραμματεύς	γραμματευς	Scribe	Writing and the Book Trade	30120	γραμματεα	1
2489	παιδοτρίβης	παιδοτριβης	Physical trainer	Education and Training	18190	παιδοτριβην	1
2489	γραμματεύς	γραμματευς	Scribe	Writing and the Book Trade	30120	γραμματεα	1
2492	γραμματεύς	γραμματευς	Scribe	Writing and the Book Trade	30120	γραμματεα	1
2496	γραμματεύς	γραμματευς	Scribe	Writing and the Book Trade	30120	γραμματεα	1
2499	γραμματεύς	γραμματευς	Scribe	Writing and the Book Trade	30120	γραμματεα	1
2500	γραμματεύς	γραμματευς	Scribe	Writing and the Book Trade	30120	γραμματεα	1
2501	γραμματεύς	γραμματευς	Scribe	Writing and the Book Trade	30120	γραμματεα	1
2511	γραμματεύς	γραμματευς	Scribe	Writing and the Book Trade	30120	γραμματεα	1
2513	γραμματεύς	γραμματευς	Scribe	Writing and the Book Trade	30120	γραμματεα	1
2513	ἱερεύς 	ιερευς 	Priest, sacrificer	Miscellaneous	14990	ιερευς 	1
2514	γραμματεύς	γραμματευς	Scribe	Writing and the Book Trade	30120	γραμματεα	1
2514	ἱερεύς 	ιερευς 	Priest, sacrificer	Miscellaneous	14990	ιερευς 	1
2519	γραμματεύς	γραμματευς	Scribe	Writing and the Book Trade	30120	γραμματεα	1
2520	γραμματεύς	γραμματευς	Scribe	Writing and the Book Trade	30120	γραμματεα	1
2524	παιδοτρίβης	παιδοτριβης	Physical trainer	Education and Training	18190	παιδοτριβην	1
2524	γραμματεύς	γραμματευς	Scribe	Writing and the Book Trade	30120	γραμματεα	1
2530	γραμματεύς	γραμματευς	Scribe	Writing and the Book Trade	30120	γραμματεα	1
2531	γραμματεύς	γραμματευς	Scribe	Writing and the Book Trade	30120	γραμματεα	1
2534	γραμματεύς	γραμματευς	Scribe	Writing and the Book Trade	30120	γραμματεα	1
2535	γραμματεύς	γραμματευς	Scribe	Writing and the Book Trade	30120	γραμματεα	1
2536	γραμματεύς	γραμματευς	Scribe	Writing and the Book Trade	30120	γραμματεα	1
2537	γραμματεύς	γραμματευς	Scribe	Writing and the Book Trade	30120	γραμματεα	1
2541	γραμματεύς	γραμματευς	Scribe	Writing and the Book Trade	30120	γραμματεα	1
2545	γραμματεύς	γραμματευς	Scribe	Writing and the Book Trade	30120	γραμματεα	1
2546	γραμματεύς	γραμματευς	Scribe	Writing and the Book Trade	30120	γραμματεα	1
2547	γραμματεύς	γραμματευς	Scribe	Writing and the Book Trade	30120	γραμματεα	1
2549	γραμματεύς	γραμματευς	Scribe	Writing and the Book Trade	30120	γραμματεα	1
2564	γραμματεύς	γραμματευς	Scribe	Writing and the Book Trade	30120	γραμματεα	1
2589	παιδοτρίβης	παιδοτριβης	Physical trainer	Education and Training	18190	παιδοτριβην	1
2589	γραμματεύς	γραμματευς	Scribe	Writing and the Book Trade	30120	γραμματεα	1
2595	ἰατρός	ιατρος	Doctor	Miscellaneous	6110	ιατροις	1
2598	γραμματεύς	γραμματευς	Scribe	Writing and the Book Trade	30120	γραμματεα	1
2598	ἱερεύς 	ιερευς 	Priest, sacrificer	Miscellaneous	14990	ιερευς 	1
2599	γραμματεύς	γραμματευς	Scribe	Writing and the Book Trade	30120	γραμματεα	1
2603	γραμματεύς	γραμματευς	Scribe	Writing and the Book Trade	30120	γραμματεα	1
2606	ἱερεύς 	ιερευς 	Priest, sacrificer	Miscellaneous	14990	ιερευς 	1
2607	μουσικός	μουσικος	Musician	Drama and Entertainment	17320	μουσικου	1
2609	γραμματεύς	γραμματευς	Scribe	Writing and the Book Trade	30120	γραμματεα	1
2611	γραμματεύς	γραμματευς	Scribe	Writing and the Book Trade	30120	γραμματεα	1
2611	ἱερεύς 	ιερευς 	Priest, sacrificer	Miscellaneous	14990	ιερευς 	1
2612	γραμματεύς	γραμματευς	Scribe	Writing and the Book Trade	30120	γραμματεα	1
2615	ἀρχιτέκτων	αρχιτεκτων	Architect	Construction	2120	αρχιτεκτονα	1
2615	γραμματεύς	γραμματευς	Scribe	Writing and the Book Trade	30120	γραμματεα|γραμματεως	2
2616	γραμματεύς	γραμματευς	Scribe	Writing and the Book Trade	30120	γραμματευς	1
2624	γραμματεύς	γραμματευς	Scribe	Writing and the Book Trade	30120	γραμματεα	1
2626	γραμματεύς	γραμματευς	Scribe	Writing and the Book Trade	30120	γραμματεα	1
2628	γραμματεύς	γραμματευς	Scribe	Writing and the Book Trade	30120	γραμματεα	1
2629	γραμματεύς	γραμματευς	Scribe	Writing and the Book Trade	30120	γραμματεα	1
2631	γραμματεύς	γραμματευς	Scribe	Writing and the Book Trade	30120	γραμματεα	1
2632	γραμματεύς	γραμματευς	Scribe	Writing and the Book Trade	30120	γραμματεα	1
2633	γραμματεύς	γραμματευς	Scribe	Writing and the Book Trade	30120	γραμματεα	1
2634	γραμματεύς	γραμματευς	Scribe	Writing and the Book Trade	30120	γραμματεα	1
2635	γραμματεύς	γραμματευς	Scribe	Writing and the Book Trade	30120	γραμματεα	1
2643	γραμματεύς	γραμματευς	Scribe	Writing and the Book Trade	30120	γραμματεα	1
2644	γραμματεύς	γραμματευς	Scribe	Writing and the Book Trade	30120	γραμματεα	1
2659	γραμματεύς	γραμματευς	Scribe	Writing and the Book Trade	30120	γραμματεα	1
2663	ἀρχιτέκτων	αρχιτεκτων	Architect	Construction	2120	αρχιτεκτονος	1
2663	ἰατρός	ιατρος	Doctor	Miscellaneous	6110	ιατρου	1
2663	ἱερεύς 	ιερευς 	Priest, sacrificer	Miscellaneous	14990	ιερευς 	1
2664	ἀρχιτέκτων	αρχιτεκτων	Architect	Construction	2120	αρχιτεκτονος	1
2664	ἰατρός	ιατρος	Doctor	Miscellaneous	6110	ιατρου	1
2664	ἱερεύς 	ιερευς 	Priest, sacrificer	Miscellaneous	14990	ιερευς 	1
2665	ἀρχιτέκτων	αρχιτεκτων	Architect	Construction	2120	αρχιτεκτονος	1
2666	ἀρχιτέκτων	αρχιτεκτων	Architect	Construction	2120	αρχιτεκτονος	1
2668	γραμματεύς	γραμματευς	Scribe	Writing and the Book Trade	30120	γραμματεα	1
2669	γραμματεύς	γραμματευς	Scribe	Writing and the Book Trade	30120	γραμματεα	1
2678	γραμματεύς	γραμματευς	Scribe	Writing and the Book Trade	30120	γραμματεα	1
2679	γραμματεύς	γραμματευς	Scribe	Writing and the Book Trade	30120	γραμματεα	1
2680	γραμματεύς	γραμματευς	Scribe	Writing and the Book Trade	30120	γραμματεα	1
2681	γραμματεύς	γραμματευς	Scribe	Writing and the Book Trade	30120	γραμματεα	1
2686	γραμματεύς	γραμματευς	Scribe	Writing and the Book Trade	30120	γραμματεα	1
2687	γραμματεύς	γραμματευς	Scribe	Writing and the Book Trade	30120	γραμματεα	1
2688	γραμματεύς	γραμματευς	Scribe	Writing and the Book Trade	30120	γραμματεα	1
2701	ὑπηρετής	υπηρετης	Architect’s assistant	Construction	95990	υπηρετην	1
2709	γραμματεύς	γραμματευς	Scribe	Writing and the Book Trade	30120	γραμματεα	1
2717	γραμματεύς	γραμματευς	Scribe	Writing and the Book Trade	30120	γραμματεα	1
2721	διδάσκαλος	διδασκαλος	Teacher	Education and Training	13130	διδασκαλον	1
2721	γραμματεύς	γραμματευς	Scribe	Writing and the Book Trade	30120	γραμματεα	1
2725	ἀρχιτέκτων	αρχιτεκτων	Architect	Construction	2120	αρχιτεκτονα	1
2725	διδάσκαλος	διδασκαλος	Teacher	Education and Training	13130	διδασκαλους|διδασκαλων	2
2725	ὁπλομάχος	οπλομαχος	Weapons trainer	Education and Training	18190	οπλομαχον	1
2725	παιδοτρίβης	παιδοτριβης	Physical trainer	Education and Training	18190	παιδοτριβην	1
2725	γραμματεύς	γραμματευς	Scribe	Writing and the Book Trade	30120	γραμματεα	1
2732	γραμματεύς	γραμματευς	Scribe	Writing and the Book Trade	30120	γραμματεα	1
2747	γραμματεύς	γραμματευς	Scribe	Writing and the Book Trade	30120	γραμματεα	1
2749	γραμματεύς	γραμματευς	Scribe	Writing and the Book Trade	30120	γραμματεα	1
2751	γραμματεύς	γραμματευς	Scribe	Writing and the Book Trade	30120	γραμματεα	1
2752	γραμματεύς	γραμματευς	Scribe	Writing and the Book Trade	30120	γραμματεα	1
2753	γραμματεύς	γραμματευς	Scribe	Writing and the Book Trade	30120	γραμματεα	1
2769	παιδοτρίβης	παιδοτριβης	Physical trainer	Education and Training	18190	παιδοτριβην	1
2772	γραμματεύς	γραμματευς	Scribe	Writing and the Book Trade	30120	γραμματεα	1
2775	ἱερεύς 	ιερευς 	Priest, sacrificer	Miscellaneous	14990	ιερευς 	1
2781	γραμματεύς	γραμματευς	Scribe	Writing and the Book Trade	30120	γραμματεα	1
2782	ἱππικός	ιππικος	Riding trainer	Education and Training	18190	ιππικου	1
2782	ὁπλομάχος	οπλομαχος	Weapons trainer	Education and Training	18190	οπλομαχων	1
2782	γραμματεύς	γραμματευς	Scribe	Writing and the Book Trade	30120	γραμματεα	1
2783	ὁπλομάχος	οπλομαχος	Weapons trainer	Education and Training	18190	οπλομαχων	1
2783	γραμματεύς	γραμματευς	Scribe	Writing and the Book Trade	30120	γραμματεα	1
2785	ὁπλομάχος	οπλομαχος	Weapons trainer	Education and Training	18190	οπλομαχων	1
2787	ὁπλομάχος	οπλομαχος	Weapons trainer	Education and Training	18190	οπλομαχων	1
2788	γραμματεύς	γραμματευς	Scribe	Writing and the Book Trade	30120	γραμματεα	1
2793	γραμματεύς	γραμματευς	Scribe	Writing and the Book Trade	30120	γραμματεα	1
2799	ἱερεύς 	ιερευς 	Priest, sacrificer	Miscellaneous	14990	ιερευς 	1
2800	ἱερεύς 	ιερευς 	Priest, sacrificer	Miscellaneous	14990	ιερευς 	1
2801	ἱερεύς 	ιερευς 	Priest, sacrificer	Miscellaneous	14990	ιερευς 	1
2803	γραμματεύς	γραμματευς	Scribe	Writing and the Book Trade	30120	γραμματεα	1
2806	γραμματεύς	γραμματευς	Scribe	Writing and the Book Trade	30120	γραμματεα	1
2807	γραμματεύς	γραμματευς	Scribe	Writing and the Book Trade	30120	γραμματεα	1
2808	γραμματεύς	γραμματευς	Scribe	Writing and the Book Trade	30120	γραμματεα	1
2809	γραμματεύς	γραμματευς	Scribe	Writing and the Book Trade	30120	γραμματεα	1
2810	γραμματεύς	γραμματευς	Scribe	Writing and the Book Trade	30120	γραμματεα	1
2812	γραμματεύς	γραμματευς	Scribe	Writing and the Book Trade	30120	γραμματεα	1
2816	γραμματεύς	γραμματευς	Scribe	Writing and the Book Trade	30120	γραμματεα	1
2819	μουσικός	μουσικος	Musician	Drama and Entertainment	17320	μουσικον	1
2822	γραμματεύς	γραμματευς	Scribe	Writing and the Book Trade	30120	γραμματεα	1
2831	διδάσκαλος	διδασκαλος	Teacher	Education and Training	13130	διδασκαλους|διδασκαλων	2
2831	ὁπλομάχος	οπλομαχος	Weapons trainer	Education and Training	18190	οπλομαχον	1
2831	παιδοτρίβης	παιδοτριβης	Physical trainer	Education and Training	18190	παιδοτριβην	1
2831	ὑπηρετής	υπηρετης	Architect’s assistant	Construction	95990	υπηρετας	1
2831	φιλόσοφος	φιλοσοφος	Philosopher/sophist	Education and Training	19190	φιλοσοφοις	1
2831	γραμματεύς	γραμματευς	Scribe	Writing and the Book Trade	30120	γραμματεα	1
2832	ὑπηρετής	υπηρετης	Architect’s assistant	Construction	95990	υπηρετην	1
2835	γραμματεύς	γραμματευς	Scribe	Writing and the Book Trade	30120	γραμματευς	1
2836	διδάσκαλος	διδασκαλος	Teacher	Education and Training	13130	διδασκαλους|διδασκαλων	2
2836	ὁπλομάχος	οπλομαχος	Weapons trainer	Education and Training	18190	οπλομαχον	1
2836	παιδοτρίβης	παιδοτριβης	Physical trainer	Education and Training	18190	παιδοτριβην	1
2836	ὑπηρετής	υπηρετης	Architect’s assistant	Construction	95990	υπηρετην	1
2836	γραμματεύς	γραμματευς	Scribe	Writing and the Book Trade	30120	γραμματεα	1
2837	ἔμπορος	εμπορος	Maritime trader	Seafaring/Maritime	41110	εμπορων	1
2837	ναύκληρος	ναυκληρος	Shipmaster	Seafaring/Maritime	98110	ναυκληρων	1
2844	γραμματεύς	γραμματευς	Scribe	Writing and the Book Trade	30120	γραμματεα	1
2844	ἱερεύς 	ιερευς 	Priest, sacrificer	Miscellaneous	14990	ιερευς 	1
2852	διδάσκαλος	διδασκαλος	Teacher	Education and Training	13130	διδασκαλους	1
2852	παιδοτρίβης	παιδοτριβης	Physical trainer	Education and Training	18190	παιδοτριβην	1
2854	διδάσκαλος	διδασκαλος	Teacher	Education and Training	13130	διδασκαλοις|διδασκαλους|διδασκαλων	3
2854	ὁπλομάχος	οπλομαχος	Weapons trainer	Education and Training	18190	οπλομαχον	1
2854	παιδοτρίβης	παιδοτριβης	Physical trainer	Education and Training	18190	παιδοτριβην	1
2854	φιλόσοφος	φιλοσοφος	Philosopher/sophist	Education and Training	19190	φιλοσοφοις	1
2854	γραμματεύς	γραμματευς	Scribe	Writing and the Book Trade	30120	γραμματεα	1
2855	διδάσκαλος	διδασκαλος	Teacher	Education and Training	13130	διδασκαλοις|διδασκαλους|διδασκαλων	3
2855	ὁπλομάχος	οπλομαχος	Weapons trainer	Education and Training	18190	οπλομαχον	1
2855	παιδοτρίβης	παιδοτριβης	Physical trainer	Education and Training	18190	παιδοτριβην	1
2855	φιλόσοφος	φιλοσοφος	Philosopher/sophist	Education and Training	19190	φιλοσοφοις	1
2857	διδάσκαλος	διδασκαλος	Teacher	Education and Training	13130	διδασκαλοι	1
2858	ἱερεύς 	ιερευς 	Priest, sacrificer	Miscellaneous	14990	ιερευς 	1
2861	γραμματεύς	γραμματευς	Scribe	Writing and the Book Trade	30120	γραμματεα	1
2862	γραμματεύς	γραμματευς	Scribe	Writing and the Book Trade	30120	γραμματεα	1
2865	γραμματικός	γραμματικος	Grammarian	Literature and Scholarship	13920	γραμματικων	1
2865	ἱππικός	ιππικος	Riding trainer	Education and Training	18190	ιππικοις	1
2865	φιλόσοφος	φιλοσοφος	Philosopher/sophist	Education and Training	19190	φιλοσοφων	1
2866	ὁπλομάχος	οπλομαχος	Weapons trainer	Education and Training	18190	οπλομαχον	1
2866	παιδοτρίβης	παιδοτριβης	Physical trainer	Education and Training	18190	παιδοτριβην	1
2866	γραμματεύς	γραμματευς	Scribe	Writing and the Book Trade	30120	γραμματεα	1
2867	γραμματικός	γραμματικος	Grammarian	Literature and Scholarship	13920	γραμματικων	1
2867	ὁπλομάχος	οπλομαχος	Weapons trainer	Education and Training	18190	οπλομαχον	1
2867	παιδοτρίβης	παιδοτριβης	Physical trainer	Education and Training	18190	παιδοτριβην	1
2867	φιλόσοφος	φιλοσοφος	Philosopher/sophist	Education and Training	19190	φιλοσοφων	1
2867	γραμματεύς	γραμματευς	Scribe	Writing and the Book Trade	30120	γραμματεα	1
2868	γραμματικός	γραμματικος	Grammarian	Literature and Scholarship	13920	γραμματικων	1
2868	ὁπλομάχος	οπλομαχος	Weapons trainer	Education and Training	18190	οπλομαχον	1
2868	παιδοτρίβης	παιδοτριβης	Physical trainer	Education and Training	18190	παιδοτριβην	1
2868	φιλόσοφος	φιλοσοφος	Philosopher/sophist	Education and Training	19190	φιλοσοφων	1
2868	γραμματεύς	γραμματευς	Scribe	Writing and the Book Trade	30120	γραμματεα	1
2869	διδάσκαλος	διδασκαλος	Teacher	Education and Training	13130	διδασκαλον	1
2871	ἱερεύς 	ιερευς 	Priest, sacrificer	Miscellaneous	14990	ιερευς 	1
2872	γραμματεύς	γραμματευς	Scribe	Writing and the Book Trade	30120	γραμματεα	1
2879	γραμματεύς	γραμματευς	Scribe	Writing and the Book Trade	30120	γραμματεα	1
2880	γραμματεύς	γραμματευς	Scribe	Writing and the Book Trade	30120	γραμματεα	1
2885	γραμματεύς	γραμματευς	Scribe	Writing and the Book Trade	30120	γραμματεα	1
2886	γραμματεύς	γραμματευς	Scribe	Writing and the Book Trade	30120	γραμματεα	1
2896	ἱερεύς 	ιερευς 	Priest, sacrificer	Miscellaneous	14990	ιερευς 	1
2920	γεωργός	γεωργος	Farmer	Agriculture, Animal Husbandry	61110	γεωργος	1
2920	ἔμπορος	εμπορος	Maritime trader	Seafaring/Maritime	41110	εμπορος	1
2935	ὑπηρετής	υπηρετης	Architect’s assistant	Construction	95990	υπηρετων	1
2940	ἱππικός	ιππικος	Riding trainer	Education and Training	18190	ιππικων	1
2948	ναύκληρος	ναυκληρος	Shipmaster	Seafaring/Maritime	98110	ναυκληροις	1
2952	ποιητής	ποιητης	Maker, poet	Literature and Scholarship	17150	ποιητην|ποιητης	2
2952	ὑποδιδάσκαλος	υποδιδασκαλος	Teacher’s assistant	Education and Training	13990	υποδιδασκαλον|υποδιδασκαλου	2
2952	γραμματεύς	γραμματευς	Scribe	Writing and the Book Trade	30120	γραμματεις	1
2954	ποιητής	ποιητης	Maker, poet	Literature and Scholarship	17150	ποιητας|ποιητην|ποιητων	3
2954	γραμματεύς	γραμματευς	Scribe	Writing and the Book Trade	30120	γραμματεως	1
2975	γραμματεύς	γραμματευς	Scribe	Writing and the Book Trade	30120	γραμματεα	1
2978	γραμματεύς	γραμματευς	Scribe	Writing and the Book Trade	30120	γραμματεα	1
2983	ἱερεύς 	ιερευς 	Priest, sacrificer	Miscellaneous	14990	ιερευς 	1
3003	ἱερεύς 	ιερευς 	Priest, sacrificer	Miscellaneous	14990	ιερευς 	1
3016	ἱεροποιός	ιεροποιος	Sacrificer	Miscellaneous	14990	ιεροποιοις	1
3019	ἱεροποιός	ιεροποιος	Sacrificer	Miscellaneous	14990	ιεροποιοι	1
3026	γραμματεύς	γραμματευς	Scribe	Writing and the Book Trade	30120	γραμματεα	1
3043	γραμματεύς	γραμματευς	Scribe	Writing and the Book Trade	30120	γραμματεα	1
3047	γραμματεύς	γραμματευς	Scribe	Writing and the Book Trade	30120	γραμματεα	1
3048	γραμματεύς	γραμματευς	Scribe	Writing and the Book Trade	30120	γραμματεα	1
3057	ἱερεύς 	ιερευς 	Priest, sacrificer	Miscellaneous	14990	ιερευς 	1
3062	ἱεροποιός	ιεροποιος	Sacrificer	Miscellaneous	14990	ιεροποιους	1
3081	θωρακοποιός	θωρακοποιος	Cuirass maker	Armaments	72990	θωρακοποιος	1
3081	ἱεροποιός	ιεροποιος	Sacrificer	Miscellaneous	14990	ιεροποιον|ιεροποιος	2
3083	γραμματεύς	γραμματευς	Scribe	Writing and the Book Trade	30120	γραμματευς	1
3083	ἱεροποιός	ιεροποιος	Sacrificer	Miscellaneous	14990	ιεροποιους	1
3085	ἱεροποιός	ιεροποιος	Sacrificer	Miscellaneous	14990	ιεροποιος	1
3092	ἱερεύς 	ιερευς 	Priest, sacrificer	Miscellaneous	14990	ιερευς 	1
3096	γραμματεύς	γραμματευς	Scribe	Writing and the Book Trade	30120	γραμματεα|γραμματευς	2
3097	γραμματεύς	γραμματευς	Scribe	Writing and the Book Trade	30120	γραμματεα	1
3103	γραμματεύς	γραμματευς	Scribe	Writing and the Book Trade	30120	γραμματεα|γραμματευς	2
3110	γραμματεύς	γραμματευς	Scribe	Writing and the Book Trade	30120	γραμματεα	1
3110	ἱεροποιός	ιεροποιος	Sacrificer	Miscellaneous	14990	ιεροποιους	1
3111	γραμματεύς	γραμματευς	Scribe	Writing and the Book Trade	30120	γραμματευς	1
3111	ἱεροποιός	ιεροποιος	Sacrificer	Miscellaneous	14990	ιεροποιους	1
3116	ἱεροποιός	ιεροποιος	Sacrificer	Miscellaneous	14990	ιεροποιοι	1
3117	γραμματεύς	γραμματευς	Scribe	Writing and the Book Trade	30120	γραμματεα|γραμματεως	2
3138	γραμματεύς	γραμματευς	Scribe	Writing and the Book Trade	30120	γραμματεα	1
3141	ἱεροποιός	ιεροποιος	Sacrificer	Miscellaneous	14990	ιεροποιους	1
3144	γραμματεύς	γραμματευς	Scribe	Writing and the Book Trade	30120	γραμματευς	1
3145	γραμματεύς	γραμματευς	Scribe	Writing and the Book Trade	30120	γραμματεα	1
3149	γραμματεύς	γραμματευς	Scribe	Writing and the Book Trade	30120	γραμματεα	1
3150	γραμματεύς	γραμματευς	Scribe	Writing and the Book Trade	30120	γραμματευς	1
3151	μουσικός	μουσικος	Musician	Drama and Entertainment	17320	μουσικον	1
3151	ποιητής	ποιητης	Maker, poet	Literature and Scholarship	17150	ποιητην|ποιητης	2
3151	ὑπηρετής	υπηρετης	Architect’s assistant	Construction	95990	υπηρετην	1
3151	γραμματεύς	γραμματευς	Scribe	Writing and the Book Trade	30120	γραμματεα	1
3152	ποιητής	ποιητης	Maker, poet	Literature and Scholarship	17150	ποιητην|ποιητης	2
3154	γραμματεύς	γραμματευς	Scribe	Writing and the Book Trade	30120	γραμματεα	1
3156	γραμματεύς	γραμματευς	Scribe	Writing and the Book Trade	30120	γραμματευς	1
3156	ἱερεύς 	ιερευς 	Priest, sacrificer	Miscellaneous	14990	ιερευς 	1
3164	ἱερεύς 	ιερευς 	Priest, sacrificer	Miscellaneous	14990	ιερευς 	1
3182	ἱεροποιός	ιεροποιος	Sacrificer	Miscellaneous	14990	ιεροποιοις|ιεροποιους	2
3185	γεωργός	γεωργος	Farmer	Agriculture, Animal Husbandry	61110	γεωργους	1
3189	γραμματεύς	γραμματευς	Scribe	Writing and the Book Trade	30120	γραμματεα	1
3189	ἱερεύς 	ιερευς 	Priest, sacrificer	Miscellaneous	14990	ιερευς 	1
3190	γραμματεύς	γραμματευς	Scribe	Writing and the Book Trade	30120	γραμματευς	1
3209	ἱππικός	ιππικος	Riding trainer	Education and Training	18190	ιππικος	1
3221	ἱππικός	ιππικος	Riding trainer	Education and Training	18190	ιππικος	1
3262	γραμματεύς	γραμματευς	Scribe	Writing and the Book Trade	30120	γραμματεα	1
3269	ἱππικός	ιππικος	Riding trainer	Education and Training	18190	ιππικος	1
3273	ἱππικός	ιππικος	Riding trainer	Education and Training	18190	ιππικος	1
3277	ἱππικός	ιππικος	Riding trainer	Education and Training	18190	ιππικος	1
3281	ἱππικός	ιππικος	Riding trainer	Education and Training	18190	ιππικος	1
3302	ἱεροποιός	ιεροποιος	Sacrificer	Miscellaneous	14990	ιεροποιοι	1
3317	χρυσώτής	χρυσωτης	Gilder	Metalwork	72110	χρυσωτης	1
3336	ἀμόργινος	αμοργινος	Amorgan-technique linen worker	Textiles	75130	αμοργινον	1
3338	ἀμόργινος	αμοργινος	Amorgan-technique linen worker	Textiles	75130	αμοργινον	1
3339	χρυσόχοος	χρυσοχοος	Goldsmith	Metalwork	72110	χρυσοχοου	1
3340	ἀμόργινος	αμοργινος	Amorgan-technique linen worker	Textiles	75130	αμοργινον	1
3344	ἀμόργινος	αμοργινος	Amorgan-technique linen worker	Textiles	75130	αμοργινον	1
3345	ἀμόργινος	αμοργινος	Amorgan-technique linen worker	Textiles	75130	αμοργινον	1
3346	ἀμόργινος	αμοργινος	Amorgan-technique linen worker	Textiles	75130	αμοργινον	1
3347	ἀμόργινος	αμοργινος	Amorgan-technique linen worker	Textiles	75130	αμοργινον	1
3350	ἀμόργινος	αμοργινος	Amorgan-technique linen worker	Textiles	75130	αμοργινον	1
3355	χαλκεύς	χαλκευς	Smith	Metalwork	72110	χαλκει	1
3355	ἱερεύς 	ιερευς 	Priest, sacrificer	Miscellaneous	14990	ιερευς 	1
3375	γεωργός	γεωργος	Farmer	Agriculture, Animal Husbandry	61110	γεωργος	1
3375	κάπηλος	καπηλος	Retailer	Miscellaneous Retail	49190	καπηλος	1
3375	ταλασιουργός	ταλασιουργος	Woolworker	Textiles	76990	ταλασιουργος	1
3376	χαλκεύς	χαλκευς	Smith	Metalwork	72110	χαλκευ	1
3378	ἀρτοπώλης	αρτοπωλης	Bread Seller	Food Preparation and Retail	51190	αρτοπωλην	1
3378	ἀρτόπωλις	αρτοπωλις	Bread Seller	Food Preparation and Retail	51190	αρτοπωλην	1
3378	γεωργός	γεωργος	Farmer	Agriculture, Animal Husbandry	61110	γεωργον	1
3379	ἀμπελουργός	αμπελουργος	Vine Dresser	Agriculture, Animal Husbandry	61110	αμπελουργον	1
3379	γεωργός	γεωργος	Farmer	Agriculture, Animal Husbandry	61110	γεωργον	1
3380	ὀσπριοπώλης	οσπριοπωλης	Pulse Seller	Food Preparation and Retail	45190	οσπριοπωλην	1
3380	ταλασιουργός	ταλασιουργος	Woolworker	Textiles	76990	ταλασιουργον	1
3380	χρυσόχοος	χρυσοχοος	Goldsmith	Metalwork	72110	χρυσοχοον	1
3382	ταλασιουργός	ταλασιουργος	Woolworker	Textiles	76990	ταλασιουργος	1
3383	σησαμοπώλης	σησαμοπωλης	Sesame Seller	Food Preparation and Retail	41110	σησαμοπωλης	1
3383	σησαμοπώλις	σησαμοπωλις	Sesame Seller	Food Preparation and Retail	41110	σησαμοπωλης	1
3388	γεωργός	γεωργος	Farmer	Agriculture, Animal Husbandry	61110	γεωργον	1
3388	ἔμπορος	εμπορος	Maritime trader	Seafaring/Maritime	41110	εμπορον	1
3388	κάπηλος	καπηλος	Retailer	Miscellaneous Retail	49190	καπηλος	1
3388	φορτηγός	φορτηγος	Maritime trader	Seafaring/Maritime	41110	φορτηγον	1
3392	γεωργός	γεωργος	Farmer	Agriculture, Animal Husbandry	61110	γεωργος	1
3392	ἰχθυοπώλης	ιχθυοπωλης	Fishmonger	Food Preparation and Retail	45190	ιχθυοπωλης	1
3392	στυππειοπώλης	στυππειοπωλης	Rope dealer	Cordage and Basketry	45190	στυππειοπωλης	1
3392	ταλασιουργός	ταλασιουργος	Woolworker	Textiles	76990	ταλασιουργος	1
3392	φορτηγός	φορτηγος	Maritime trader	Seafaring/Maritime	41110	φορτηγος	1
3394	στυππειοπώλης	στυππειοπωλης	Rope dealer	Cordage and Basketry	45190	στυππειοπωλη	1
3394	ταλασιουργός	ταλασιουργος	Woolworker	Textiles	76990	ταλασιουργος	1
3398	ἀγγειουργός	αγγειουργος	Jar maker	Ceramics	89120	αγγειουργος	1
3398	βυρσοδέψης	βυρσοδεψης	Tanner	Leatherwork and Footwear	76120	βυρσοδεψης	1
3398	ζευγότροφος	ζευγοτροφος	Teamster	Agriculture, Animal Husbandry	61110	ζευγοτροφος	1
3398	κάπηλος	καπηλος	Retailer	Miscellaneous Retail	49190	καπηλος	1
3398	ὑποδηματοποιός	υποδηματοποιος	Sandal maker	Leatherwork and Footwear	80110	υποδηματοποιος	1
3399	ἔμπορος	εμπορος	Maritime trader	Seafaring/Maritime	41110	εμπορος	1
3438	ἀρχιτέκτων	αρχιτεκτων	Architect	Construction	2120	αρχιτεκτων	1
3457	γραμματεύς	γραμματευς	Scribe	Writing and the Book Trade	30120	γραμματεα|γραμματευς	2
3461	γραμματεύς	γραμματευς	Scribe	Writing and the Book Trade	30120	γραμματει	1
3462	γραμματεύς	γραμματευς	Scribe	Writing and the Book Trade	30120	γραμματει	1
3475	γραμματεύς	γραμματευς	Scribe	Writing and the Book Trade	30120	γραμματευς	1
3476	γραμματεύς	γραμματευς	Scribe	Writing and the Book Trade	30120	γραμματευς	1
3476	ἱεροποιός	ιεροποιος	Sacrificer	Miscellaneous	14990	ιεροποιος	1
3494	ἀρχιτέκτων	αρχιτεκτων	Architect	Construction	2120	αρχιτεκτων	1
3497	ἀρχιτέκτων	αρχιτεκτων	Architect	Construction	2120	αρχιτεκτων	1
3508	ἀρχιτέκτων	αρχιτεκτων	Architect	Construction	2120	αρχιτεκτονι|αρχιτεκτων	2
3514	ἀρχιτέκτων	αρχιτεκτων	Architect	Construction	2120	αρχιτεκτονι	1
3515	ἀρχιτέκτων	αρχιτεκτων	Architect	Construction	2120	αρχιτεκτων	1
3515	οἰκοδομος	οικοδομος	Builder	Construction	95110	οικοδομων	1
3515	ἱεροποιός	ιεροποιος	Sacrificer	Miscellaneous	14990	ιεροποιοι	1
3533	γραμματεύς	γραμματευς	Scribe	Writing and the Book Trade	30120	γραμματευς	1
3538	γραμματεύς	γραμματευς	Scribe	Writing and the Book Trade	30120	γραμματεα	1
3540	ὑπηρετής	υπηρετης	Architect’s assistant	Construction	95990	υπηρετης	1
3540	γραμματεύς	γραμματευς	Scribe	Writing and the Book Trade	30120	γραμματευς	1
3541	γραμματεύς	γραμματευς	Scribe	Writing and the Book Trade	30120	γραμματεα|γραμματευς	2
3552	ἱερεύς 	ιερευς 	Priest, sacrificer	Miscellaneous	14990	ιερευς 	1
3554	ἱερεύς 	ιερευς 	Priest, sacrificer	Miscellaneous	14990	ιερευς 	1
3555	ἱερεύς 	ιερευς 	Priest, sacrificer	Miscellaneous	14990	ιερευς 	1
3556	ἱερεύς 	ιερευς 	Priest, sacrificer	Miscellaneous	14990	ιερευς 	1
3560	ἱερεύς 	ιερευς 	Priest, sacrificer	Miscellaneous	14990	ιερευς 	1
3562	γραμματεύς	γραμματευς	Scribe	Writing and the Book Trade	30120	γραμματεις	1
3563	γραμματεύς	γραμματευς	Scribe	Writing and the Book Trade	30120	γραμματεις	1
3567	γραμματεύς	γραμματευς	Scribe	Writing and the Book Trade	30120	γραμματευς	1
3569	γραμματεύς	γραμματευς	Scribe	Writing and the Book Trade	30120	γραμματευς	1
3768	γραμματεύς	γραμματευς	Scribe	Writing and the Book Trade	30120	γραμματευς	1
3769	γραμματεύς	γραμματευς	Scribe	Writing and the Book Trade	30120	γραμματευς	1
3783	ἱερεύς 	ιερευς 	Priest, sacrificer	Miscellaneous	14990	ιερευς 	1
3786	ἱερεύς 	ιερευς 	Priest, sacrificer	Miscellaneous	14990	ιερευς 	1
3788	γραμματεύς	γραμματευς	Scribe	Writing and the Book Trade	30120	γραμματευς	1
3788	ἱερεύς 	ιερευς 	Priest, sacrificer	Miscellaneous	14990	ιερευς 	1
3799	παιδοτρίβης	παιδοτριβης	Physical trainer	Education and Training	18190	παιδοτριβην	1
3812	ἱερεύς 	ιερευς 	Priest, sacrificer	Miscellaneous	14990	ιερευς 	1
3814	ὁπλομάχος	οπλομαχος	Weapons trainer	Education and Training	18190	οπλομαχος	1
3814	παιδοτρίβης	παιδοτριβης	Physical trainer	Education and Training	18190	παιδοτριβης	1
3816	ὁπλομάχος	οπλομαχος	Weapons trainer	Education and Training	18190	οπλομαχος	1
3816	γραμματεύς	γραμματευς	Scribe	Writing and the Book Trade	30120	γραμματευς	1
3817	ὁπλομάχος	οπλομαχος	Weapons trainer	Education and Training	18190	οπλομαχου	1
3829	ὁπλομάχος	οπλομαχος	Weapons trainer	Education and Training	18190	οπλομαχος	1
3829	γραμματεύς	γραμματευς	Scribe	Writing and the Book Trade	30120	γραμματευς	1
3834	ὁπλομάχος	οπλομαχος	Weapons trainer	Education and Training	18190	οπλομαχος	1
3834	γραμματεύς	γραμματευς	Scribe	Writing and the Book Trade	30120	γραμματευς	1
3835	ὁπλομάχος	οπλομαχος	Weapons trainer	Education and Training	18190	οπλομαχου	1
3836	ὁπλομάχος	οπλομαχος	Weapons trainer	Education and Training	18190	οπλομαχου	1
3836	γραμματεύς	γραμματευς	Scribe	Writing and the Book Trade	30120	γραμματεως	1
3837	παιδοτρίβης	παιδοτριβης	Physical trainer	Education and Training	18190	παιδοτριβης	1
3859	ὁπλομάχος	οπλομαχος	Weapons trainer	Education and Training	18190	οπλομαχος	1
3862	ὁπλομάχος	οπλομαχος	Weapons trainer	Education and Training	18190	οπλομαχος	1
3862	παιδοτρίβης	παιδοτριβης	Physical trainer	Education and Training	18190	παιδοτριβης	1
3862	γραμματεύς	γραμματευς	Scribe	Writing and the Book Trade	30120	γραμματευς	1
3863	ὁπλομάχος	οπλομαχος	Weapons trainer	Education and Training	18190	οπλομαχος	1
3863	παιδοτρίβης	παιδοτριβης	Physical trainer	Education and Training	18190	παιδοτριβης	1
3864	παιδοτρίβης	παιδοτριβης	Physical trainer	Education and Training	18190	παιδοτριβης	1
3867	παιδοτρίβης	παιδοτριβης	Physical trainer	Education and Training	18190	παιδοτριβης	1
3873	ὁπλομάχος	οπλομαχος	Weapons trainer	Education and Training	18190	οπλομαχου	1
3878	ὁπλομάχος	οπλομαχος	Weapons trainer	Education and Training	18190	οπλομαχος	1
3878	παιδοτρίβης	παιδοτριβης	Physical trainer	Education and Training	18190	παιδοτριβης	1
3878	γραμματεύς	γραμματευς	Scribe	Writing and the Book Trade	30120	γραμματευς	1
3879	ὁπλομάχος	οπλομαχος	Weapons trainer	Education and Training	18190	οπλομαχος	1
3885	ὁπλομάχος	οπλομαχος	Weapons trainer	Education and Training	18190	οπλομαχος	1
3888	παιδοτρίβης	παιδοτριβης	Physical trainer	Education and Training	18190	παιδοτριβην	1
3889	ἱερεύς 	ιερευς 	Priest, sacrificer	Miscellaneous	14990	ιερευς 	1
3890	ὁπλομάχος	οπλομαχος	Weapons trainer	Education and Training	18190	οπλομαχος	1
3890	παιδοτρίβης	παιδοτριβης	Physical trainer	Education and Training	18190	παιδοτριβης	1
3890	γραμματεύς	γραμματευς	Scribe	Writing and the Book Trade	30120	γραμματευς	1
3891	ἱερεύς 	ιερευς 	Priest, sacrificer	Miscellaneous	14990	ιερευς 	1
3897	ἱερεύς 	ιερευς 	Priest, sacrificer	Miscellaneous	14990	ιερευς 	1
3900	ὁπλομάχος	οπλομαχος	Weapons trainer	Education and Training	18190	οπλομαχος	1
3900	παιδοτρίβης	παιδοτριβης	Physical trainer	Education and Training	18190	παιδοτριβην	1
3900	ἱερεύς 	ιερευς 	Priest, sacrificer	Miscellaneous	14990	ιερευς 	1
3901	ἱερεύς 	ιερευς 	Priest, sacrificer	Miscellaneous	14990	ιερευς 	1
3906	ὁπλομάχος	οπλομαχος	Weapons trainer	Education and Training	18190	οπλομαχος	1
3906	παιδοτρίβης	παιδοτριβης	Physical trainer	Education and Training	18190	παιδοτριβης	1
3906	ἱερεύς 	ιερευς 	Priest, sacrificer	Miscellaneous	14990	ιερευς 	1
3908	ὁπλομάχος	οπλομαχος	Weapons trainer	Education and Training	18190	οπλομαχος	1
3908	παιδοτρίβης	παιδοτριβης	Physical trainer	Education and Training	18190	παιδοτριβης	1
3908	γραμματεύς	γραμματευς	Scribe	Writing and the Book Trade	30120	γραμματευς	1
3908	ἱερεύς 	ιερευς 	Priest, sacrificer	Miscellaneous	14990	ιερευς 	1
3909	διδάσκαλος	διδασκαλος	Teacher	Education and Training	13130	διδασκαλος	1
3909	ὁπλομάχος	οπλομαχος	Weapons trainer	Education and Training	18190	οπλομαχος	1
3909	παιδοτρίβης	παιδοτριβης	Physical trainer	Education and Training	18190	παιδοτριβης	1
3909	γραμματεύς	γραμματευς	Scribe	Writing and the Book Trade	30120	γραμματευς	1
3909	ἱερεύς 	ιερευς 	Priest, sacrificer	Miscellaneous	14990	ιερευς 	1
3926	ἱερεύς 	ιερευς 	Priest, sacrificer	Miscellaneous	14990	ιερευς 	1
3927	διδάσκαλος	διδασκαλος	Teacher	Education and Training	13130	διδασκαλος	1
3927	ὁπλομάχος	οπλομαχος	Weapons trainer	Education and Training	18190	οπλομαχος	1
3927	παιδοτρίβης	παιδοτριβης	Physical trainer	Education and Training	18190	παιδοτριβης	1
3931	ὁπλομάχος	οπλομαχος	Weapons trainer	Education and Training	18190	οπλομαχος	1
3931	γραμματεύς	γραμματευς	Scribe	Writing and the Book Trade	30120	γραμματευς	1
3932	γραμματεύς	γραμματευς	Scribe	Writing and the Book Trade	30120	γραμματευς	1
3934	ὁπλομάχος	οπλομαχος	Weapons trainer	Education and Training	18190	οπλομαχος	1
3934	παιδοτρίβης	παιδοτριβης	Physical trainer	Education and Training	18190	παιδοτριβης	1
3934	ἱερεύς 	ιερευς 	Priest, sacrificer	Miscellaneous	14990	ιερευς 	1
3937	διδάσκαλος	διδασκαλος	Teacher	Education and Training	13130	διδασκαλος	1
3937	ὁπλομάχος	οπλομαχος	Weapons trainer	Education and Training	18190	οπλομαχος	1
3937	παιδοτρίβης	παιδοτριβης	Physical trainer	Education and Training	18190	παιδοτριβης	1
3937	γραμματεύς	γραμματευς	Scribe	Writing and the Book Trade	30120	γραμματευς	1
3939	διδάσκαλος	διδασκαλος	Teacher	Education and Training	13130	διδασκαλος	1
3939	ὁπλομάχος	οπλομαχος	Weapons trainer	Education and Training	18190	οπλομαχος	1
3939	γραμματεύς	γραμματευς	Scribe	Writing and the Book Trade	30120	γραμματευς	1
3940	γραμματεύς	γραμματευς	Scribe	Writing and the Book Trade	30120	γραμματευς	1
3942	διδάσκαλος	διδασκαλος	Teacher	Education and Training	13130	διδασκαλος	1
3942	ὁπλομάχος	οπλομαχος	Weapons trainer	Education and Training	18190	οπλομαχος	1
3942	παιδοτρίβης	παιδοτριβης	Physical trainer	Education and Training	18190	παιδοτριβης	1
3942	γραμματεύς	γραμματευς	Scribe	Writing and the Book Trade	30120	γραμματευς	1
3943	ὁπλομάχος	οπλομαχος	Weapons trainer	Education and Training	18190	οπλομαχος	1
3945	διδάσκαλος	διδασκαλος	Teacher	Education and Training	13130	διδασκαλος	1
3945	ὁπλομάχος	οπλομαχος	Weapons trainer	Education and Training	18190	οπλομαχος	1
3945	παιδοτρίβης	παιδοτριβης	Physical trainer	Education and Training	18190	παιδοτριβης	1
3945	γραμματεύς	γραμματευς	Scribe	Writing and the Book Trade	30120	γραμματευς	1
3948	παιδοτρίβης	παιδοτριβης	Physical trainer	Education and Training	18190	παιδοτριβης	1
3948	γραμματεύς	γραμματευς	Scribe	Writing and the Book Trade	30120	γραμματευς	1
3952	διδάσκαλος	διδασκαλος	Teacher	Education and Training	13130	διδασκαλος	1
3952	ὁπλομάχος	οπλομαχος	Weapons trainer	Education and Training	18190	οπλομαχος	1
3952	παιδοτρίβης	παιδοτριβης	Physical trainer	Education and Training	18190	παιδοτριβης	1
3952	γραμματεύς	γραμματευς	Scribe	Writing and the Book Trade	30120	γραμματευς	1
3967	ἱερεύς 	ιερευς 	Priest, sacrificer	Miscellaneous	14990	ιερευς 	1
3969	διδάσκαλος	διδασκαλος	Teacher	Education and Training	13130	διδασκαλος	1
3969	ὁπλομάχος	οπλομαχος	Weapons trainer	Education and Training	18190	οπλομαχος	1
3969	παιδοτρίβης	παιδοτριβης	Physical trainer	Education and Training	18190	παιδοτριβης	1
3969	γραμματεύς	γραμματευς	Scribe	Writing and the Book Trade	30120	γραμματευς	1
3969	ἱερεύς 	ιερευς 	Priest, sacrificer	Miscellaneous	14990	ιερευς 	1
3971	γραμματεύς	γραμματευς	Scribe	Writing and the Book Trade	30120	γραμματευς	1
3971	ἱερεύς 	ιερευς 	Priest, sacrificer	Miscellaneous	14990	ιερευς 	1
3983	διδάσκαλος	διδασκαλος	Teacher	Education and Training	13130	διδασκαλος	1
3983	ὁπλομάχος	οπλομαχος	Weapons trainer	Education and Training	18190	οπλομαχος	1
4031	γραμματεύς	γραμματευς	Scribe	Writing and the Book Trade	30120	γραμματευς	1
4036	ἱερεύς 	ιερευς 	Priest, sacrificer	Miscellaneous	14990	ιερευς 	1
4038	παιδοτρίβης	παιδοτριβης	Physical trainer	Education and Training	18190	παιδοτριβης	1
4038	γραμματεύς	γραμματευς	Scribe	Writing and the Book Trade	30120	γραμματευς	1
4038	ἱερεύς 	ιερευς 	Priest, sacrificer	Miscellaneous	14990	ιερευς 	1
4040	διδάσκαλος	διδασκαλος	Teacher	Education and Training	13130	διδασκαλος	1
4040	ὁπλομάχος	οπλομαχος	Weapons trainer	Education and Training	18190	οπλομαχος	1
4040	παιδοτρίβης	παιδοτριβης	Physical trainer	Education and Training	18190	παιδοτριβης	1
4040	γραμματεύς	γραμματευς	Scribe	Writing and the Book Trade	30120	γραμματευς	1
4041	παιδοτρίβης	παιδοτριβης	Physical trainer	Education and Training	18190	παιδοτριβης	1
4041	γραμματεύς	γραμματευς	Scribe	Writing and the Book Trade	30120	γραμματευς	1
4041	ἱερεύς 	ιερευς 	Priest, sacrificer	Miscellaneous	14990	ιερευς 	1
4042	διδάσκαλος	διδασκαλος	Teacher	Education and Training	13130	διδασκαλος	1
4042	ὁπλομάχος	οπλομαχος	Weapons trainer	Education and Training	18190	οπλομαχος	1
4042	ἱερεύς 	ιερευς 	Priest, sacrificer	Miscellaneous	14990	ιερευς 	1
4044	γραμματεύς	γραμματευς	Scribe	Writing and the Book Trade	30120	γραμματευς	1
4047	διδάσκαλος	διδασκαλος	Teacher	Education and Training	13130	διδασκαλος	1
4047	ὁπλομάχος	οπλομαχος	Weapons trainer	Education and Training	18190	οπλομαχος	1
4053	διδάσκαλος	διδασκαλος	Teacher	Education and Training	13130	διδασκαλος	1
4059	παιδοτρίβης	παιδοτριβης	Physical trainer	Education and Training	18190	παιδοτριβης	1
4060	διδάσκαλος	διδασκαλος	Teacher	Education and Training	13130	διδασκαλος	1
4060	καψάριος	καψαριος	Maker of small bags	Leatherwork and Footwear	80110	καψαριω	1
4062	διδάσκαλος	διδασκαλος	Teacher	Education and Training	13130	διδασκαλος	1
4062	ὁπλομάχος	οπλομαχος	Weapons trainer	Education and Training	18190	οπλομαχος	1
4062	παιδοτρίβης	παιδοτριβης	Physical trainer	Education and Training	18190	παιδοτριβης	1
4062	γραμματεύς	γραμματευς	Scribe	Writing and the Book Trade	30120	γραμματευς	1
4062	ἱερεύς 	ιερευς 	Priest, sacrificer	Miscellaneous	14990	ιερευς 	1
4064	διδάσκαλος	διδασκαλος	Teacher	Education and Training	13130	διδασκαλος	1
4065	ὁπλομάχος	οπλομαχος	Weapons trainer	Education and Training	18190	οπλομαχος	1
4066	παιδοτρίβης	παιδοτριβης	Physical trainer	Education and Training	18190	παιδοτριβης	1
4066	ἱερεύς 	ιερευς 	Priest, sacrificer	Miscellaneous	14990	ιερευς 	1
4067	διδάσκαλος	διδασκαλος	Teacher	Education and Training	13130	διδασκαλος	1
4067	ὁπλομάχος	οπλομαχος	Weapons trainer	Education and Training	18190	οπλομαχος	1
4071	ὁπλομάχος	οπλομαχος	Weapons trainer	Education and Training	18190	οπλομαχος	1
4072	ὁπλομάχος	οπλομαχος	Weapons trainer	Education and Training	18190	οπλομαχος	1
4073	ὁπλομάχος	οπλομαχος	Weapons trainer	Education and Training	18190	οπλομαχον	1
4073	παιδοτρίβης	παιδοτριβης	Physical trainer	Education and Training	18190	παιδοτριβην	1
4073	ἰατρός	ιατρος	Doctor	Miscellaneous	6110	ιατρον	1
4074	παιδοτρίβης	παιδοτριβης	Physical trainer	Education and Training	18190	παιδοτριβης	1
4075	διδάσκαλος	διδασκαλος	Teacher	Education and Training	13130	διδασκαλος	1
4075	ἰατρός	ιατρος	Doctor	Miscellaneous	6110	ιατρος	1
4076	διδάσκαλος	διδασκαλος	Teacher	Education and Training	13130	διδασκαλος	1
4076	ὁπλομάχος	οπλομαχος	Weapons trainer	Education and Training	18190	οπλομαχος	1
4076	ἰατρός	ιατρος	Doctor	Miscellaneous	6110	ιατρος	1
4078	διδάσκαλος	διδασκαλος	Teacher	Education and Training	13130	διδασκαλου	1
4082	διδάσκαλος	διδασκαλος	Teacher	Education and Training	13130	διδασκαλος	1
4082	παιδοτρίβης	παιδοτριβης	Physical trainer	Education and Training	18190	παιδοτριβης	1
4082	ἰατρός	ιατρος	Doctor	Miscellaneous	6110	ιατρος	1
4084	διδάσκαλος	διδασκαλος	Teacher	Education and Training	13130	διδασκαλος	1
4084	ἡνίοχος	ηνιοχος	charioteer	Transport	98510	ηνιοχος	1
4084	ὁπλομάχος	οπλομαχος	Weapons trainer	Education and Training	18190	οπλομαχος	1
4084	παιδοτρίβης	παιδοτριβης	Physical trainer	Education and Training	18190	παιδοτριβης	1
4084	καψάριος	καψαριος	Maker of small bags	Leatherwork and Footwear	80110	καψαριος	1
4084	γραμματεύς	γραμματευς	Scribe	Writing and the Book Trade	30120	γραμματευς	1
4084	ἰατρός	ιατρος	Doctor	Miscellaneous	6110	ιατρος	1
4089	παιδοτρίβης	παιδοτριβης	Physical trainer	Education and Training	18190	παιδοτριβης	1
4101	ἱερεύς 	ιερευς 	Priest, sacrificer	Miscellaneous	14990	ιερευς 	1
4103	ὁπλομάχος	οπλομαχος	Weapons trainer	Education and Training	18190	οπλομαχος	1
4103	γραμματεύς	γραμματευς	Scribe	Writing and the Book Trade	30120	γραμματευς	1
4131	μουσικός	μουσικος	Musician	Drama and Entertainment	17320	μουσικον	1
4154	κιθαριστής	κιθαριστης	Kithara teacher/player	Education and Training	13920	κιθαρισταις	1
4154	πένταθλος	πενταθλος	Pentathlete	Sports and Competition	18990	πενταθλον	1
4154	πυκτεύς	πυκτευς	Boxer	Sports and Competition	18990	πυκτει	1
4159	πένταθλος	πενταθλος	Pentathlete	Sports and Competition	18990	πενταθλον	1
4162	ὑποκριτής	υποκριτης	Actor	Drama and Entertainment	17120	υποκριτης	1
4164	ὑποκριτής	υποκριτης	Actor	Drama and Entertainment	17120	υποκριτης	1
4166	πένταθλος	πενταθλος	Pentathlete	Sports and Competition	18990	πενταθλον	1
4176	ἱερεύς 	ιερευς 	Priest, sacrificer	Miscellaneous	14990	ιερευς 	1
4178	ἱερεύς 	ιερευς 	Priest, sacrificer	Miscellaneous	14990	ιερευς 	1
4180	ἱερεύς 	ιερευς 	Priest, sacrificer	Miscellaneous	14990	ιερευς 	1
4182	ἱερεύς 	ιερευς 	Priest, sacrificer	Miscellaneous	14990	ιερευς 	1
4188	γραμματεύς	γραμματευς	Scribe	Writing and the Book Trade	30120	γραμματεα|γραμματευς	2
4198	ἱερεύς 	ιερευς 	Priest, sacrificer	Miscellaneous	14990	ιερευς 	1
4201	ἱερεύς 	ιερευς 	Priest, sacrificer	Miscellaneous	14990	ιερευς 	1
4292	ἱερεύς 	ιερευς 	Priest, sacrificer	Miscellaneous	14990	ιερευς 	1
4316	ἱερεύς 	ιερευς 	Priest, sacrificer	Miscellaneous	14990	ιερευς 	1
4328	διδάσκαλος	διδασκαλος	Teacher	Education and Training	13130	διδασκαλος	1
4333	ἱερεύς 	ιερευς 	Priest, sacrificer	Miscellaneous	14990	ιερευς 	1
4337	ἀμπελουργός	αμπελουργος	Vine Dresser	Agriculture, Animal Husbandry	61110	αμπελουργον	1
4515	ἰατρός	ιατρος	Doctor	Miscellaneous	6110	ιατρου	1
4668	γραμματεύς	γραμματευς	Scribe	Writing and the Book Trade	30120	γραμματευς	1
4671	γραμματεύς	γραμματευς	Scribe	Writing and the Book Trade	30120	γραμματευς	1
4672	ἱερεύς 	ιερευς 	Priest, sacrificer	Miscellaneous	14990	ιερευς 	1
4679	γραμματεύς	γραμματευς	Scribe	Writing and the Book Trade	30120	γραμματευς	1
4683	γραμματεύς	γραμματευς	Scribe	Writing and the Book Trade	30120	γραμματευς	1
4685	ἱερεύς 	ιερευς 	Priest, sacrificer	Miscellaneous	14990	ιερευς 	1
4689	ἱεροποιός	ιεροποιος	Sacrificer	Miscellaneous	14990	ιεροποιοι	1
4696	ἱεροποιός	ιεροποιος	Sacrificer	Miscellaneous	14990	ιεροποιοι	1
4708	γραμματεύς	γραμματευς	Scribe	Writing and the Book Trade	30120	γραμματευς	1
4716	γραμματεύς	γραμματευς	Scribe	Writing and the Book Trade	30120	γραμματευς	1
4717	ἱεροποιός	ιεροποιος	Sacrificer	Miscellaneous	14990	ιεροποιοι	1
4726	ἱερεύς 	ιερευς 	Priest, sacrificer	Miscellaneous	14990	ιερευς 	1
4729	ἱερεύς 	ιερευς 	Priest, sacrificer	Miscellaneous	14990	ιερευς 	1
4732	ἱερεύς 	ιερευς 	Priest, sacrificer	Miscellaneous	14990	ιερευς 	1
4737	γραμματεύς	γραμματευς	Scribe	Writing and the Book Trade	30120	γραμματευς	1
4746	ἱερεύς 	ιερευς 	Priest, sacrificer	Miscellaneous	14990	ιερευς 	1
4764	γραμματεύς	γραμματευς	Scribe	Writing and the Book Trade	30120	γραμματευς	1
4791	γραμματεύς	γραμματευς	Scribe	Writing and the Book Trade	30120	γραμματευς	1
4794	ἱεροποιός	ιεροποιος	Sacrificer	Miscellaneous	14990	ιεροποιοι	1
4802	γραμματεύς	γραμματευς	Scribe	Writing and the Book Trade	30120	γραμματεις	1
4813	ἔμπορος	εμπορος	Maritime trader	Seafaring/Maritime	41110	εμποροι	1
4813	ναύκληρος	ναυκληρος	Shipmaster	Seafaring/Maritime	98110	ναυκληροι	1
4823	ἱερεύς 	ιερευς 	Priest, sacrificer	Miscellaneous	14990	ιερευς 	1
4848	διδάσκαλος	διδασκαλος	Teacher	Education and Training	13130	διδασκαλον	1
4854	διδάσκαλος	διδασκαλος	Teacher	Education and Training	13130	διδασκαλον	1
4858	ναύκληρος	ναυκληρος	Shipmaster	Seafaring/Maritime	98110	ναυκληροι	1
4868	ναύτης	ναυτης	Sailor	Seafaring/Maritime	98110	ναυται	1
4942	ὑποκριτής	υποκριτης	Actor	Drama and Entertainment	17120	υποκριτης	1
4943	ποιητής	ποιητης	Maker, poet	Literature and Scholarship	17150	ποιητης	1
4943	ὑποκριτής	υποκριτης	Actor	Drama and Entertainment	17120	υποκριτης	1
4976	ὑποκριτής	υποκριτης	Actor	Drama and Entertainment	17120	υποκριτων	1
4978	ὑποκριτής	υποκριτης	Actor	Drama and Entertainment	17120	υποκριται	1
5043	ἱερεύς 	ιερευς 	Priest, sacrificer	Miscellaneous	14990	ιερευς 	1
5046	ἱερεύς 	ιερευς 	Priest, sacrificer	Miscellaneous	14990	ιερευς 	1
5068	ἱερεύς 	ιερευς 	Priest, sacrificer	Miscellaneous	14990	ιερευς 	1
5077	χαλκεύς	χαλκευς	Smith	Metalwork	72110	χαλκει	1
5082	ποιητής	ποιητης	Maker, poet	Literature and Scholarship	17150	ποιητην	1
5147	ἱερεύς 	ιερευς 	Priest, sacrificer	Miscellaneous	14990	ιερευς 	1
5177	ἀνδριαντοποιός	ανδριαντοποιος	Statue maker	Stonework	16120	ανδριαντοποιος	1
5271	ἱερεύς 	ιερευς 	Priest, sacrificer	Miscellaneous	14990	ιερευς 	1
5295	ἱερεύς 	ιερευς 	Priest, sacrificer	Miscellaneous	14990	ιερευς 	1
5355	ῥήτωρ	ρητωρ	Orator	Literature and Scholarship	17150	ρητωρ	1
5375	ἔμπορος	εμπορος	Maritime trader	Seafaring/Maritime	41110	εμποροι	1
5422	ἱερεύς 	ιερευς 	Priest, sacrificer	Miscellaneous	14990	ιερευς 	1
5511	ἱερεύς 	ιερευς 	Priest, sacrificer	Miscellaneous	14990	ιερευς 	1
5528	ἱππικός	ιππικος	Riding trainer	Education and Training	18190	ιππικον	1
5553	σοφιστής	σοφιστης	Philosopher/sophist	Education and Training	19190	σοφιστην	1
5585	ἱερεύς 	ιερευς 	Priest, sacrificer	Miscellaneous	14990	ιερευς 	1
5586	ἱερεύς 	ιερευς 	Priest, sacrificer	Miscellaneous	14990	ιερευς 	1
5592	ποιητής	ποιητης	Maker, poet	Literature and Scholarship	17150	ποιητης	1
5592	ῥήτωρ	ρητωρ	Orator	Literature and Scholarship	17150	ρητωρ	1
5592	φιλόσοφος	φιλοσοφος	Philosopher/sophist	Education and Training	19190	φιλοσοφος|φιλοσοφων	2
5593	ἱερεύς 	ιερευς 	Priest, sacrificer	Miscellaneous	14990	ιερευς 	1
5618	παιδοτρίβης	παιδοτριβης	Physical trainer	Education and Training	18190	παιδοτριβην	1
5625	παιδοτρίβης	παιδοτριβης	Physical trainer	Education and Training	18190	παιδοτριβην	1
5639	διδάσκαλος	διδασκαλος	Teacher	Education and Training	13130	διδασκαλος	1
5679	ποιητής	ποιητης	Maker, poet	Literature and Scholarship	17150	ποιητην	1
5686	ἰατρός	ιατρος	Doctor	Miscellaneous	6110	ιατρον	1
5687	ἰατρός	ιατρος	Doctor	Miscellaneous	6110	ιατρον	1
5688	ποιητής	ποιητης	Maker, poet	Literature and Scholarship	17150	ποιητην	1
5689	διδάσκαλος	διδασκαλος	Teacher	Education and Training	13130	διδασκαλον	1
5691	φιλόσοφος	φιλοσοφος	Philosopher/sophist	Education and Training	19190	φιλοσοφον	1
5692	διδάσκαλος	διδασκαλος	Teacher	Education and Training	13130	διδασκαλον	1
5694	σοφιστής	σοφιστης	Philosopher/sophist	Education and Training	19190	σοφιστης	1
5696	ἰατρός	ιατρος	Doctor	Miscellaneous	6110	ιατρον	1
5698	φιλόσοφος	φιλοσοφος	Philosopher/sophist	Education and Training	19190	φιλοσοφον	1
5700	σοφιστής	σοφιστης	Philosopher/sophist	Education and Training	19190	σοφιστην	1
5701	σοφιστής	σοφιστης	Philosopher/sophist	Education and Training	19190	σοφιστην	1
5707	διδάσκαλος	διδασκαλος	Teacher	Education and Training	13130	διδασκαλον	1
5708	φιλόσοφος	φιλοσοφος	Philosopher/sophist	Education and Training	19190	φιλοσοφω	1
5963	διδάσκαλος	διδασκαλος	Teacher	Education and Training	13130	διδασκαλου	1
5964	διδάσκαλος	διδασκαλος	Teacher	Education and Training	13130	διδασκαλου	1
6101	σοφιστής	σοφιστης	Philosopher/sophist	Education and Training	19190	σοφιστην	1
6114	σοφιστής	σοφιστης	Philosopher/sophist	Education and Training	19190	σοφιστης	1
6115	σοφιστής	σοφιστης	Philosopher/sophist	Education and Training	19190	σοφιστης	1
6147	ῥήτωρ	ρητωρ	Orator	Literature and Scholarship	17150	ρητωρ	1
6286	ἱερεύς 	ιερευς 	Priest, sacrificer	Miscellaneous	14990	ιερευς 	1
6333	ἱερεύς 	ιερευς 	Priest, sacrificer	Miscellaneous	14990	ιερευς 	1
6345	ἱερεύς 	ιερευς 	Priest, sacrificer	Miscellaneous	14990	ιερευς 	1
6348	ἱερεύς 	ιερευς 	Priest, sacrificer	Miscellaneous	14990	ιερευς 	1
6357	ἱερεύς 	ιερευς 	Priest, sacrificer	Miscellaneous	14990	ιερευς 	1
6374	ἱερεύς 	ιερευς 	Priest, sacrificer	Miscellaneous	14990	ιερευς 	1
6407	ἰατρός	ιατρος	Doctor	Miscellaneous	6110	ιατρος	1
6435	ἰατρός	ιατρος	Doctor	Miscellaneous	6110	ιατρων	1
6447	ἱερεύς 	ιερευς 	Priest, sacrificer	Miscellaneous	14990	ιερευς 	1
6492	ἱερεύς 	ιερευς 	Priest, sacrificer	Miscellaneous	14990	ιερευς 	1
6664	γραμματεύς	γραμματευς	Scribe	Writing and the Book Trade	30120	γραμματευς	1
6717	ἱερεύς 	ιερευς 	Priest, sacrificer	Miscellaneous	14990	ιερευς 	1
6719	ἱερεύς 	ιερευς 	Priest, sacrificer	Miscellaneous	14990	ιερευς 	1
6729	χαλκεύς	χαλκευς	Smith	Metalwork	72110	χαλκεα	1
6731	τέκτων	τεκτων	Carpenter/joiner	Woodwork	95110	τεκτονας	1
6780	ἱερεύς 	ιερευς 	Priest, sacrificer	Miscellaneous	14990	ιερευς 	1
6867	ἱερεύς 	ιερευς 	Priest, sacrificer	Miscellaneous	14990	ιερευς 	1
6874	ἱερεύς 	ιερευς 	Priest, sacrificer	Miscellaneous	14990	ιερευς 	1
6994	λιθοκόπος	λιθοκοπος	Stonecutter/quarryman	Stonework	82120	λιθοκοπων	1
8343	παιδοτρίβης	παιδοτριβης	Physical trainer	Education and Training	18190	παιδοτριβης	1
8575	ἡνίοχος	ηνιοχος	charioteer	Transport	98510	ηνιοχος	1
8829	ἰατρός	ιατρος	Doctor	Miscellaneous	6110	ιατρος	1
9138	ἰατρός	ιατρος	Doctor	Miscellaneous	6110	ιατρου	1
9138	ἱερεύς 	ιερευς 	Priest, sacrificer	Miscellaneous	14990	ιερευς 	1
9727	ἰατρός	ιατρος	Doctor	Miscellaneous	6110	ιατρος	1
9786	ἰατρός	ιατρος	Doctor	Miscellaneous	6110	ιατρος	1
10506	ναύκληρος	ναυκληρος	Shipmaster	Seafaring/Maritime	98110	ναυκληρος	1
10774	κυβερνήτης	κυβερνητης	Helmsman	Seafaring/Maritime	98110	κυβερνητης	1
11079	ἰατρός	ιατρος	Doctor	Miscellaneous	6110	ιατρω	1
11763	ἰατρός	ιατρος	Doctor	Miscellaneous	6110	ιατρος	1
12057	ῥήτωρ	ρητωρ	Orator	Literature and Scholarship	17150	ρητωρ	1
12103	μεταλλεύς	μεταλλευς	Miner	Fuel and Raw Materials	71120	μεταλλευς	1
12200	ἀρχιτέκτων	αρχιτεκτων	Architect	Construction	2120	αρχιτεκτων	1
12905	ῥήτωρ	ρητωρ	Orator	Literature and Scholarship	17150	ρητωρ	1
12905	φιλόσοφος	φιλοσοφος	Philosopher/sophist	Education and Training	19190	φιλοσοφος	1
13074	μυλωθρός	μυλωθρος	Miller	Food Preparation and Retail	54120	μυλωθρος	1
13230	γεωργός	γεωργος	Farmer	Agriculture, Animal Husbandry	61110	γεωργος	1
13282	σκαφεύς	σκαφευς	Digger	Agriculture, Animal Husbandry	62990	σκαφευς	1
13776	ἀρτοκόπος	αρτοκοπος	Baker	Food Preparation and Retail	53120	αρτοκοπου	1
13783	περσικοποιός	περσικοποιος	Maker of slippers	Leatherwork and Footwear	80110	περσικοποιος	1
14054	κεραμεύς	κεραμευς	Potter	Ceramics	89120	κεραμευς	1
14439	ποιμήν	ποιμην	Shepherd	Agriculture, Animal Husbandry	61110	ποιμην	1
14484	πλυνεύς	πλυνευς	Clothes washer	Textiles	75140	πλυνευς	1
15054	ἀρτοκόπος	αρτοκοπος	Baker	Food Preparation and Retail	53120	αρτοκοπου	1
15269	εἰροπλόκος	ειροπλοκος	Wool weaver or plaiter	Textiles	76990	ειροπλοκος	1
15270	ἀμπελουργός	αμπελουργος	Vine Dresser	Agriculture, Animal Husbandry	61110	αμπελουργος	1
15272	κυβερνήτης	κυβερνητης	Helmsman	Seafaring/Maritime	98110	κυβερνητην	1
15302	σοφιστής	σοφιστης	Philosopher/sophist	Education and Training	19190	σοφιστη	1
15328	σοφιστής	σοφιστης	Philosopher/sophist	Education and Training	19190	σοφιστης	1
15561	ἱερεύς 	ιερευς 	Priest, sacrificer	Miscellaneous	14990	ιερευς 	1
18120	ἱερεύς 	ιερευς 	Priest, sacrificer	Miscellaneous	14990	ιερευς 	1
18122	ἱερεύς 	ιερευς 	Priest, sacrificer	Miscellaneous	14990	ιερευς 	1
18125	ἱερεύς 	ιερευς 	Priest, sacrificer	Miscellaneous	14990	ιερευς 	1
18132	ἱερεύς 	ιερευς 	Priest, sacrificer	Miscellaneous	14990	ιερευς 	1
18140	ἱερεύς 	ιερευς 	Priest, sacrificer	Miscellaneous	14990	ιερευς 	1
18144	ἱερεύς 	ιερευς 	Priest, sacrificer	Miscellaneous	14990	ιερευς 	1
18149	ἱερεύς 	ιερευς 	Priest, sacrificer	Miscellaneous	14990	ιερευς 	1
18152	ἱερεύς 	ιερευς 	Priest, sacrificer	Miscellaneous	14990	ιερευς 	1
18155	ἱερεύς 	ιερευς 	Priest, sacrificer	Miscellaneous	14990	ιερευς 	1
18158	ἱερεύς 	ιερευς 	Priest, sacrificer	Miscellaneous	14990	ιερευς 	1
18161	ἱερεύς 	ιερευς 	Priest, sacrificer	Miscellaneous	14990	ιερευς 	1
18163	ἱερεύς 	ιερευς 	Priest, sacrificer	Miscellaneous	14990	ιερευς 	1
18169	ἱερεύς 	ιερευς 	Priest, sacrificer	Miscellaneous	14990	ιερευς 	1
18170	ἱερεύς 	ιερευς 	Priest, sacrificer	Miscellaneous	14990	ιερευς 	1
18175	ἱερεύς 	ιερευς 	Priest, sacrificer	Miscellaneous	14990	ιερευς 	1
18186	ἱερεύς 	ιερευς 	Priest, sacrificer	Miscellaneous	14990	ιερευς 	1
18187	ἱερεύς 	ιερευς 	Priest, sacrificer	Miscellaneous	14990	ιερευς 	1
18194	ἱερεύς 	ιερευς 	Priest, sacrificer	Miscellaneous	14990	ιερευς 	1
18196	ἱερεύς 	ιερευς 	Priest, sacrificer	Miscellaneous	14990	ιερευς 	1
18197	ἱερεύς 	ιερευς 	Priest, sacrificer	Miscellaneous	14990	ιερευς 	1
18198	ἱερεύς 	ιερευς 	Priest, sacrificer	Miscellaneous	14990	ιερευς 	1
18199	ἱερεύς 	ιερευς 	Priest, sacrificer	Miscellaneous	14990	ιερευς 	1
18200	ἱερεύς 	ιερευς 	Priest, sacrificer	Miscellaneous	14990	ιερευς 	1
18216	ἱερεύς 	ιερευς 	Priest, sacrificer	Miscellaneous	14990	ιερευς 	1
18218	ἱερεύς 	ιερευς 	Priest, sacrificer	Miscellaneous	14990	ιερευς 	1
18219	ἱερεύς 	ιερευς 	Priest, sacrificer	Miscellaneous	14990	ιερευς 	1
18224	ἱερεύς 	ιερευς 	Priest, sacrificer	Miscellaneous	14990	ιερευς 	1
18225	ἱερεύς 	ιερευς 	Priest, sacrificer	Miscellaneous	14990	ιερευς 	1
18528	γραμματεύς	γραμματευς	Scribe	Writing and the Book Trade	30120	γραμματευς	1
18533	ἱερεύς 	ιερευς 	Priest, sacrificer	Miscellaneous	14990	ιερευς 	1
18542	ἀρχιτέκτων	αρχιτεκτων	Architect	Construction	2120	αρχιτεκτονος|αρχιτεκτων	2
18542	κιθαριστής	κιθαριστης	Kithara teacher/player	Education and Training	13920	κιθαριστας	1
18542	γραμματεύς	γραμματευς	Scribe	Writing and the Book Trade	30120	γραμματευς	1
18542	ἱερεύς 	ιερευς 	Priest, sacrificer	Miscellaneous	14990	ιερευς 	1
18720	πένταθλος	πενταθλος	Pentathlete	Sports and Competition	18990	πενταθλου	1
19467	ἱερεύς 	ιερευς 	Priest, sacrificer	Miscellaneous	14990	ιερευς 	1
19473	λιθουργός	λιθουργος	Stonemason	Stonework	82120	λιθουργος	1
21058	βούκολος	βουκολος	Cowherd	Agriculture, Animal Husbandry	61110	βουκολον|βουκολος	2
27547	γραμματεύς	γραμματευς	Scribe	Writing and the Book Trade	30120	γραμματεα|γραμματευς|γραμματεων|γραμματεως	4
27548	γραμματεύς	γραμματευς	Scribe	Writing and the Book Trade	30120	γραμματεα|γραμματευς|γραμματεων	3
33612	ἱεροποιός	ιεροποιος	Sacrificer	Miscellaneous	14990	ιεροποιων	1
33612	ἱερεύς 	ιερευς 	Priest, sacrificer	Miscellaneous	14990	ιερευς 	1
33767	ναύκληρος	ναυκληρος	Shipmaster	Seafaring/Maritime	98110	ναυκληρου	1
33887	ἰατρός	ιατρος	Doctor	Miscellaneous	6110	ιατρων	1
35868	ἰατρός	ιατρος	Doctor	Miscellaneous	6110	ιατρω	1
37661	ἱερεύς 	ιερευς 	Priest, sacrificer	Miscellaneous	14990	ιερευς 	1
44475	ἰατρός	ιατρος	Doctor	Miscellaneous	6110	ιατρος	1
44483	ὑπηρετής	υπηρετης	Architect’s assistant	Construction	95990	υπηρετης	1
44899	ἱερεύς 	ιερευς 	Priest, sacrificer	Miscellaneous	14990	ιερευς 	1
44916	ἱερεύς 	ιερευς 	Priest, sacrificer	Miscellaneous	14990	ιερευς 	1
45480	γραμματεύς	γραμματευς	Scribe	Writing and the Book Trade	30120	γραμματεως	1
46724	ἱερεύς 	ιερευς 	Priest, sacrificer	Miscellaneous	14990	ιερευς 	1
49790	οἰκοδομος	οικοδομος	Builder	Construction	95110	οικοδομου	1
50769	ἱερεύς 	ιερευς 	Priest, sacrificer	Miscellaneous	14990	ιερευς 	1
50841	ἱππικός	ιππικος	Riding trainer	Education and Training	18190	ιππικος	1
50944	ἱερεύς 	ιερευς 	Priest, sacrificer	Miscellaneous	14990	ιερευς 	1
51199	ἱερεύς 	ιερευς 	Priest, sacrificer	Miscellaneous	14990	ιερευς 	1
51541	ἱερεύς 	ιερευς 	Priest, sacrificer	Miscellaneous	14990	ιερευς 	1
51542	οἰκοδομος	οικοδομος	Builder	Construction	95110	οικοδομου	1
51562	ἰατρός	ιατρος	Doctor	Miscellaneous	6110	ιατρος	1
51734	ἱερεύς 	ιερευς 	Priest, sacrificer	Miscellaneous	14990	ιερευς 	1
51961	ἱερεύς 	ιερευς 	Priest, sacrificer	Miscellaneous	14990	ιερευς 	1
52113	ἱερεύς 	ιερευς 	Priest, sacrificer	Miscellaneous	14990	ιερευς 	1
52124	ἱερεύς 	ιερευς 	Priest, sacrificer	Miscellaneous	14990	ιερευς 	1
52229	ἱερεύς 	ιερευς 	Priest, sacrificer	Miscellaneous	14990	ιερευς 	1
52319	ἱερεύς 	ιερευς 	Priest, sacrificer	Miscellaneous	14990	ιερευς 	1
52322	κάπηλος	καπηλος	Retailer	Miscellaneous Retail	49190	καπηλος	1
52322	πιλοποιός	πιλοποιος	Hatter/felter	Textiles	79120	πιλοποιος	1
52402	γραμματεύς	γραμματευς	Scribe	Writing and the Book Trade	30120	γραμματεα	1
52544	ἱερεύς 	ιερευς 	Priest, sacrificer	Miscellaneous	14990	ιερευς 	1
52559	κάπηλος	καπηλος	Retailer	Miscellaneous Retail	49190	καπηλος	1
52625	ἱερεύς 	ιερευς 	Priest, sacrificer	Miscellaneous	14990	ιερευς 	1
52976	γραμματικός	γραμματικος	Grammarian	Literature and Scholarship	13920	γραμματικος	1
53261	γεωργός	γεωργος	Farmer	Agriculture, Animal Husbandry	61110	γεωργος	1
60010	ἱερεύς 	ιερευς 	Priest, sacrificer	Miscellaneous	14990	ιερευς 	1
60047	γραμματεύς	γραμματευς	Scribe	Writing and the Book Trade	30120	γραμματεις	1
60236	κιθαριστής	κιθαριστης	Kithara teacher/player	Education and Training	13920	κιθαριστης	1
60236	πένταθλος	πενταθλος	Pentathlete	Sports and Competition	18990	πενταθλον	1
60805	ναύκληρος	ναυκληρος	Shipmaster	Seafaring/Maritime	98110	ναυκληρος	1
62863	ἱερεύς 	ιερευς 	Priest, sacrificer	Miscellaneous	14990	ιερευς 	1
62972	ἀρχιτέκτων	αρχιτεκτων	Architect	Construction	2120	αρχιτεκτονος	1
63651	κυβερνήτης	κυβερνητης	Helmsman	Seafaring/Maritime	98110	κυβερνητης	1
63652	ναύτης	ναυτης	Sailor	Seafaring/Maritime	98110	ναυτης	1
65323	ἱερεύς 	ιερευς 	Priest, sacrificer	Miscellaneous	14990	ιερευς 	1
66085	ἱερεύς 	ιερευς 	Priest, sacrificer	Miscellaneous	14990	ιερευς 	1
66108	ἱεροποιός	ιεροποιος	Sacrificer	Miscellaneous	14990	ιεροποιοι	1
66108	ἱερεύς 	ιερευς 	Priest, sacrificer	Miscellaneous	14990	ιερευς 	1
66239	μουσικός	μουσικος	Musician	Drama and Entertainment	17320	μουσικοι	1
66265	ἰατρός	ιατρος	Doctor	Miscellaneous	6110	ιατρον|ιατρων	2
66266	γραμματεύς	γραμματευς	Scribe	Writing and the Book Trade	30120	γραμματευς	1
66304	ἱερεύς 	ιερευς 	Priest, sacrificer	Miscellaneous	14990	ιερευς 	1
66339	ἰατρός	ιατρος	Doctor	Miscellaneous	6110	ιατρον	1
66346	ἰατρός	ιατρος	Doctor	Miscellaneous	6110	ιατρου	1
69929	ἱερεύς 	ιερευς 	Priest, sacrificer	Miscellaneous	14990	ιερευς 	1
71332	ἀρχιτέκτων	αρχιτεκτων	Architect	Construction	2120	αρχιτεκτων	1
71840	ἱεροποιός	ιεροποιος	Sacrificer	Miscellaneous	14990	ιεροποιοι	1
71877	γραμματεύς	γραμματευς	Scribe	Writing and the Book Trade	30120	γραμματευς	1
71879	ἱερεύς 	ιερευς 	Priest, sacrificer	Miscellaneous	14990	ιερευς 	1
71924	χαλκεύς	χαλκευς	Smith	Metalwork	72110	χαλκεων	1
71939	ἱεροποιός	ιεροποιος	Sacrificer	Miscellaneous	14990	ιεροποιοι	1
72869	γραμματεύς	γραμματευς	Scribe	Writing and the Book Trade	30120	γραμματευς	1
75195	λιθοκόπος	λιθοκοπος	Stonecutter/quarryman	Stonework	82120	λιθοκοπος	1
75744	ῥάπτης	ραπτης	Clothes mender	Textiles	79120	ραπτης	1
75952	ῥάπτης	ραπτης	Clothes mender	Textiles	79120	ραπτης	1
76038	γραμματεύς	γραμματευς	Scribe	Writing and the Book Trade	30120	γραμματευς	1
76124	γραμματεύς	γραμματευς	Scribe	Writing and the Book Trade	30120	γραμματευς	1
76245	γραμματεύς	γραμματευς	Scribe	Writing and the Book Trade	30120	γραμματευς	1
78496	ὑπηρετής	υπηρετης	Architect’s assistant	Construction	95990	υπηρεται	1
82786	ἱερεύς 	ιερευς 	Priest, sacrificer	Miscellaneous	14990	ιερευς 	1
82787	ἱερεύς 	ιερευς 	Priest, sacrificer	Miscellaneous	14990	ιερευς 	1
83850	γραμματεύς	γραμματευς	Scribe	Writing and the Book Trade	30120	γραμματεως	1
83850	ἱεροποιός	ιεροποιος	Sacrificer	Miscellaneous	14990	ιεροποιου	1
85382	ἱερεύς 	ιερευς 	Priest, sacrificer	Miscellaneous	14990	ιερευς 	1
85383	ἱερεύς 	ιερευς 	Priest, sacrificer	Miscellaneous	14990	ιερευς 	1
85395	ἱερεύς 	ιερευς 	Priest, sacrificer	Miscellaneous	14990	ιερευς 	1
85407	γραμματεύς	γραμματευς	Scribe	Writing and the Book Trade	30120	γραμματεως	1
85407	ἱεροποιός	ιεροποιος	Sacrificer	Miscellaneous	14990	ιεροποιου	1
85588	ἱματιοπώλης	ιματιοπωλης	Clothes dealer	Textiles	45190	ιματιοπωλης	1
85588	ἱματιόπωλις	ιματιοπωλις	Clothes dealer	Textiles	45190	ιματιοπωλης	1
85604	τέκτων	τεκτων	Carpenter/joiner	Woodwork	95110	τεκτονος	1
85623	χωνευτής	χωνευτης	Metal-caster	Metalwork	72110	χωνευτης	1
85816	ἱερεύς 	ιερευς 	Priest, sacrificer	Miscellaneous	14990	ιερευς 	1
85866	ὑπηρετής	υπηρετης	Architect’s assistant	Construction	95990	υπηρετης	1
85866	γραμματεύς	γραμματευς	Scribe	Writing and the Book Trade	30120	γραμματευς	1
85874	γραμματεύς	γραμματευς	Scribe	Writing and the Book Trade	30120	γραμματευς	1
88803	ἰατρός	ιατρος	Doctor	Miscellaneous	6110	ιατρος	1
89322	ἱματιοπώλης	ιματιοπωλης	Clothes dealer	Textiles	45190	ιματιοπωλης	1
89322	ἱματιόπωλις	ιματιοπωλις	Clothes dealer	Textiles	45190	ιματιοπωλης	1
89418	ἰατρός	ιατρος	Doctor	Miscellaneous	6110	ιατρου	1
89727	γραμματεύς	γραμματευς	Scribe	Writing and the Book Trade	30120	γραμματευς	1
90170	ποιητής	ποιητης	Maker, poet	Literature and Scholarship	17150	ποιητης	1
90346	τέκτων	τεκτων	Carpenter/joiner	Woodwork	95110	τεκτων	1
94554	τέκτων	τεκτων	Carpenter/joiner	Woodwork	95110	τεκτων	1
96423	ἀρχιτέκτων	αρχιτεκτων	Architect	Construction	2120	αρχιτεκτον	1
97005	γραμματεύς	γραμματευς	Scribe	Writing and the Book Trade	30120	γραμματεα	1
97005	ἱερεύς 	ιερευς 	Priest, sacrificer	Miscellaneous	14990	ιερευς 	1
97025	ἱεροποιός	ιεροποιος	Sacrificer	Miscellaneous	14990	ιεροποιους	1
97601	ἱεροποιός	ιεροποιος	Sacrificer	Miscellaneous	14990	ιεροποιον	1
100878	ἱερεύς 	ιερευς 	Priest, sacrificer	Miscellaneous	14990	ιερευς 	1
100879	χαλκεύς	χαλκευς	Smith	Metalwork	72110	χαλκει	1
100879	ἱερεύς 	ιερευς 	Priest, sacrificer	Miscellaneous	14990	ιερευς 	1
100882	ἀργυροκόπος	αργυροκοπος	Coin minter	Metalwork	72110	αργυροκοπος	1
100885	ἱερεύς 	ιερευς 	Priest, sacrificer	Miscellaneous	14990	ιερευς 	1
101129	σκυτότομος	σκυτοτομος	Leather worker/shoemaker	Leatherwork and Footwear	80110	σκυτοτομος	1
101147	κάπηλος	καπηλος	Retailer	Miscellaneous Retail	49190	καπηλος	1
101151	διδάσκαλος	διδασκαλος	Teacher	Education and Training	13130	διδασκαλους	1
101152	διδάσκαλος	διδασκαλος	Teacher	Education and Training	13130	διδασκαλους	1
101152	ὑποδιδάσκαλος	υποδιδασκαλος	Teacher’s assistant	Education and Training	13990	υποδιδασκαλους	1
101163	ὑποκριτής	υποκριτης	Actor	Drama and Entertainment	17120	υποκριτην	1
101186	κάπηλος	καπηλος	Retailer	Miscellaneous Retail	49190	καπηλον	1
101186	μυλωθρός	μυλωθρος	Miller	Food Preparation and Retail	54120	μυλωθρον	1
101191	κάπηλος	καπηλος	Retailer	Miscellaneous Retail	49190	καπηλον	1
101205	καναβιουργός	καναβιουργος	Maker of frames (?)	Woodwork	73990	καναβιουργον	1
101205	κάπηλος	καπηλος	Retailer	Miscellaneous Retail	49190	καπηλον	1
101205	σινδονοπώλης	σινδονοπωλης	Linen seller	Textiles	45190	σινδονοπωλην	1
101354	χρυσόχοος	χρυσοχοος	Goldsmith	Metalwork	72110	χρυσοχοος	1
101381	γραμματεύς	γραμματευς	Scribe	Writing and the Book Trade	30120	γραμματεα	1
101385	δικτυοπλόκος	δικτυοπλοκος	Net maker	Cordage and Basketry	71990	δικτυοπλοκον	1
101414	κροκοπώλης	κροκοπωλης	Saffron Seller	Food Preparation and Retail	45190	κροκοπωλης	1
102055	ἱερεύς 	ιερευς 	Priest, sacrificer	Miscellaneous	14990	ιερευς 	1
102275	διδάσκαλος	διδασκαλος	Teacher	Education and Training	13130	διδασκαλους	1
102275	ὁπλομάχος	οπλομαχος	Weapons trainer	Education and Training	18190	οπλομαχον	1
102275	παιδοτρίβης	παιδοτριβης	Physical trainer	Education and Training	18190	παιδοτριβην	1
102811	γραμματεύς	γραμματευς	Scribe	Writing and the Book Trade	30120	γραμματεα	1
102811	ἱεροποιός	ιεροποιος	Sacrificer	Miscellaneous	14990	ιεροποιοι|ιεροποιοις|ιεροποιους	3
102837	περσικοποιός	περσικοποιος	Maker of slippers	Leatherwork and Footwear	80110	περσικοποιος	1
103167	ναύτης	ναυτης	Sailor	Seafaring/Maritime	98110	ναυται	1
103208	γραμματεύς	γραμματευς	Scribe	Writing and the Book Trade	30120	γραμματευς	1
103448	κροκοπώλης	κροκοπωλης	Saffron Seller	Food Preparation and Retail	45190	κροκοπωλης	1
104157	γραμματεύς	γραμματευς	Scribe	Writing and the Book Trade	30120	γραμματεα	1
104158	ἀγαλματοποιός	αγαλματοποιος	Statue maker	Stonework	16120	αγαλματοποιος	1
104189	γραμματεύς	γραμματευς	Scribe	Writing and the Book Trade	30120	γραμματεα	1
104289	διδάσκαλος	διδασκαλος	Teacher	Education and Training	13130	διδασκαλοις|διδασκαλων	2
104289	παιδοτρίβης	παιδοτριβης	Physical trainer	Education and Training	18190	παιδοτριβην	1
104289	γραμματεύς	γραμματευς	Scribe	Writing and the Book Trade	30120	γραμματεα	1
104538	σοφιστής	σοφιστης	Philosopher/sophist	Education and Training	19190	σοφιστην	1
104626	ἱππικός	ιππικος	Riding trainer	Education and Training	18190	ιππικου	1
104626	γραμματεύς	γραμματευς	Scribe	Writing and the Book Trade	30120	γραμματεα	1
108875	ἱερεύς 	ιερευς 	Priest, sacrificer	Miscellaneous	14990	ιερευς 	1
109168	ἰατρός	ιατρος	Doctor	Miscellaneous	6110	ιατρε	1
109201	τέκτων	τεκτων	Carpenter/joiner	Woodwork	95110	τεκτονων|τεκτων	2
109227	τέκτων	τεκτων	Carpenter/joiner	Woodwork	95110	τεκτονι	1
109244	οἰκοδομος	οικοδομος	Builder	Construction	95110	οικοδομος	1
109248	οἰκοδομος	οικοδομος	Builder	Construction	95110	οικοδομος	1
109261	τέκτων	τεκτων	Carpenter/joiner	Woodwork	95110	τεκτονες	1
109348	ἱερεύς 	ιερευς 	Priest, sacrificer	Miscellaneous	14990	ιερευς 	1
109495	ναυπηγός	ναυπηγος	Shipwright	Woodwork	73210	ναυπηγος	1
110399	διδάσκαλος	διδασκαλος	Teacher	Education and Training	13130	διδασκαλος	1
110414	ἰατρός	ιατρος	Doctor	Miscellaneous	6110	ιατρος	1
110526	ἰατρός	ιατρος	Doctor	Miscellaneous	6110	ιατρος	1
113112	ἀρχιτέκτων	αρχιτεκτων	Architect	Construction	2120	αρχιτεκτων	1
113119	οἰκοδομος	οικοδομος	Builder	Construction	95110	οικοδομοι	1
118725	γραμματεύς	γραμματευς	Scribe	Writing and the Book Trade	30120	γραμματεα	1
118727	γραμματεύς	γραμματευς	Scribe	Writing and the Book Trade	30120	γραμματεα	1
125321	γραμματεύς	γραμματευς	Scribe	Writing and the Book Trade	30120	γραμματευς	1
128841	γραμματεύς	γραμματευς	Scribe	Writing and the Book Trade	30120	γραμματευς	1
128847	χαλκεύς	χαλκευς	Smith	Metalwork	72110	χαλκεα	1
128953	γραμματεύς	γραμματευς	Scribe	Writing and the Book Trade	30120	γραμματευς	1
130214	λινουργός	λινουργος	Linen worker	Textiles	75130	λινουργων	1
130215	λινουργός	λινουργος	Linen worker	Textiles	75130	λινουργων	1
130216	λινουργός	λινουργος	Linen worker	Textiles	75130	λινουργων	1
130217	λανάριος	λαναριος	Wool worker	Textiles	76990	λαναριων	1
130218	γναφεύς	γναφευς	Fuller	Textiles	75140	γναφεων	1
130651	γραμματεύς	γραμματευς	Scribe	Writing and the Book Trade	30120	γραμματεως	1
130660	φιλόσοφος	φιλοσοφος	Philosopher/sophist	Education and Training	19190	φιλοσοφων	1
130815	φιλόσοφος	φιλοσοφος	Philosopher/sophist	Education and Training	19190	φιλοσοφον	1
130815	ἰατρός	ιατρος	Doctor	Miscellaneous	6110	ιατρον	1
130836	ἰατρός	ιατρος	Doctor	Miscellaneous	6110	ιατρος	1
131003	ποιητής	ποιητης	Maker, poet	Literature and Scholarship	17150	ποιητης	1
131120	ἱππικός	ιππικος	Riding trainer	Education and Training	18190	ιππικον	1
131125	ἱππικός	ιππικος	Riding trainer	Education and Training	18190	ιππικου	1
131143	γραμματεύς	γραμματευς	Scribe	Writing and the Book Trade	30120	γραμματεως	1
131160	βαφεύς	βαφευς	Dyer	Textiles	75120	βαφεις|βαφεων	2
131198	βαφεύς	βαφευς	Dyer	Textiles	75120	βαφεων	1
131250	βαφεύς	βαφευς	Dyer	Textiles	75120	βαφεων	1
131418	ἱερεύς 	ιερευς 	Priest, sacrificer	Miscellaneous	14990	ιερευς 	1
131421	ἱερεύς 	ιερευς 	Priest, sacrificer	Miscellaneous	14990	ιερευς 	1
131438	γραμματεύς	γραμματευς	Scribe	Writing and the Book Trade	30120	γραμματεα	1
132086	ναύκληρος	ναυκληρος	Shipmaster	Seafaring/Maritime	98110	ναυκληρος	1
132272	ἱερεύς 	ιερευς 	Priest, sacrificer	Miscellaneous	14990	ιερευς 	1
132341	γεωργός	γεωργος	Farmer	Agriculture, Animal Husbandry	61110	γεωργοις|γεωργους	2
132349	γεωργός	γεωργος	Farmer	Agriculture, Animal Husbandry	61110	γεωργω	1
132783	ἱερεύς 	ιερευς 	Priest, sacrificer	Miscellaneous	14990	ιερευς 	1
132784	ἱερεύς 	ιερευς 	Priest, sacrificer	Miscellaneous	14990	ιερευς 	1
132944	γραμματικός	γραμματικος	Grammarian	Literature and Scholarship	13920	γραμματικος	1
133001	ἰατρός	ιατρος	Doctor	Miscellaneous	6110	ιατρος	1
133209	ἱερεύς 	ιερευς 	Priest, sacrificer	Miscellaneous	14990	ιερευς 	1
133334	ἱερεύς 	ιερευς 	Priest, sacrificer	Miscellaneous	14990	ιερευς 	1
133404	τέκτων	τεκτων	Carpenter/joiner	Woodwork	95110	τεκτονι|τεκτων	2
133676	ἱερεύς 	ιερευς 	Priest, sacrificer	Miscellaneous	14990	ιερευς 	1
134039	ἱερεύς 	ιερευς 	Priest, sacrificer	Miscellaneous	14990	ιερευς 	1
134191	ἱερεύς 	ιερευς 	Priest, sacrificer	Miscellaneous	14990	ιερευς 	1
134405	ἱερεύς 	ιερευς 	Priest, sacrificer	Miscellaneous	14990	ιερευς 	1
134539	λιθουργός	λιθουργος	Stonemason	Stonework	82120	λιθουργοι	1
134567	ὑπηρετής	υπηρετης	Architect’s assistant	Construction	95990	υπηρετων	1
135477	ποιητής	ποιητης	Maker, poet	Literature and Scholarship	17150	ποιηται	1
135656	φιλόσοφος	φιλοσοφος	Philosopher/sophist	Education and Training	19190	φιλοσοφον	1
135846	γεωργός	γεωργος	Farmer	Agriculture, Animal Husbandry	61110	γεωργοι|γεωργων	2
135864	χρυσόχοος	χρυσοχοος	Goldsmith	Metalwork	72110	χρυσοχοοι	1
136146	ἱερεύς 	ιερευς 	Priest, sacrificer	Miscellaneous	14990	ιερευς 	1
136385	ἱερεύς 	ιερευς 	Priest, sacrificer	Miscellaneous	14990	ιερευς 	1
136424	ἱερεύς 	ιερευς 	Priest, sacrificer	Miscellaneous	14990	ιερευς 	1
136456	ἱερεύς 	ιερευς 	Priest, sacrificer	Miscellaneous	14990	ιερευς 	1
136587	ἱερεύς 	ιερευς 	Priest, sacrificer	Miscellaneous	14990	ιερευς 	1
136598	ἱερεύς 	ιερευς 	Priest, sacrificer	Miscellaneous	14990	ιερευς 	1
136607	ἱερεύς 	ιερευς 	Priest, sacrificer	Miscellaneous	14990	ιερευς 	1
136656	ἱερεύς 	ιερευς 	Priest, sacrificer	Miscellaneous	14990	ιερευς 	1
136659	ἱερεύς 	ιερευς 	Priest, sacrificer	Miscellaneous	14990	ιερευς 	1
136667	ἱερεύς 	ιερευς 	Priest, sacrificer	Miscellaneous	14990	ιερευς 	1
136832	ἱερεύς 	ιερευς 	Priest, sacrificer	Miscellaneous	14990	ιερευς 	1
137001	ἱερεύς 	ιερευς 	Priest, sacrificer	Miscellaneous	14990	ιερευς 	1
137120	κηπουρός	κηπουρος	Market Gardener	Agriculture, Animal Husbandry	62210	κηπουρων	1
137569	ἱερεύς 	ιερευς 	Priest, sacrificer	Miscellaneous	14990	ιερευς 	1
137611	ἱππικός	ιππικος	Riding trainer	Education and Training	18190	ιππικον	1
137681	ἱερεύς 	ιερευς 	Priest, sacrificer	Miscellaneous	14990	ιερευς 	1
137849	γραμματεύς	γραμματευς	Scribe	Writing and the Book Trade	30120	γραμματεα	1
137966	ἱερεύς 	ιερευς 	Priest, sacrificer	Miscellaneous	14990	ιερευς 	1
138004	φιλόσοφος	φιλοσοφος	Philosopher/sophist	Education and Training	19190	φιλοσοφου	1
138079	ἱερεύς 	ιερευς 	Priest, sacrificer	Miscellaneous	14990	ιερευς 	1
138097	ἱερεύς 	ιερευς 	Priest, sacrificer	Miscellaneous	14990	ιερευς 	1
138106	γραμματεύς	γραμματευς	Scribe	Writing and the Book Trade	30120	γραμματευς	1
138219	γεωργός	γεωργος	Farmer	Agriculture, Animal Husbandry	61110	γεωργον	1
138221	ἱππικός	ιππικος	Riding trainer	Education and Training	18190	ιππικου	1
138291	ἱερεύς 	ιερευς 	Priest, sacrificer	Miscellaneous	14990	ιερευς 	1
138320	γεωργός	γεωργος	Farmer	Agriculture, Animal Husbandry	61110	γεωργος	1
139192	ἱερεύς 	ιερευς 	Priest, sacrificer	Miscellaneous	14990	ιερευς 	1
139397	ἱερεύς 	ιερευς 	Priest, sacrificer	Miscellaneous	14990	ιερευς 	1
139564	ἱερεύς 	ιερευς 	Priest, sacrificer	Miscellaneous	14990	ιερευς 	1
139666	χαλκεύς	χαλκευς	Smith	Metalwork	72110	χαλκευς	1
139667	χαλκεύς	χαλκευς	Smith	Metalwork	72110	χαλκευς	1
139748	ἱερεύς 	ιερευς 	Priest, sacrificer	Miscellaneous	14990	ιερευς 	1
139749	ἱερεύς 	ιερευς 	Priest, sacrificer	Miscellaneous	14990	ιερευς 	1
140039	τέκτων	τεκτων	Carpenter/joiner	Woodwork	95110	τεκτονι|τεκτων	2
140444	ἱερεύς 	ιερευς 	Priest, sacrificer	Miscellaneous	14990	ιερευς 	1
140511	ἰατρός	ιατρος	Doctor	Miscellaneous	6110	ιατρου	1
140513	διδάσκαλος	διδασκαλος	Teacher	Education and Training	13130	διδασκαλος	1
140773	ἱερεύς 	ιερευς 	Priest, sacrificer	Miscellaneous	14990	ιερευς 	1
140785	διδάσκαλος	διδασκαλος	Teacher	Education and Training	13130	διδασκαλος	1
140805	ἰατρός	ιατρος	Doctor	Miscellaneous	6110	ιατρον	1
140852	χαλκεύς	χαλκευς	Smith	Metalwork	72110	χαλκευς	1
141475	ἰατρός	ιατρος	Doctor	Miscellaneous	6110	ιατρον	1
141489	διδάσκαλος	διδασκαλος	Teacher	Education and Training	13130	διδασκαλος	1
141497	χαλκεύς	χαλκευς	Smith	Metalwork	72110	χαλκευς	1
141564	ἰατρός	ιατρος	Doctor	Miscellaneous	6110	ιατρου	1
141566	διδάσκαλος	διδασκαλος	Teacher	Education and Training	13130	διδασκαλος	1
141618	ἱερεύς 	ιερευς 	Priest, sacrificer	Miscellaneous	14990	ιερευς 	1
141679	ἱερεύς 	ιερευς 	Priest, sacrificer	Miscellaneous	14990	ιερευς 	1
141693	ἰατρός	ιατρος	Doctor	Miscellaneous	6110	ιατρω	1
141714	φιλόσοφος	φιλοσοφος	Philosopher/sophist	Education and Training	19190	φιλοσοφον	1
141832	γραμματικός	γραμματικος	Grammarian	Literature and Scholarship	13920	γραμματικου	1
142018	ἱερεύς 	ιερευς 	Priest, sacrificer	Miscellaneous	14990	ιερευς 	1
142041	παιδοτρίβης	παιδοτριβης	Physical trainer	Education and Training	18190	παιδοτριβης	1
142146	ἱερεύς 	ιερευς 	Priest, sacrificer	Miscellaneous	14990	ιερευς 	1
143168	ἀρχιτέκτων	αρχιτεκτων	Architect	Construction	2120	αρχιτεκτονι	1
143232	ἰατρός	ιατρος	Doctor	Miscellaneous	6110	ιατρον	1
143236	γναφεύς	γναφευς	Fuller	Textiles	75140	γναφεων	1
143238	τέκτων	τεκτων	Carpenter/joiner	Woodwork	95110	τεκτονων	1
143247	πιλοποιός	πιλοποιος	Hatter/felter	Textiles	79120	πιλοποιων	1
143361	ἱερεύς 	ιερευς 	Priest, sacrificer	Miscellaneous	14990	ιερευς 	1
143381	ὑφάντης	υφαντης	Weaver	Textiles	75110	υφαντων	1
143594	ἰατρός	ιατρος	Doctor	Miscellaneous	6110	ιατροις	1
143848	λιθουργός	λιθουργος	Stonemason	Stonework	82120	λιθουργου	1
143852	γραμματεύς	γραμματευς	Scribe	Writing and the Book Trade	30120	γραμματεως	1
144240	λιθουργός	λιθουργος	Stonemason	Stonework	82120	λιθουργου	1
144240	γραμματεύς	γραμματευς	Scribe	Writing and the Book Trade	30120	γραμματεα	1
144243	γραμματεύς	γραμματευς	Scribe	Writing and the Book Trade	30120	γραμματεως	1
144319	γραμματεύς	γραμματευς	Scribe	Writing and the Book Trade	30120	γραμματευς	1
144357	ἱερεύς 	ιερευς 	Priest, sacrificer	Miscellaneous	14990	ιερευς 	1
144361	ῥήτωρ	ρητωρ	Orator	Literature and Scholarship	17150	ρητωρ	1
144386	ἀρχιτέκτων	αρχιτεκτων	Architect	Construction	2120	αρχιτεκτονι	1
144411	ἀργυροκόπος	αργυροκοπος	Coin minter	Metalwork	72110	αργυροκοπος	1
144649	γραμματεύς	γραμματευς	Scribe	Writing and the Book Trade	30120	γραμματευς	1
145064	ἱερεύς 	ιερευς 	Priest, sacrificer	Miscellaneous	14990	ιερευς 	1
145097	ναύκληρος	ναυκληρος	Shipmaster	Seafaring/Maritime	98110	ναυκληρος	1
145283	ναύκληρος	ναυκληρος	Shipmaster	Seafaring/Maritime	98110	ναυκληρος	1
145307	πένταθλος	πενταθλος	Pentathlete	Sports and Competition	18990	πενταθλος	1
145467	γραμματεύς	γραμματευς	Scribe	Writing and the Book Trade	30120	γραμματευς	1
145501	ναύκληρος	ναυκληρος	Shipmaster	Seafaring/Maritime	98110	ναυκληρου	1
145734	διδάσκαλος	διδασκαλος	Teacher	Education and Training	13130	διδασκαλε	1
145796	ῥήτωρ	ρητωρ	Orator	Literature and Scholarship	17150	ρητωρ	1
145809	φιλόσοφος	φιλοσοφος	Philosopher/sophist	Education and Training	19190	φιλοσοφος	1
145833	λιθουργός	λιθουργος	Stonemason	Stonework	82120	λιθουργου	1
145833	γραμματεύς	γραμματευς	Scribe	Writing and the Book Trade	30120	γραμματεα	1
147003	ἱερεύς 	ιερευς 	Priest, sacrificer	Miscellaneous	14990	ιερευς 	1
147010	ἱερεύς 	ιερευς 	Priest, sacrificer	Miscellaneous	14990	ιερευς 	1
147013	ἱερεύς 	ιερευς 	Priest, sacrificer	Miscellaneous	14990	ιερευς 	1
147016	ἱερεύς 	ιερευς 	Priest, sacrificer	Miscellaneous	14990	ιερευς 	1
147019	ἱερεύς 	ιερευς 	Priest, sacrificer	Miscellaneous	14990	ιερευς 	1
147021	χρυσόχοος	χρυσοχοος	Goldsmith	Metalwork	72110	χρυσοχοον	1
147045	τοξοποιός	τοξοποιος	Bowyer	Armaments	72990	τοξοποιου	1
147587	ἱερεύς 	ιερευς 	Priest, sacrificer	Miscellaneous	14990	ιερευς 	1
147591	τέκτων	τεκτων	Carpenter/joiner	Woodwork	95110	τεκτων	1
147957	γραμματεύς	γραμματευς	Scribe	Writing and the Book Trade	30120	γραμματευς	1
147980	χαλκεύς	χαλκευς	Smith	Metalwork	72110	χαλκευς	1
148169	ἱερεύς 	ιερευς 	Priest, sacrificer	Miscellaneous	14990	ιερευς 	1
148451	ἱερεύς 	ιερευς 	Priest, sacrificer	Miscellaneous	14990	ιερευς 	1
148582	ἱερεύς 	ιερευς 	Priest, sacrificer	Miscellaneous	14990	ιερευς 	1
148712	ἱερεύς 	ιερευς 	Priest, sacrificer	Miscellaneous	14990	ιερευς 	1
148746	ἀρτοκόπος	αρτοκοπος	Baker	Food Preparation and Retail	53120	αρτοκοποις	1
148848	κεραμεύς	κεραμευς	Potter	Ceramics	89120	κεραμευς	1
148892	ναύκληρος	ναυκληρος	Shipmaster	Seafaring/Maritime	98110	ναυκληρου	1
148941	ναύκληρος	ναυκληρος	Shipmaster	Seafaring/Maritime	98110	ναυκληρου	1
148941	ὑπηρετής	υπηρετης	Architect’s assistant	Construction	95990	υπηρετα	1
149037	γραμματεύς	γραμματευς	Scribe	Writing and the Book Trade	30120	γραμματευς	1
149089	γραμματεύς	γραμματευς	Scribe	Writing and the Book Trade	30120	γραμματευς	1
149311	ἱερεύς 	ιερευς 	Priest, sacrificer	Miscellaneous	14990	ιερευς 	1
149603	ἰατρός	ιατρος	Doctor	Miscellaneous	6110	ιατρος	1
149616	ἱερεύς 	ιερευς 	Priest, sacrificer	Miscellaneous	14990	ιερευς 	1
149678	γραμματεύς	γραμματευς	Scribe	Writing and the Book Trade	30120	γραμματεα	1
149695	ἱππικός	ιππικος	Riding trainer	Education and Training	18190	ιππικον|ιππικος	2
149696	ἱππικός	ιππικος	Riding trainer	Education and Training	18190	ιππικος	1
149697	ἱππικός	ιππικος	Riding trainer	Education and Training	18190	ιππικον	1
149762	λιθοκόπος	λιθοκοπος	Stonecutter/quarryman	Stonework	82120	λιθοκοπον	1
150055	γραμματεύς	γραμματευς	Scribe	Writing and the Book Trade	30120	γραμματεως	1
151416	ἱερεύς 	ιερευς 	Priest, sacrificer	Miscellaneous	14990	ιερευς 	1
151712	ἱερεύς 	ιερευς 	Priest, sacrificer	Miscellaneous	14990	ιερευς 	1
151713	ἱερεύς 	ιερευς 	Priest, sacrificer	Miscellaneous	14990	ιερευς 	1
151715	ἱερεύς 	ιερευς 	Priest, sacrificer	Miscellaneous	14990	ιερευς 	1
151879	λανάριος	λαναριος	Wool worker	Textiles	76990	λαναριου	1
152767	ἰατρός	ιατρος	Doctor	Miscellaneous	6110	ιατρου	1
152871	τέκτων	τεκτων	Carpenter/joiner	Woodwork	95110	τεκτων	1
153418	ἰατρός	ιατρος	Doctor	Miscellaneous	6110	ιατρω	1
153484	παιδοτρίβης	παιδοτριβης	Physical trainer	Education and Training	18190	παιδοτριβην	1
153558	ναύκληρος	ναυκληρος	Shipmaster	Seafaring/Maritime	98110	ναυκληροι	1
153643	ὑπηρετής	υπηρετης	Architect’s assistant	Construction	95990	υπηρετην	1
153655	ἱερεύς 	ιερευς 	Priest, sacrificer	Miscellaneous	14990	ιερευς 	1
153662	ἱππικός	ιππικος	Riding trainer	Education and Training	18190	ιππικον	1
153662	μουσικός	μουσικος	Musician	Drama and Entertainment	17320	μουσικον	1
153663	ἰατρός	ιατρος	Doctor	Miscellaneous	6110	ιατρον	1
153665	ἰατρός	ιατρος	Doctor	Miscellaneous	6110	ιατρου	1
153711	βούκολος	βουκολος	Cowherd	Agriculture, Animal Husbandry	61110	βουκολους	1
154024	παιδοτρίβης	παιδοτριβης	Physical trainer	Education and Training	18190	παιδοτριβην	1
154188	γραμματεύς	γραμματευς	Scribe	Writing and the Book Trade	30120	γραμματεα|γραμματευς|γραμματεων|γραμματεως	4
154189	γραμματεύς	γραμματευς	Scribe	Writing and the Book Trade	30120	γραμματεα	1
154203	ἰατρός	ιατρος	Doctor	Miscellaneous	6110	ιατροι	1
154371	ἰατρός	ιατρος	Doctor	Miscellaneous	6110	ιατρος	1
154371	ἱερεύς 	ιερευς 	Priest, sacrificer	Miscellaneous	14990	ιερευς 	1
154497	ἱερεύς 	ιερευς 	Priest, sacrificer	Miscellaneous	14990	ιερευς 	1
154557	ἱερεύς 	ιερευς 	Priest, sacrificer	Miscellaneous	14990	ιερευς 	1
154618	ναύτης	ναυτης	Sailor	Seafaring/Maritime	98110	ναυται	1
154627	γραμματεύς	γραμματευς	Scribe	Writing and the Book Trade	30120	γραμματευς	1
154706	ἱεροποιός	ιεροποιος	Sacrificer	Miscellaneous	14990	ιεροποιοι	1
154712	γραμματεύς	γραμματευς	Scribe	Writing and the Book Trade	30120	γραμματευς	1
155049	ἱερεύς 	ιερευς 	Priest, sacrificer	Miscellaneous	14990	ιερευς 	1
155077	γναφεύς	γναφευς	Fuller	Textiles	75140	γναφεων	1
155112	ὑπηρετής	υπηρετης	Architect’s assistant	Construction	95990	υπηρετη	1
155381	ἀργυροκόπος	αργυροκοπος	Coin minter	Metalwork	72110	αργυροκοπου	1
155758	γραμματικός	γραμματικος	Grammarian	Literature and Scholarship	13920	γραμματικον	1
155894	λιθοκόπος	λιθοκοπος	Stonecutter/quarryman	Stonework	82120	λιθοκοπος	1
156028	γραμματεύς	γραμματευς	Scribe	Writing and the Book Trade	30120	γραμματεα	1
156042	γραμματεύς	γραμματευς	Scribe	Writing and the Book Trade	30120	γραμματευς	1
156076	ἀνδριαντοποιός	ανδριαντοποιος	Statue maker	Stonework	16120	ανδριαντοποιον|ανδριαντοποιος	2
156112	γραμματεύς	γραμματευς	Scribe	Writing and the Book Trade	30120	γραμματεα	1
156114	ὑπηρετής	υπηρετης	Architect’s assistant	Construction	95990	υπηρετην	1
156274	ὁπλομάχος	οπλομαχος	Weapons trainer	Education and Training	18190	οπλομαχος	1
156274	παιδοτρίβης	παιδοτριβης	Physical trainer	Education and Training	18190	παιδοτριβης	1
156274	γραμματεύς	γραμματευς	Scribe	Writing and the Book Trade	30120	γραμματευς	1
156278	ὁπλομάχος	οπλομαχος	Weapons trainer	Education and Training	18190	οπλομαχος	1
156533	γραμματεύς	γραμματευς	Scribe	Writing and the Book Trade	30120	γραμματεα	1
156766	γεωργός	γεωργος	Farmer	Agriculture, Animal Husbandry	61110	γεωργος	1
156766	ἔμπορος	εμπορος	Maritime trader	Seafaring/Maritime	41110	εμπορος	1
156838	γραμματεύς	γραμματευς	Scribe	Writing and the Book Trade	30120	γραμματεα	1
156842	ἱερεύς 	ιερευς 	Priest, sacrificer	Miscellaneous	14990	ιερευς 	1
157016	γραμματεύς	γραμματευς	Scribe	Writing and the Book Trade	30120	γραμματεα	1
157016	ἱερεύς 	ιερευς 	Priest, sacrificer	Miscellaneous	14990	ιερευς 	1
157017	γραμματεύς	γραμματευς	Scribe	Writing and the Book Trade	30120	γραμματεα	1
157019	ἱερεύς 	ιερευς 	Priest, sacrificer	Miscellaneous	14990	ιερευς 	1
157021	ἱερεύς 	ιερευς 	Priest, sacrificer	Miscellaneous	14990	ιερευς 	1
157022	ἱερεύς 	ιερευς 	Priest, sacrificer	Miscellaneous	14990	ιερευς 	1
157023	γραμματεύς	γραμματευς	Scribe	Writing and the Book Trade	30120	γραμματεα	1
157024	ἱερεύς 	ιερευς 	Priest, sacrificer	Miscellaneous	14990	ιερευς 	1
157028	ἀμπελουργός	αμπελουργος	Vine Dresser	Agriculture, Animal Husbandry	61110	αμπελουργον	1
157028	ἀρτοπώλης	αρτοπωλης	Bread Seller	Food Preparation and Retail	51190	αρτοπωλην	1
157028	ἀρτόπωλις	αρτοπωλις	Bread Seller	Food Preparation and Retail	51190	αρτοπωλην	1
157028	γεωργός	γεωργος	Farmer	Agriculture, Animal Husbandry	61110	γεωργον	1
157028	ὀσπριοπώλης	οσπριοπωλης	Pulse Seller	Food Preparation and Retail	45190	οσπριοπωλην	1
157028	ταλασιουργός	ταλασιουργος	Woolworker	Textiles	76990	ταλασιουργον	1
157028	τέκτων	τεκτων	Carpenter/joiner	Woodwork	95110	τεκτον	1
157028	χαλκεύς	χαλκευς	Smith	Metalwork	72110	χαλκευ	1
157028	χρυσόχοος	χρυσοχοος	Goldsmith	Metalwork	72110	χρυσοχοον	1
157136	γραμματεύς	γραμματευς	Scribe	Writing and the Book Trade	30120	γραμματεα	1
157144	γραμματεύς	γραμματευς	Scribe	Writing and the Book Trade	30120	γραμματεα	1
157312	γραμματεύς	γραμματευς	Scribe	Writing and the Book Trade	30120	γραμματεα	1
157313	ἔμπορος	εμπορος	Maritime trader	Seafaring/Maritime	41110	εμποροι	1
157414	ἱεροποιός	ιεροποιος	Sacrificer	Miscellaneous	14990	ιεροποιοις	1
157417	γραμματεύς	γραμματευς	Scribe	Writing and the Book Trade	30120	γραμματευς	1
157419	γραμματεύς	γραμματευς	Scribe	Writing and the Book Trade	30120	γραμματευς	1
157440	παιδοτρίβης	παιδοτριβης	Physical trainer	Education and Training	18190	παιδοτριβης	1
157453	παιδοτρίβης	παιδοτριβης	Physical trainer	Education and Training	18190	παιδοτριβην	1
157453	γραμματεύς	γραμματευς	Scribe	Writing and the Book Trade	30120	γραμματεα	1
157487	ἰχθυοπώλης	ιχθυοπωλης	Fishmonger	Food Preparation and Retail	45190	ιχθυοπωλας	1
157501	ἱεροποιός	ιεροποιος	Sacrificer	Miscellaneous	14990	ιεροποιους	1
157557	παιδοτρίβης	παιδοτριβης	Physical trainer	Education and Training	18190	παιδοτριβης	1
157624	ἀνδριαντοποιός	ανδριαντοποιος	Statue maker	Stonework	16120	ανδριαντοποιος	1
157893	γραμματικός	γραμματικος	Grammarian	Literature and Scholarship	13920	γραμματικων	1
157893	ἱππικός	ιππικος	Riding trainer	Education and Training	18190	ιππικοις	1
157949	ἀρχιτέκτων	αρχιτεκτων	Architect	Construction	2120	αρχιτεκτον	1
158074	γραμματεύς	γραμματευς	Scribe	Writing and the Book Trade	30120	γραμματεα	1
158087	γραμματεύς	γραμματευς	Scribe	Writing and the Book Trade	30120	γραμματεα	1
158110	ἱερεύς 	ιερευς 	Priest, sacrificer	Miscellaneous	14990	ιερευς 	1
158180	ἀρχιτέκτων	αρχιτεκτων	Architect	Construction	2120	αρχιτεκτονα	1
158232	γραμματεύς	γραμματευς	Scribe	Writing and the Book Trade	30120	γραμματει	1
158385	διδάσκαλος	διδασκαλος	Teacher	Education and Training	13130	διδασκαλοις	1
158385	γραμματεύς	γραμματευς	Scribe	Writing and the Book Trade	30120	γραμματεα	1
158414	ἱερεύς 	ιερευς 	Priest, sacrificer	Miscellaneous	14990	ιερευς 	1
158415	διδάσκαλος	διδασκαλος	Teacher	Education and Training	13130	διδασκαλος	1
158415	ὁπλομάχος	οπλομαχος	Weapons trainer	Education and Training	18190	οπλομαχος	1
158415	παιδοτρίβης	παιδοτριβης	Physical trainer	Education and Training	18190	παιδοτριβης	1
158415	γραμματεύς	γραμματευς	Scribe	Writing and the Book Trade	30120	γραμματευς	1
158417	διδάσκαλος	διδασκαλος	Teacher	Education and Training	13130	διδασκαλος	1
158417	ὁπλομάχος	οπλομαχος	Weapons trainer	Education and Training	18190	οπλομαχος	1
158418	παιδοτρίβης	παιδοτριβης	Physical trainer	Education and Training	18190	παιδοτριβης	1
158418	γραμματεύς	γραμματευς	Scribe	Writing and the Book Trade	30120	γραμματευς	1
158418	ἱερεύς 	ιερευς 	Priest, sacrificer	Miscellaneous	14990	ιερευς 	1
158422	γραμματεύς	γραμματευς	Scribe	Writing and the Book Trade	30120	γραμματευς	1
158427	ὑποκριτής	υποκριτης	Actor	Drama and Entertainment	17120	υποκριται	1
158428	ὑποκριτής	υποκριτης	Actor	Drama and Entertainment	17120	υποκριται	1
158429	ὑποκριτής	υποκριτης	Actor	Drama and Entertainment	17120	υποκριτων	1
158449	φιλόσοφος	φιλοσοφος	Philosopher/sophist	Education and Training	19190	φιλοσοφον	1
158733	ὑποκριτής	υποκριτης	Actor	Drama and Entertainment	17120	υποκριται	1
158850	σοφιστής	σοφιστης	Philosopher/sophist	Education and Training	19190	σοφιστη	1
159052	φιλόσοφος	φιλοσοφος	Philosopher/sophist	Education and Training	19190	φιλοσοφον	1
159205	ἀρχιτέκτων	αρχιτεκτων	Architect	Construction	2120	αρχιτεκτονα	1
159231	φιλόσοφος	φιλοσοφος	Philosopher/sophist	Education and Training	19190	φιλοσοφον	1
159334	γραμματεύς	γραμματευς	Scribe	Writing and the Book Trade	30120	γραμματευς	1
159336	γραμματεύς	γραμματευς	Scribe	Writing and the Book Trade	30120	γραμματει	1
159385	παιδοτρίβης	παιδοτριβης	Physical trainer	Education and Training	18190	παιδοτριβην	1
159399	ἱερεύς 	ιερευς 	Priest, sacrificer	Miscellaneous	14990	ιερευς 	1
159442	ἱερεύς 	ιερευς 	Priest, sacrificer	Miscellaneous	14990	ιερευς 	1
159446	ὁπλομάχος	οπλομαχος	Weapons trainer	Education and Training	18190	οπλομαχος	1
159449	πένταθλος	πενταθλος	Pentathlete	Sports and Competition	18990	πενταθλον	1
159450	ἱερεύς 	ιερευς 	Priest, sacrificer	Miscellaneous	14990	ιερευς 	1
159562	γραμματεύς	γραμματευς	Scribe	Writing and the Book Trade	30120	γραμματεα	1
159676	ἱερεύς 	ιερευς 	Priest, sacrificer	Miscellaneous	14990	ιερευς 	1
159737	γραμματεύς	γραμματευς	Scribe	Writing and the Book Trade	30120	γραμματευς	1
159744	γραμματεύς	γραμματευς	Scribe	Writing and the Book Trade	30120	γραμματεα	1
159777	γραμματεύς	γραμματευς	Scribe	Writing and the Book Trade	30120	γραμματεα	1
159846	ἱερεύς 	ιερευς 	Priest, sacrificer	Miscellaneous	14990	ιερευς 	1
159962	γραμματεύς	γραμματευς	Scribe	Writing and the Book Trade	30120	γραμματεα	1
160140	γραμματεύς	γραμματευς	Scribe	Writing and the Book Trade	30120	γραμματεα	1
160229	ἱεροποιός	ιεροποιος	Sacrificer	Miscellaneous	14990	ιεροποιους	1
160231	γραμματεύς	γραμματευς	Scribe	Writing and the Book Trade	30120	γραμματευς	1
160233	κιθαριστής	κιθαριστης	Kithara teacher/player	Education and Training	13920	κιθαρισταις	1
160233	πυκτεύς	πυκτευς	Boxer	Sports and Competition	18990	πυκτει	1
160283	κροκοπώλης	κροκοπωλης	Saffron Seller	Food Preparation and Retail	45190	κροκοπωλης	1
160331	παιδοτρίβης	παιδοτριβης	Physical trainer	Education and Training	18190	παιδοτριβην	1
160331	γραμματεύς	γραμματευς	Scribe	Writing and the Book Trade	30120	γραμματεα	1
160356	γραμματεύς	γραμματευς	Scribe	Writing and the Book Trade	30120	γραμματευς	1
160528	ἀρχιτέκτων	αρχιτεκτων	Architect	Construction	2120	αρχιτεκτων	1
160528	οἰκοδομος	οικοδομος	Builder	Construction	95110	οικοδομου	1
160528	ἱεροποιός	ιεροποιος	Sacrificer	Miscellaneous	14990	ιεροποιοι	1
160538	διδάσκαλος	διδασκαλος	Teacher	Education and Training	13130	διδασκαλος	1
160538	ἰατρός	ιατρος	Doctor	Miscellaneous	6110	ιατρος	1
160554	ἱερεύς 	ιερευς 	Priest, sacrificer	Miscellaneous	14990	ιερευς 	1
160639	γραμματεύς	γραμματευς	Scribe	Writing and the Book Trade	30120	γραμματευς	1
160640	γραμματεύς	γραμματευς	Scribe	Writing and the Book Trade	30120	γραμματευς	1
160658	γραμματεύς	γραμματευς	Scribe	Writing and the Book Trade	30120	γραμματεα	1
160665	γραμματεύς	γραμματευς	Scribe	Writing and the Book Trade	30120	γραμματεα	1
160669	παιδοτρίβης	παιδοτριβης	Physical trainer	Education and Training	18190	παιδοτριβην	1
160690	ἱερεύς 	ιερευς 	Priest, sacrificer	Miscellaneous	14990	ιερευς 	1
160704	ἱερεύς 	ιερευς 	Priest, sacrificer	Miscellaneous	14990	ιερευς 	1
161424	ἱερεύς 	ιερευς 	Priest, sacrificer	Miscellaneous	14990	ιερευς 	1
163010	χαλκεύς	χαλκευς	Smith	Metalwork	72110	χαλκευς	1
169216	ὑποδιδάσκαλος	υποδιδασκαλος	Teacher’s assistant	Education and Training	13990	υποδιδασκαλου	1
169333	ἱερεύς 	ιερευς 	Priest, sacrificer	Miscellaneous	14990	ιερευς 	1
169512	φιλόσοφος	φιλοσοφος	Philosopher/sophist	Education and Training	19190	φιλοσοφος	1
170692	ἔμπορος	εμπορος	Maritime trader	Seafaring/Maritime	41110	εμποροις	1
171641	ἱερεύς 	ιερευς 	Priest, sacrificer	Miscellaneous	14990	ιερευς 	1
171648	οἰκοδομος	οικοδομος	Builder	Construction	95110	οικοδομων	1
171706	οἰκοδομος	οικοδομος	Builder	Construction	95110	οικοδομος	1
171712	οἰκοδομος	οικοδομος	Builder	Construction	95110	οικοδομος|οικοδομου	2
171713	οἰκοδομος	οικοδομος	Builder	Construction	95110	οικοδομοις	1
171714	χρυσόχοος	χρυσοχοος	Goldsmith	Metalwork	72110	χρυσοχοος	1
171788	σιτοπώλης	σιτοπωλης	Grain Dealer	Food Preparation and Retail	41110	σιτοπωλας	1
172287	ἱερεύς 	ιερευς 	Priest, sacrificer	Miscellaneous	14990	ιερευς 	1
172479	γεωργός	γεωργος	Farmer	Agriculture, Animal Husbandry	61110	γεωργους	1
173957	γραμματεύς	γραμματευς	Scribe	Writing and the Book Trade	30120	γραμματευς	1
176658	ἱερεύς 	ιερευς 	Priest, sacrificer	Miscellaneous	14990	ιερευς 	1
177022	ἱερεύς 	ιερευς 	Priest, sacrificer	Miscellaneous	14990	ιερευς 	1
177307	ἱερεύς 	ιερευς 	Priest, sacrificer	Miscellaneous	14990	ιερευς 	1
177992	γεωργός	γεωργος	Farmer	Agriculture, Animal Husbandry	61110	γεωργους	1
178200	ἰατρός	ιατρος	Doctor	Miscellaneous	6110	ιατρος	1
178595	ἱερεύς 	ιερευς 	Priest, sacrificer	Miscellaneous	14990	ιερευς 	1
178836	ἱερεύς 	ιερευς 	Priest, sacrificer	Miscellaneous	14990	ιερευς 	1
180343	ἔμπορος	εμπορος	Maritime trader	Seafaring/Maritime	41110	εμποροις	1
180452	ἁλιεύς	αλιευς	Fisherman	Seafaring/Maritime	64110	αλιεις	1
180454	διδάσκαλος	διδασκαλος	Teacher	Education and Training	13130	διδασκαλον	1
184408	κεραμεύς	κεραμευς	Potter	Ceramics	89120	κεραμευς	1
184906	οἰκοδομος	οικοδομος	Builder	Construction	95110	οικοδομος	1
186275	ἀρχιτέκτων	αρχιτεκτων	Architect	Construction	2120	αρχιτεκτονος	1
187037	οἰκοδομος	οικοδομος	Builder	Construction	95110	οικοδομος	1
187040	οἰκοδομος	οικοδομος	Builder	Construction	95110	οικοδομος	1
187062	οἰκοδομος	οικοδομος	Builder	Construction	95110	οικοδομος	1
187078	ἱερεύς 	ιερευς 	Priest, sacrificer	Miscellaneous	14990	ιερευς 	1
187170	ἁλιεύς	αλιευς	Fisherman	Seafaring/Maritime	64110	αλιεις	1
187173	ἀρχιτέκτων	αρχιτεκτων	Architect	Construction	2120	αρχιτεκτων	1
189114	γραφεύς	γραφευς	Scrivener/copyist	Writing and the Book Trade	30120	γραφει	1
189179	γραμματεύς	γραμματευς	Scribe	Writing and the Book Trade	30120	γραμματεα	1
189203	ἱερεύς 	ιερευς 	Priest, sacrificer	Miscellaneous	14990	ιερευς 	1
189423	ἀρχιτέκτων	αρχιτεκτων	Architect	Construction	2120	αρχιτεκτων	1
195002	ἰατρός	ιατρος	Doctor	Miscellaneous	6110	ιατρος	1
195842	χαλκεύς	χαλκευς	Smith	Metalwork	72110	χαλκευς	1
196850	σοφιστής	σοφιστης	Philosopher/sophist	Education and Training	19190	σοφιστης	1
197511	κεραμεύς	κεραμευς	Potter	Ceramics	89120	κεραμευς	1
199532	ἰατρός	ιατρος	Doctor	Miscellaneous	6110	ιατρω	1
199534	ναύκληρος	ναυκληρος	Shipmaster	Seafaring/Maritime	98110	ναυκληρος	1
202293	ἱερεύς 	ιερευς 	Priest, sacrificer	Miscellaneous	14990	ιερευς 	1
205308	κηπουρός	κηπουρος	Market Gardener	Agriculture, Animal Husbandry	62210	κηπουροι	1
205311	ἱππικός	ιππικος	Riding trainer	Education and Training	18190	ιππικον	1
205313	ἱππικός	ιππικος	Riding trainer	Education and Training	18190	ιππικον|ιππικος	2
205314	ἱππικός	ιππικος	Riding trainer	Education and Training	18190	ιππικος	1
205392	ἱππικός	ιππικος	Riding trainer	Education and Training	18190	ιππικος	1
205513	ἱερεύς 	ιερευς 	Priest, sacrificer	Miscellaneous	14990	ιερευς 	1
205587	ἱερεύς 	ιερευς 	Priest, sacrificer	Miscellaneous	14990	ιερευς 	1
206467	τέκτων	τεκτων	Carpenter/joiner	Woodwork	95110	τεκτων	1
206797	ἱερεύς 	ιερευς 	Priest, sacrificer	Miscellaneous	14990	ιερευς 	1
208740	ἀρχιτέκτων	αρχιτεκτων	Architect	Construction	2120	αρχιτεκτων	1
208788	ἱερεύς 	ιερευς 	Priest, sacrificer	Miscellaneous	14990	ιερευς 	1
209622	ἱππικός	ιππικος	Riding trainer	Education and Training	18190	ιππικων	1
209657	σοφιστής	σοφιστης	Philosopher/sophist	Education and Training	19190	σοφιστης	1
209658	σοφιστής	σοφιστης	Philosopher/sophist	Education and Training	19190	σοφιστης	1
209998	ἱερεύς 	ιερευς 	Priest, sacrificer	Miscellaneous	14990	ιερευς 	1
211293	γραμματεύς	γραμματευς	Scribe	Writing and the Book Trade	30120	γραμματεα	1
211297	γραμματεύς	γραμματευς	Scribe	Writing and the Book Trade	30120	γραμματεα|γραμματει	2
211303	γραμματεύς	γραμματευς	Scribe	Writing and the Book Trade	30120	γραμματεα	1
211304	γραμματεύς	γραμματευς	Scribe	Writing and the Book Trade	30120	γραμματεα|γραμματει	2
211311	γραμματεύς	γραμματευς	Scribe	Writing and the Book Trade	30120	γραμματεα	1
211367	ἱεροποιός	ιεροποιος	Sacrificer	Miscellaneous	14990	ιεροποιοι|ιεροποιοις	2
211386	γραμματεύς	γραμματευς	Scribe	Writing and the Book Trade	30120	γραμματεα	1
211389	γραμματεύς	γραμματευς	Scribe	Writing and the Book Trade	30120	γραμματευς	1
211396	γραμματεύς	γραμματευς	Scribe	Writing and the Book Trade	30120	γραμματεα	1
211398	γραμματεύς	γραμματευς	Scribe	Writing and the Book Trade	30120	γραμματεα	1
211399	γραμματεύς	γραμματευς	Scribe	Writing and the Book Trade	30120	γραμματεα	1
211401	γραμματεύς	γραμματευς	Scribe	Writing and the Book Trade	30120	γραμματεα	1
211410	γραμματεύς	γραμματευς	Scribe	Writing and the Book Trade	30120	γραμματεα	1
211414	γραμματεύς	γραμματευς	Scribe	Writing and the Book Trade	30120	γραμματεα	1
211414	ἱεροποιός	ιεροποιος	Sacrificer	Miscellaneous	14990	ιεροποιοι|ιεροποιους	2
211414	ἱερεύς 	ιερευς 	Priest, sacrificer	Miscellaneous	14990	ιερευς 	1
211433	γραμματεύς	γραμματευς	Scribe	Writing and the Book Trade	30120	γραμματεα	1
211438	ἔμπορος	εμπορος	Maritime trader	Seafaring/Maritime	41110	εμπορων	1
211438	ναύκληρος	ναυκληρος	Shipmaster	Seafaring/Maritime	98110	ναυκληρων	1
211442	ἀνδριαντοποιός	ανδριαντοποιος	Statue maker	Stonework	16120	ανδριαντοποιον|ανδριαντοποιος	2
211452	ἔμπορος	εμπορος	Maritime trader	Seafaring/Maritime	41110	εμποροι|εμπορων	2
211452	ναύκληρος	ναυκληρος	Shipmaster	Seafaring/Maritime	98110	ναυκληρων	1
211453	γραμματεύς	γραμματευς	Scribe	Writing and the Book Trade	30120	γραμματει	1
211466	γραμματεύς	γραμματευς	Scribe	Writing and the Book Trade	30120	γραμματεα	1
211471	ὑπηρετής	υπηρετης	Architect’s assistant	Construction	95990	υπηρετων	1
211471	γραμματεύς	γραμματευς	Scribe	Writing and the Book Trade	30120	γραμματεα	1
211473	γραμματεύς	γραμματευς	Scribe	Writing and the Book Trade	30120	γραμματεα	1
211476	γραμματεύς	γραμματευς	Scribe	Writing and the Book Trade	30120	γραμματεα	1
211479	γραμματεύς	γραμματευς	Scribe	Writing and the Book Trade	30120	γραμματεα	1
211489	γραμματεύς	γραμματευς	Scribe	Writing and the Book Trade	30120	γραμματεα	1
211490	γραμματεύς	γραμματευς	Scribe	Writing and the Book Trade	30120	γραμματεα	1
211491	γραμματεύς	γραμματευς	Scribe	Writing and the Book Trade	30120	γραμματεα	1
211499	γραμματεύς	γραμματευς	Scribe	Writing and the Book Trade	30120	γραμματεα	1
211507	γραμματεύς	γραμματευς	Scribe	Writing and the Book Trade	30120	γραμματεα	1
211508	γραμματεύς	γραμματευς	Scribe	Writing and the Book Trade	30120	γραμματει	1
211509	γραμματεύς	γραμματευς	Scribe	Writing and the Book Trade	30120	γραμματεα	1
211514	γραμματεύς	γραμματευς	Scribe	Writing and the Book Trade	30120	γραμματεα	1
211516	γραμματεύς	γραμματευς	Scribe	Writing and the Book Trade	30120	γραμματεα	1
211519	γραμματεύς	γραμματευς	Scribe	Writing and the Book Trade	30120	γραμματεα	1
211573	γραμματεύς	γραμματευς	Scribe	Writing and the Book Trade	30120	γραμματεα	1
211576	γραμματεύς	γραμματευς	Scribe	Writing and the Book Trade	30120	γραμματεα	1
211577	γραμματεύς	γραμματευς	Scribe	Writing and the Book Trade	30120	γραμματεα	1
211587	ἀρχιτέκτων	αρχιτεκτων	Architect	Construction	2120	αρχιτεκτονος	1
211590	ἀρχιτέκτων	αρχιτεκτων	Architect	Construction	2120	αρχιτεκτονος	1
211590	ἱερεύς 	ιερευς 	Priest, sacrificer	Miscellaneous	14990	ιερευς 	1
211607	γραμματεύς	γραμματευς	Scribe	Writing and the Book Trade	30120	γραμματεα	1
211612	παιδοτρίβης	παιδοτριβης	Physical trainer	Education and Training	18190	παιδοτριβην	1
211612	γραμματεύς	γραμματευς	Scribe	Writing and the Book Trade	30120	γραμματεα	1
211619	μουσικός	μουσικος	Musician	Drama and Entertainment	17320	μουσικον	1
211620	ἱππικός	ιππικος	Riding trainer	Education and Training	18190	ιππικον	1
211622	γραμματεύς	γραμματευς	Scribe	Writing and the Book Trade	30120	γραμματεα	1
211625	γραμματεύς	γραμματευς	Scribe	Writing and the Book Trade	30120	γραμματεα	1
211656	ἀρχιτέκτων	αρχιτεκτων	Architect	Construction	2120	αρχιτεκτονος	1
211674	γραμματεύς	γραμματευς	Scribe	Writing and the Book Trade	30120	γραμματεα	1
211677	γραμματεύς	γραμματευς	Scribe	Writing and the Book Trade	30120	γραμματεα	1
211706	γραμματεύς	γραμματευς	Scribe	Writing and the Book Trade	30120	γραμματεα	1
211712	γραμματεύς	γραμματευς	Scribe	Writing and the Book Trade	30120	γραμματεα	1
211720	διδάσκαλος	διδασκαλος	Teacher	Education and Training	13130	διδασκαλον	1
211720	γραμματεύς	γραμματευς	Scribe	Writing and the Book Trade	30120	γραμματεα	1
211726	ἀρχιτέκτων	αρχιτεκτων	Architect	Construction	2120	αρχιτεκτονα	1
211726	διδάσκαλος	διδασκαλος	Teacher	Education and Training	13130	διδασκαλους|διδασκαλων	2
211726	ὁπλομάχος	οπλομαχος	Weapons trainer	Education and Training	18190	οπλομαχον	1
211726	παιδοτρίβης	παιδοτριβης	Physical trainer	Education and Training	18190	παιδοτριβην	1
211726	γραμματεύς	γραμματευς	Scribe	Writing and the Book Trade	30120	γραμματεα	1
211775	γραμματεύς	γραμματευς	Scribe	Writing and the Book Trade	30120	γραμματεα	1
211776	γραμματεύς	γραμματευς	Scribe	Writing and the Book Trade	30120	γραμματεα	1
211777	γραμματεύς	γραμματευς	Scribe	Writing and the Book Trade	30120	γραμματεα	1
211785	γραμματεύς	γραμματευς	Scribe	Writing and the Book Trade	30120	γραμματεα	1
211794	γραμματεύς	γραμματευς	Scribe	Writing and the Book Trade	30120	γραμματεα	1
211820	γραμματεύς	γραμματευς	Scribe	Writing and the Book Trade	30120	γραμματεα	1
211822	γραμματεύς	γραμματευς	Scribe	Writing and the Book Trade	30120	γραμματεα	1
211850	γραμματεύς	γραμματευς	Scribe	Writing and the Book Trade	30120	γραμματεα	1
211876	ὑπηρετής	υπηρετης	Architect’s assistant	Construction	95990	υπηρετην	1
211898	γραμματεύς	γραμματευς	Scribe	Writing and the Book Trade	30120	γραμματεα	1
211902	γραμματεύς	γραμματευς	Scribe	Writing and the Book Trade	30120	γραμματεα	1
211907	γραμματεύς	γραμματευς	Scribe	Writing and the Book Trade	30120	γραμματεα	1
211918	γραμματεύς	γραμματευς	Scribe	Writing and the Book Trade	30120	γραμματεα	1
211921	γραμματεύς	γραμματευς	Scribe	Writing and the Book Trade	30120	γραμματεα	1
211924	γραμματεύς	γραμματευς	Scribe	Writing and the Book Trade	30120	γραμματεα	1
211929	γραμματεύς	γραμματευς	Scribe	Writing and the Book Trade	30120	γραμματεα	1
211931	γραμματεύς	γραμματευς	Scribe	Writing and the Book Trade	30120	γραμματεα	1
211937	γραμματεύς	γραμματευς	Scribe	Writing and the Book Trade	30120	γραμματεα	1
211938	γραμματεύς	γραμματευς	Scribe	Writing and the Book Trade	30120	γραμματεα	1
211953	ἀρχιτέκτων	αρχιτεκτων	Architect	Construction	2120	αρχιτεκτονα	1
211953	γραμματεύς	γραμματευς	Scribe	Writing and the Book Trade	30120	γραμματεα|γραμματεως	2
211956	γραμματεύς	γραμματευς	Scribe	Writing and the Book Trade	30120	γραμματεα	1
211957	γραμματεύς	γραμματευς	Scribe	Writing and the Book Trade	30120	γραμματεα	1
211957	ἱερεύς 	ιερευς 	Priest, sacrificer	Miscellaneous	14990	ιερευς 	1
211966	γραμματεύς	γραμματευς	Scribe	Writing and the Book Trade	30120	γραμματεα	1
211968	ἰατρός	ιατρος	Doctor	Miscellaneous	6110	ιατροις	1
211971	παιδοτρίβης	παιδοτριβης	Physical trainer	Education and Training	18190	παιδοτριβην	1
211971	γραμματεύς	γραμματευς	Scribe	Writing and the Book Trade	30120	γραμματεα	1
211974	γραμματεύς	γραμματευς	Scribe	Writing and the Book Trade	30120	γραμματεα	1
211978	γραμματεύς	γραμματευς	Scribe	Writing and the Book Trade	30120	γραμματεα	1
211983	γραμματεύς	γραμματευς	Scribe	Writing and the Book Trade	30120	γραμματεα	1
211986	γραμματεύς	γραμματευς	Scribe	Writing and the Book Trade	30120	γραμματεα	1
211990	γραμματεύς	γραμματευς	Scribe	Writing and the Book Trade	30120	γραμματεα	1
211993	γραμματεύς	γραμματευς	Scribe	Writing and the Book Trade	30120	γραμματεα	1
211994	γραμματεύς	γραμματευς	Scribe	Writing and the Book Trade	30120	γραμματεα	1
211996	γραμματεύς	γραμματευς	Scribe	Writing and the Book Trade	30120	γραμματεα	1
212002	γραμματεύς	γραμματευς	Scribe	Writing and the Book Trade	30120	γραμματεα	1
212007	γραμματεύς	γραμματευς	Scribe	Writing and the Book Trade	30120	γραμματεα	1
212007	ἱερεύς 	ιερευς 	Priest, sacrificer	Miscellaneous	14990	ιερευς 	1
212015	γραμματεύς	γραμματευς	Scribe	Writing and the Book Trade	30120	γραμματεα	1
212016	γραμματεύς	γραμματευς	Scribe	Writing and the Book Trade	30120	γραμματεα	1
212017	γραμματεύς	γραμματευς	Scribe	Writing and the Book Trade	30120	γραμματεα	1
212018	γραμματεύς	γραμματευς	Scribe	Writing and the Book Trade	30120	γραμματεα	1
212023	γραμματεύς	γραμματευς	Scribe	Writing and the Book Trade	30120	γραμματεα	1
212028	γραμματεύς	γραμματευς	Scribe	Writing and the Book Trade	30120	γραμματεα	1
212040	παιδοτρίβης	παιδοτριβης	Physical trainer	Education and Training	18190	παιδοτριβην	1
212040	γραμματεύς	γραμματευς	Scribe	Writing and the Book Trade	30120	γραμματεα	1
212049	γραμματεύς	γραμματευς	Scribe	Writing and the Book Trade	30120	γραμματεα	1
212062	παιδοτρίβης	παιδοτριβης	Physical trainer	Education and Training	18190	παιδοτριβην	1
212070	παιδοτρίβης	παιδοτριβης	Physical trainer	Education and Training	18190	παιδοτριβην	1
212070	γραμματεύς	γραμματευς	Scribe	Writing and the Book Trade	30120	γραμματεα	1
212074	γραμματεύς	γραμματευς	Scribe	Writing and the Book Trade	30120	γραμματεα	1
212074	ἱερεύς 	ιερευς 	Priest, sacrificer	Miscellaneous	14990	ιερευς 	1
212076	μουσικός	μουσικος	Musician	Drama and Entertainment	17320	μουσικου	1
212080	γραμματεύς	γραμματευς	Scribe	Writing and the Book Trade	30120	γραμματεα	1
212082	γραμματεύς	γραμματευς	Scribe	Writing and the Book Trade	30120	γραμματεα	1
212082	ἱερεύς 	ιερευς 	Priest, sacrificer	Miscellaneous	14990	ιερευς 	1
212087	γραμματεύς	γραμματευς	Scribe	Writing and the Book Trade	30120	γραμματεα	1
212088	γραμματεύς	γραμματευς	Scribe	Writing and the Book Trade	30120	γραμματεα	1
212091	γραμματεύς	γραμματευς	Scribe	Writing and the Book Trade	30120	γραμματεα	1
212092	γραμματεύς	γραμματευς	Scribe	Writing and the Book Trade	30120	γραμματεα	1
212095	γραμματεύς	γραμματευς	Scribe	Writing and the Book Trade	30120	γραμματεα	1
212110	γραμματεύς	γραμματευς	Scribe	Writing and the Book Trade	30120	γραμματεα	1
212118	γραμματεύς	γραμματευς	Scribe	Writing and the Book Trade	30120	γραμματεα	1
212127	γραμματεύς	γραμματευς	Scribe	Writing and the Book Trade	30120	γραμματεα	1
212128	γραμματεύς	γραμματευς	Scribe	Writing and the Book Trade	30120	γραμματεα	1
212132	γραμματεύς	γραμματευς	Scribe	Writing and the Book Trade	30120	γραμματεα	1
212210	ἱερεύς 	ιερευς 	Priest, sacrificer	Miscellaneous	14990	ιερευς 	1
212513	ἱερεύς 	ιερευς 	Priest, sacrificer	Miscellaneous	14990	ιερευς 	1
212636	γραμματεύς	γραμματευς	Scribe	Writing and the Book Trade	30120	γραμματεως	1
212637	γραμματεύς	γραμματευς	Scribe	Writing and the Book Trade	30120	γραμματεως	1
212650	βαφεύς	βαφευς	Dyer	Textiles	75120	βαφευς	1
212787	ποιητής	ποιητης	Maker, poet	Literature and Scholarship	17150	ποιητην	1
212804	γραμματεύς	γραμματευς	Scribe	Writing and the Book Trade	30120	γραμματεως	1
212841	μουσικός	μουσικος	Musician	Drama and Entertainment	17320	μουσικων	1
212945	ἱερεύς 	ιερευς 	Priest, sacrificer	Miscellaneous	14990	ιερευς 	1
212993	ἱερεύς 	ιερευς 	Priest, sacrificer	Miscellaneous	14990	ιερευς 	1
213011	ἀρτοκόπος	αρτοκοπος	Baker	Food Preparation and Retail	53120	αρτοκοπος	1
213122	γεωργός	γεωργος	Farmer	Agriculture, Animal Husbandry	61110	γεωργοι|γεωργους|γεωργων	3
213363	χαλκεύς	χαλκευς	Smith	Metalwork	72110	χαλκευς	1
213678	ἰατρός	ιατρος	Doctor	Miscellaneous	6110	ιατρου	1
213782	ἱεροποιός	ιεροποιος	Sacrificer	Miscellaneous	14990	ιεροποιοι	1
213782	ἱερεύς 	ιερευς 	Priest, sacrificer	Miscellaneous	14990	ιερευς 	1
213969	ὑπηρετής	υπηρετης	Architect’s assistant	Construction	95990	υπηρεται	1
214826	ἱερεύς 	ιερευς 	Priest, sacrificer	Miscellaneous	14990	ιερευς 	1
217678	ἱερεύς 	ιερευς 	Priest, sacrificer	Miscellaneous	14990	ιερευς 	1
217771	ἱερεύς 	ιερευς 	Priest, sacrificer	Miscellaneous	14990	ιερευς 	1
217772	ἱερεύς 	ιερευς 	Priest, sacrificer	Miscellaneous	14990	ιερευς 	1
217773	ἱερεύς 	ιερευς 	Priest, sacrificer	Miscellaneous	14990	ιερευς 	1
