"","province","s_it","g_it","a_it","r_it","eci"
"1","Lugdunensis",1,1,1,1,-0.449711393389935
"2","Belgica",1,1,1,1,-0.417594287643823
"3","Raetia",1,1,1,1,-0.395221912004386
"4","Germania Inferior",1,1,1,1,-0.384025140293099
"5","Aquitania",1,1,1,1,-0.345461158088288
"6","Pannonia Superior",1,1,1,1,-0.331273508359425
"7","Britannia",1,1,1,1,-0.303179763349864
"8","Germania Superior",1,1,1,1,-0.278712525942713
"9","Dacia",1,1,1,1,-0.251009182911453
"10","Narbonensis",1,1,1,1,-0.245795459831831
"11","Dalmatia",1,1,1,1,-0.23584517108401
"12","Pannonia Inferior",1,1,1,1,-0.215407079326915
"13","Moesia Inferior",1,1,1,1,-0.204233354312004
"14","Transpadana (Regio XI)",1,1,1,1,-0.201383351448009
"15","Noricum",1,1,1,1,-0.185213970650725
"16","Moesia Superior",1,1,1,1,-0.184530785644172
"17","Liguria (Regio IX)",1,1,1,1,-0.171828117321992
"18","Aemilia (Regio VIII)",1,1,1,1,-0.169036678116502
"19","Asia",1,1,1,1,-0.167394947821802
"20","Umbria (Regio VI)",1,1,1,1,-0.159239085222774
"21","Picenum (Regio V)",1,1,1,1,-0.15795901076704
"22","Bruttium et Lucania (Regio III)",1,1,1,1,-0.127693368627852
"23","Numidia",1,1,1,1,-0.106981756565957
"24","Mauretania Tingitana",1,1,1,1,-0.106024914557324
"25","Etruria (Regio VII)",1,1,1,1,-0.0995896494039272
"26","Macedonia",1,1,1,1,-0.0989729311822309
"27","Galatia",1,1,1,1,-0.0949977938551415
"28","Syria",1,1,1,1,-0.0942253249595803
"29","Sardinia",1,1,1,1,-0.0897627837243342
"30","Sicilia",1,1,1,1,-0.0863505560761704
"31","Hispania Citerior",1,1,1,1,-0.0817045643309804
"32","Lusitania",1,1,1,1,-0.0382880355742865
"33","Mauretania Caesariensis",1,1,1,1,-0.0137192917664716
"34","Achaia",1,1,1,1,-0.0021127775325944
"35","Africa Proconsularis",1,1,1,1,0.00550686089032084
"36","Apulia et Calabria (Regio II)",1,1,1,1,0.0135778948998096
"37","Samnium (Regio IV)",1,1,1,1,0.0757407888021736
"38","Venetia et Histria (Regio X)",1,1,1,1,0.116158306164485
"39","Baetica",1,1,1,1,0.17969958720816
"40","Latium et Campania (Regio I)",1,1,1,1,6.10379619372266
"41","Lugdunensis",1,1,1,2,-0.431819385095389
"42","Belgica",1,1,1,2,-0.393005098851866
"43","Raetia",1,1,1,2,-0.378461104518329
"44","Germania Inferior",1,1,1,2,-0.365583271143743
"45","Aquitania",1,1,1,2,-0.339969351689754
"46","Pannonia Superior",1,1,1,2,-0.330723914245999
"47","Britannia",1,1,1,2,-0.303730497626701
"48","Dacia",1,1,1,2,-0.264889889046561
"49","Germania Superior",1,1,1,2,-0.257023069840778
"50","Dalmatia",1,1,1,2,-0.231550353296865
"51","Pannonia Inferior",1,1,1,2,-0.223453972574346
"52","Narbonensis",1,1,1,2,-0.214406149661089
"53","Moesia Inferior",1,1,1,2,-0.210921168242644
"54","Noricum",1,1,1,2,-0.205088009309645
"55","Asia",1,1,1,2,-0.198722988942611
"56","Transpadana (Regio XI)",1,1,1,2,-0.189189821444523
"57","Moesia Superior",1,1,1,2,-0.188810878932147
"58","Liguria (Regio IX)",1,1,1,2,-0.171300286132673
"59","Picenum (Regio V)",1,1,1,2,-0.166390624003671
"60","Aemilia (Regio VIII)",1,1,1,2,-0.163455211790637
"61","Umbria (Regio VI)",1,1,1,2,-0.161020336090524
"62","Bruttium et Lucania (Regio III)",1,1,1,2,-0.137352867873855
"63","Numidia",1,1,1,2,-0.132219731303231
"64","Mauretania Tingitana",1,1,1,2,-0.111987329856541
"65","Etruria (Regio VII)",1,1,1,2,-0.110442037729066
"66","Macedonia",1,1,1,2,-0.110430947598489
"67","Galatia",1,1,1,2,-0.105880022317185
"68","Sicilia",1,1,1,2,-0.0986689965350763
"69","Syria",1,1,1,2,-0.0977369947223478
"70","Sardinia",1,1,1,2,-0.0930741375952435
"71","Hispania Citerior",1,1,1,2,-0.0811616272189878
"72","Lusitania",1,1,1,2,-0.0443638080273082
"73","Africa Proconsularis",1,1,1,2,-0.0289844598379855
"74","Achaia",1,1,1,2,-0.0136593298907144
"75","Mauretania Caesariensis",1,1,1,2,-0.00926590400094132
"76","Apulia et Calabria (Regio II)",1,1,1,2,0.0150746630159304
"77","Samnium (Regio IV)",1,1,1,2,0.0685433657495831
"78","Venetia et Histria (Regio X)",1,1,1,2,0.163951733595822
"79","Baetica",1,1,1,2,0.211993541351238
"80","Latium et Campania (Regio I)",1,1,1,2,6.10518027327489
"81","Lugdunensis",1,1,1,3,-0.423828868174959
"82","Belgica",1,1,1,3,-0.391210065323967
"83","Raetia",1,1,1,3,-0.376235833655298
"84","Germania Inferior",1,1,1,3,-0.362543524829162
"85","Aquitania",1,1,1,3,-0.338094214654832
"86","Pannonia Superior",1,1,1,3,-0.328630208401762
"87","Britannia",1,1,1,3,-0.301729857367993
"88","Dacia",1,1,1,3,-0.263510209858845
"89","Germania Superior",1,1,1,3,-0.250646400015499
"90","Dalmatia",1,1,1,3,-0.227110693953755
"91","Pannonia Inferior",1,1,1,3,-0.222258043759979
"92","Moesia Inferior",1,1,1,3,-0.210685250462197
"93","Narbonensis",1,1,1,3,-0.205669005913356
"94","Asia",1,1,1,3,-0.205049507373901
"95","Noricum",1,1,1,3,-0.204923885296741
"96","Transpadana (Regio XI)",1,1,1,3,-0.183867416806175
"97","Moesia Superior",1,1,1,3,-0.171786841822577
"98","Liguria (Regio IX)",1,1,1,3,-0.168367751317215
"99","Picenum (Regio V)",1,1,1,3,-0.16556845565334
"100","Umbria (Regio VI)",1,1,1,3,-0.162775812308373
"101","Aemilia (Regio VIII)",1,1,1,3,-0.159831327782511
"102","Bruttium et Lucania (Regio III)",1,1,1,3,-0.140399042253087
"103","Numidia",1,1,1,3,-0.13733971184615
"104","Mauretania Tingitana",1,1,1,3,-0.112422702017459
"105","Macedonia",1,1,1,3,-0.11233113491809
"106","Etruria (Regio VII)",1,1,1,3,-0.110154343836648
"107","Galatia",1,1,1,3,-0.108342941454939
"108","Sicilia",1,1,1,3,-0.102740144754905
"109","Syria",1,1,1,3,-0.0988339268273404
"110","Sardinia",1,1,1,3,-0.0939264067517667
"111","Hispania Citerior",1,1,1,3,-0.0823812015638456
"112","Lusitania",1,1,1,3,-0.0468967520586871
"113","Africa Proconsularis",1,1,1,3,-0.0419297563334861
"114","Achaia",1,1,1,3,-0.0166076467145851
"115","Mauretania Caesariensis",1,1,1,3,-0.00794625895142529
"116","Apulia et Calabria (Regio II)",1,1,1,3,0.0112498545413411
"117","Samnium (Regio IV)",1,1,1,3,0.038655014630046
"118","Venetia et Histria (Regio X)",1,1,1,3,0.171157576829918
"119","Baetica",1,1,1,3,0.207824062078422
"120","Latium et Campania (Regio I)",1,1,1,3,6.10768863693512
"121","Lugdunensis",1,1,1,4,-0.411342845868515
"122","Belgica",1,1,1,4,-0.373481984397147
"123","Raetia",1,1,1,4,-0.363431567461741
"124","Germania Inferior",1,1,1,4,-0.351726935811072
"125","Aquitania",1,1,1,4,-0.331312634947532
"126","Pannonia Superior",1,1,1,4,-0.326821067183237
"127","Britannia",1,1,1,4,-0.298311984442679
"128","Dacia",1,1,1,4,-0.267370207785267
"129","Germania Superior",1,1,1,4,-0.2409348385751
"130","Pannonia Inferior",1,1,1,4,-0.223975580665212
"131","Dalmatia",1,1,1,4,-0.221305507969764
"132","Asia",1,1,1,4,-0.215889924013104
"133","Moesia Inferior",1,1,1,4,-0.211400385054558
"134","Noricum",1,1,1,4,-0.206423010416459
"135","Narbonensis",1,1,1,4,-0.196452490231029
"136","Transpadana (Regio XI)",1,1,1,4,-0.180450234562211
"137","Moesia Superior",1,1,1,4,-0.168612076394776
"138","Picenum (Regio V)",1,1,1,4,-0.168257348608833
"139","Liguria (Regio IX)",1,1,1,4,-0.166354622551842
"140","Umbria (Regio VI)",1,1,1,4,-0.162969202361286
"141","Aemilia (Regio VIII)",1,1,1,4,-0.156976548883886
"142","Bruttium et Lucania (Regio III)",1,1,1,4,-0.143922067044065
"143","Numidia",1,1,1,4,-0.139390251140543
"144","Etruria (Regio VII)",1,1,1,4,-0.116311732347317
"145","Macedonia",1,1,1,4,-0.116105595952114
"146","Galatia",1,1,1,4,-0.110793974818659
"147","Mauretania Tingitana",1,1,1,4,-0.110534265138161
"148","Sicilia",1,1,1,4,-0.107641262635877
"149","Syria",1,1,1,4,-0.100627926563456
"150","Sardinia",1,1,1,4,-0.0939632016749058
"151","Hispania Citerior",1,1,1,4,-0.0831742671542599
"152","Africa Proconsularis",1,1,1,4,-0.0573472231471894
"153","Lusitania",1,1,1,4,-0.0493912911041058
"154","Achaia",1,1,1,4,-0.0216433198693671
"155","Mauretania Caesariensis",1,1,1,4,-0.00974496370177732
"156","Apulia et Calabria (Regio II)",1,1,1,4,0.0122211819783887
"157","Samnium (Regio IV)",1,1,1,4,0.0351623148164322
"158","Baetica",1,1,1,4,0.167993650274769
"159","Venetia et Histria (Regio X)",1,1,1,4,0.17636625237004
"160","Latium et Campania (Regio I)",1,1,1,4,6.11264894103742
"161","Lugdunensis",1,1,1,5,-0.419569617956306
"162","Belgica",1,1,1,5,-0.382798826834321
"163","Raetia",1,1,1,5,-0.368918492859781
"164","Germania Inferior",1,1,1,5,-0.35689438635058
"165","Aquitania",1,1,1,5,-0.337561818225725
"166","Pannonia Superior",1,1,1,5,-0.332344196063135
"167","Britannia",1,1,1,5,-0.301697524284195
"168","Dacia",1,1,1,5,-0.266094929354575
"169","Germania Superior",1,1,1,5,-0.247322006552155
"170","Dalmatia",1,1,1,5,-0.224153265449916
"171","Pannonia Inferior",1,1,1,5,-0.221128693702084
"172","Asia",1,1,1,5,-0.216606137483901
"173","Moesia Inferior",1,1,1,5,-0.210289349380161
"174","Noricum",1,1,1,5,-0.204952422939976
"175","Narbonensis",1,1,1,5,-0.203731094034757
"176","Transpadana (Regio XI)",1,1,1,5,-0.184440821323985
"177","Liguria (Regio IX)",1,1,1,5,-0.169750547913993
"178","Picenum (Regio V)",1,1,1,5,-0.168922237396977
"179","Moesia Superior",1,1,1,5,-0.168327062609559
"180","Aemilia (Regio VIII)",1,1,1,5,-0.156106285635599
"181","Bruttium et Lucania (Regio III)",1,1,1,5,-0.14324803064233
"182","Umbria (Regio VI)",1,1,1,5,-0.136873300901936
"183","Numidia",1,1,1,5,-0.133631572313054
"184","Etruria (Regio VII)",1,1,1,5,-0.119100052585722
"185","Macedonia",1,1,1,5,-0.118012508594085
"186","Galatia",1,1,1,5,-0.112118579597352
"187","Mauretania Tingitana",1,1,1,5,-0.110664745904195
"188","Sicilia",1,1,1,5,-0.108467217164144
"189","Syria",1,1,1,5,-0.100680499908622
"190","Sardinia",1,1,1,5,-0.0930524974176901
"191","Hispania Citerior",1,1,1,5,-0.0818902738393437
"192","Lusitania",1,1,1,5,-0.0440025974052947
"193","Africa Proconsularis",1,1,1,5,-0.0238154600392623
"194","Achaia",1,1,1,5,-0.0213348680255138
"195","Mauretania Caesariensis",1,1,1,5,-0.0127834398668248
"196","Apulia et Calabria (Regio II)",1,1,1,5,0.0113933139644244
"197","Samnium (Regio IV)",1,1,1,5,0.0344052689299845
"198","Baetica",1,1,1,5,0.166682471269653
"199","Venetia et Histria (Regio X)",1,1,1,5,0.178375030414135
"200","Latium et Campania (Regio I)",1,1,1,5,6.11042927597885
"201","Lugdunensis",1,1,2,1,-0.452931196248343
"202","Belgica",1,1,2,1,-0.420318745510183
"203","Raetia",1,1,2,1,-0.396260447692454
"204","Germania Inferior",1,1,2,1,-0.388388388937525
"205","Aquitania",1,1,2,1,-0.345835881208783
"206","Pannonia Superior",1,1,2,1,-0.330225872937311
"207","Britannia",1,1,2,1,-0.304138230058106
"208","Narbonensis",1,1,2,1,-0.285573195056634
"209","Germania Superior",1,1,2,1,-0.283561654088283
"210","Dacia",1,1,2,1,-0.246948377711755
"211","Dalmatia",1,1,2,1,-0.231496434060187
"212","Pannonia Inferior",1,1,2,1,-0.209223722117851
"213","Transpadana (Regio XI)",1,1,2,1,-0.201537603984011
"214","Moesia Inferior",1,1,2,1,-0.196930288995438
"215","Noricum",1,1,2,1,-0.187355788303614
"216","Moesia Superior",1,1,2,1,-0.180644529200271
"217","Aemilia (Regio VIII)",1,1,2,1,-0.171307621745334
"218","Liguria (Regio IX)",1,1,2,1,-0.169097695649981
"219","Picenum (Regio V)",1,1,2,1,-0.158148987464176
"220","Umbria (Regio VI)",1,1,2,1,-0.154144636992226
"221","Asia",1,1,2,1,-0.153918672407468
"222","Bruttium et Lucania (Regio III)",1,1,2,1,-0.126531263375427
"223","Mauretania Tingitana",1,1,2,1,-0.104798813362107
"224","Numidia",1,1,2,1,-0.103852694871716
"225","Galatia",1,1,2,1,-0.0978055775753145
"226","Macedonia",1,1,2,1,-0.0941640206541871
"227","Syria",1,1,2,1,-0.0928762712533438
"228","Etruria (Regio VII)",1,1,2,1,-0.0910830267704418
"229","Sardinia",1,1,2,1,-0.0896133994070458
"230","Hispania Citerior",1,1,2,1,-0.0846690087726176
"231","Sicilia",1,1,2,1,-0.0836224444037311
"232","Lusitania",1,1,2,1,-0.0596948957223762
"233","Mauretania Caesariensis",1,1,2,1,-0.010585259658372
"234","Africa Proconsularis",1,1,2,1,0.0077172571157584
"235","Achaia",1,1,2,1,0.00811413184966353
"236","Apulia et Calabria (Regio II)",1,1,2,1,0.00935641786951443
"237","Samnium (Regio IV)",1,1,2,1,0.0765633806031772
"238","Venetia et Histria (Regio X)",1,1,2,1,0.113371808061903
"239","Baetica",1,1,2,1,0.189922556850885
"240","Latium et Campania (Regio I)",1,1,2,1,6.10223909384571
"241","Lugdunensis",1,1,2,2,-0.430832879496633
"242","Belgica",1,1,2,2,-0.39419391601046
"243","Raetia",1,1,2,2,-0.377719632007328
"244","Germania Inferior",1,1,2,2,-0.363451938968585
"245","Aquitania",1,1,2,2,-0.339020099661663
"246","Pannonia Superior",1,1,2,2,-0.3281868210366
"247","Britannia",1,1,2,2,-0.296507829081643
"248","Dacia",1,1,2,2,-0.265327252331049
"249","Germania Superior",1,1,2,2,-0.255590992218912
"250","Dalmatia",1,1,2,2,-0.230081865976273
"251","Pannonia Inferior",1,1,2,2,-0.221658800013221
"252","Narbonensis",1,1,2,2,-0.220947050703879
"253","Moesia Inferior",1,1,2,2,-0.209404367392636
"254","Noricum",1,1,2,2,-0.202461285096792
"255","Asia",1,1,2,2,-0.1967983956792
"256","Transpadana (Regio XI)",1,1,2,2,-0.189140658068668
"257","Moesia Superior",1,1,2,2,-0.187261232836522
"258","Liguria (Regio IX)",1,1,2,2,-0.170217228664856
"259","Picenum (Regio V)",1,1,2,2,-0.163408356530748
"260","Aemilia (Regio VIII)",1,1,2,2,-0.162083535756046
"261","Umbria (Regio VI)",1,1,2,2,-0.160329625020649
"262","Bruttium et Lucania (Regio III)",1,1,2,2,-0.135936138668873
"263","Numidia",1,1,2,2,-0.129230402380604
"264","Etruria (Regio VII)",1,1,2,2,-0.11105963129909
"265","Macedonia",1,1,2,2,-0.108183031470686
"266","Mauretania Tingitana",1,1,2,2,-0.107211167329497
"267","Galatia",1,1,2,2,-0.104427111785885
"268","Sicilia",1,1,2,2,-0.0994354754486478
"269","Syria",1,1,2,2,-0.096338659494267
"270","Sardinia",1,1,2,2,-0.0912363065617759
"271","Hispania Citerior",1,1,2,2,-0.08019100610467
"272","Lusitania",1,1,2,2,-0.0414646999662901
"273","Africa Proconsularis",1,1,2,2,-0.027344585041404
"274","Achaia",1,1,2,2,-0.015147223858415
"275","Mauretania Caesariensis",1,1,2,2,-0.0110744792419175
"276","Apulia et Calabria (Regio II)",1,1,2,2,0.0175059608674605
"277","Samnium (Regio IV)",1,1,2,2,0.0684416706590836
"278","Venetia et Histria (Regio X)",1,1,2,2,0.162490532858372
"279","Baetica",1,1,2,2,0.166477124637621
"280","Latium et Campania (Regio I)",1,1,2,2,6.10798839218185
"281","Lugdunensis",1,1,2,3,-0.426144625380521
"282","Belgica",1,1,2,3,-0.393817034205789
"283","Raetia",1,1,2,3,-0.37654494256326
"284","Germania Inferior",1,1,2,3,-0.36075320948062
"285","Aquitania",1,1,2,3,-0.33864755912942
"286","Pannonia Superior",1,1,2,3,-0.325348277404429
"287","Britannia",1,1,2,3,-0.296660323378242
"288","Dacia",1,1,2,3,-0.262220999708791
"289","Germania Superior",1,1,2,3,-0.252213475869149
"290","Dalmatia",1,1,2,3,-0.225370936948957
"291","Pannonia Inferior",1,1,2,3,-0.218905700978933
"292","Narbonensis",1,1,2,3,-0.217885566241046
"293","Moesia Inferior",1,1,2,3,-0.208327996920981
"294","Noricum",1,1,2,3,-0.200409078941444
"295","Asia",1,1,2,3,-0.199729283458215
"296","Moesia Superior",1,1,2,3,-0.186698134991035
"297","Transpadana (Regio XI)",1,1,2,3,-0.185543441729539
"298","Liguria (Regio IX)",1,1,2,3,-0.168251351953246
"299","Picenum (Regio V)",1,1,2,3,-0.161883965667267
"300","Umbria (Regio VI)",1,1,2,3,-0.15984252397923
"301","Aemilia (Regio VIII)",1,1,2,3,-0.159744414278135
"302","Bruttium et Lucania (Regio III)",1,1,2,3,-0.136990346923732
"303","Numidia",1,1,2,3,-0.13184407068646
"304","Etruria (Regio VII)",1,1,2,3,-0.110660328638487
"305","Macedonia",1,1,2,3,-0.109806659885138
"306","Mauretania Tingitana",1,1,2,3,-0.107056303959445
"307","Galatia",1,1,2,3,-0.105439759753582
"308","Sicilia",1,1,2,3,-0.101639254536031
"309","Syria",1,1,2,3,-0.0962818388037021
"310","Sardinia",1,1,2,3,-0.0915781184809314
"311","Hispania Citerior",1,1,2,3,-0.0808413872391503
"312","Lusitania",1,1,2,3,-0.0420797840312614
"313","Africa Proconsularis",1,1,2,3,-0.0323798685983828
"314","Achaia",1,1,2,3,-0.016851576038847
"315","Mauretania Caesariensis",1,1,2,3,-0.0116219460633744
"316","Apulia et Calabria (Regio II)",1,1,2,3,0.0158057244126858
"317","Samnium (Regio IV)",1,1,2,3,0.0405881269294235
"318","Baetica",1,1,2,3,0.16508016018353
"319","Venetia et Histria (Regio X)",1,1,2,3,0.168917640117187
"320","Latium et Campania (Regio I)",1,1,2,3,6.10962243520395
"321","Lugdunensis",1,1,2,4,-0.427277290261627
"322","Belgica",1,1,2,4,-0.399393264744866
"323","Raetia",1,1,2,4,-0.380220043324614
"324","Germania Inferior",1,1,2,4,-0.367171613419914
"325","Aquitania",1,1,2,4,-0.340999309318762
"326","Pannonia Superior",1,1,2,4,-0.330838976255131
"327","Britannia",1,1,2,4,-0.304248736154504
"328","Dacia",1,1,2,4,-0.263387869738354
"329","Germania Superior",1,1,2,4,-0.253339530631301
"330","Dalmatia",1,1,2,4,-0.231777402728714
"331","Pannonia Inferior",1,1,2,4,-0.222228915923679
"332","Moesia Inferior",1,1,2,4,-0.211714006316954
"333","Narbonensis",1,1,2,4,-0.206060338432106
"334","Noricum",1,1,2,4,-0.205647133009785
"335","Asia",1,1,2,4,-0.202245171026697
"336","Transpadana (Regio XI)",1,1,2,4,-0.183786881941281
"337","Moesia Superior",1,1,2,4,-0.172776271263877
"338","Liguria (Regio IX)",1,1,2,4,-0.168243060474019
"339","Picenum (Regio V)",1,1,2,4,-0.164156174866225
"340","Aemilia (Regio VIII)",1,1,2,4,-0.160091975399278
"341","Bruttium et Lucania (Regio III)",1,1,2,4,-0.139150324351782
"342","Umbria (Regio VI)",1,1,2,4,-0.136078175171622
"343","Numidia",1,1,2,4,-0.135889925359245
"344","Mauretania Tingitana",1,1,2,4,-0.113236004826777
"345","Macedonia",1,1,2,4,-0.111402113599474
"346","Etruria (Regio VII)",1,1,2,4,-0.10918490175741
"347","Galatia",1,1,2,4,-0.108316704200367
"348","Sicilia",1,1,2,4,-0.101418531812315
"349","Syria",1,1,2,4,-0.0991346851537407
"350","Sardinia",1,1,2,4,-0.0949469288975156
"351","Hispania Citerior",1,1,2,4,-0.0830693117280729
"352","Lusitania",1,1,2,4,-0.0479772964426508
"353","Africa Proconsularis",1,1,2,4,-0.0384680458216473
"354","Achaia",1,1,2,4,-0.0153999661260473
"355","Mauretania Caesariensis",1,1,2,4,-0.00896840545555612
"356","Apulia et Calabria (Regio II)",1,1,2,4,0.0115852065614228
"357","Samnium (Regio IV)",1,1,2,4,0.0402135046383155
"358","Venetia et Histria (Regio X)",1,1,2,4,0.170623720414307
"359","Baetica",1,1,2,4,0.209390524234489
"360","Latium et Campania (Regio I)",1,1,2,4,6.10643233008738
"361","Lugdunensis",1,1,2,5,-0.423746111303597
"362","Belgica",1,1,2,5,-0.395081453617284
"363","Raetia",1,1,2,5,-0.377380174216825
"364","Germania Inferior",1,1,2,5,-0.362951154501677
"365","Aquitania",1,1,2,5,-0.339529027544772
"366","Pannonia Superior",1,1,2,5,-0.329837146149303
"367","Britannia",1,1,2,5,-0.303651339490721
"368","Dacia",1,1,2,5,-0.26376000083553
"369","Germania Superior",1,1,2,5,-0.249658337307488
"370","Dalmatia",1,1,2,5,-0.2291598086546
"371","Pannonia Inferior",1,1,2,5,-0.222257984392478
"372","Moesia Inferior",1,1,2,5,-0.2111845759391
"373","Asia",1,1,2,5,-0.206537395316661
"374","Noricum",1,1,2,5,-0.205425943108028
"375","Narbonensis",1,1,2,5,-0.202974604981946
"376","Transpadana (Regio XI)",1,1,2,5,-0.182338573646084
"377","Moesia Superior",1,1,2,5,-0.172168911920209
"378","Liguria (Regio IX)",1,1,2,5,-0.168306477367972
"379","Picenum (Regio V)",1,1,2,5,-0.16546261122504
"380","Aemilia (Regio VIII)",1,1,2,5,-0.16533999735714
"381","Bruttium et Lucania (Regio III)",1,1,2,5,-0.140768360683678
"382","Umbria (Regio VI)",1,1,2,5,-0.13725753676118
"383","Numidia",1,1,2,5,-0.137092096555888
"384","Mauretania Tingitana",1,1,2,5,-0.113220958915099
"385","Macedonia",1,1,2,5,-0.113024278597844
"386","Etruria (Regio VII)",1,1,2,5,-0.111767286157839
"387","Galatia",1,1,2,5,-0.109488909556688
"388","Sicilia",1,1,2,5,-0.104474604277874
"389","Syria",1,1,2,5,-0.0995195544316693
"390","Sardinia",1,1,2,5,-0.0947467730456149
"391","Hispania Citerior",1,1,2,5,-0.0827602370462951
"392","Lusitania",1,1,2,5,-0.0442091912506992
"393","Africa Proconsularis",1,1,2,5,-0.0435035279030322
"394","Achaia",1,1,2,5,-0.0171335276493698
"395","Mauretania Caesariensis",1,1,2,5,-0.010534202999782
"396","Apulia et Calabria (Regio II)",1,1,2,5,0.0124277503076264
"397","Samnium (Regio IV)",1,1,2,5,0.03781781141702
"398","Venetia et Histria (Regio X)",1,1,2,5,0.172723053558747
"399","Baetica",1,1,2,5,0.20580230028681
"400","Latium et Campania (Regio I)",1,1,2,5,6.1074817591388
"401","Lugdunensis",1,1,3,1,-0.434843824108495
"402","Belgica",1,1,3,1,-0.421855487685222
"403","Raetia",1,1,3,1,-0.396979154503394
"404","Germania Inferior",1,1,3,1,-0.388500059443756
"405","Aquitania",1,1,3,1,-0.347962162156704
"406","Pannonia Superior",1,1,3,1,-0.328719891264512
"407","Britannia",1,1,3,1,-0.304935527841625
"408","Narbonensis",1,1,3,1,-0.285093254641615
"409","Germania Superior",1,1,3,1,-0.28341060122321
"410","Dacia",1,1,3,1,-0.245801435085963
"411","Dalmatia",1,1,3,1,-0.229538486267668
"412","Pannonia Inferior",1,1,3,1,-0.208114918523014
"413","Transpadana (Regio XI)",1,1,3,1,-0.19992990804944
"414","Moesia Inferior",1,1,3,1,-0.197067147658036
"415","Noricum",1,1,3,1,-0.186417020000334
"416","Moesia Superior",1,1,3,1,-0.180617166386143
"417","Aemilia (Regio VIII)",1,1,3,1,-0.169966425779695
"418","Liguria (Regio IX)",1,1,3,1,-0.168933275967737
"419","Umbria (Regio VI)",1,1,3,1,-0.15924258429414
"420","Picenum (Regio V)",1,1,3,1,-0.158070194918883
"421","Asia",1,1,3,1,-0.156668401759718
"422","Bruttium et Lucania (Regio III)",1,1,3,1,-0.127494380942701
"423","Numidia",1,1,3,1,-0.105455629402152
"424","Mauretania Tingitana",1,1,3,1,-0.105058635288664
"425","Galatia",1,1,3,1,-0.0984538548241303
"426","Macedonia",1,1,3,1,-0.0952713868517635
"427","Syria",1,1,3,1,-0.0942003895992651
"428","Etruria (Regio VII)",1,1,3,1,-0.0908759576210399
"429","Sardinia",1,1,3,1,-0.0897266195176432
"430","Hispania Citerior",1,1,3,1,-0.085367563644503
"431","Sicilia",1,1,3,1,-0.0849944414029443
"432","Lusitania",1,1,3,1,-0.0603429262684235
"433","Mauretania Caesariensis",1,1,3,1,-0.0116387570696336
"434","Africa Proconsularis",1,1,3,1,0.0036937523728884
"435","Achaia",1,1,3,1,0.0071781305430361
"436","Apulia et Calabria (Regio II)",1,1,3,1,0.00873721005751184
"437","Samnium (Regio IV)",1,1,3,1,0.0747444023657051
"438","Venetia et Histria (Regio X)",1,1,3,1,0.116527966566853
"439","Baetica",1,1,3,1,0.187327953447891
"440","Latium et Campania (Regio I)",1,1,3,1,6.10333805463828
"441","Lugdunensis",1,1,3,2,-0.425852902382117
"442","Belgica",1,1,3,2,-0.391223701659745
"443","Raetia",1,1,3,2,-0.375751281351996
"444","Germania Inferior",1,1,3,2,-0.358565264069471
"445","Aquitania",1,1,3,2,-0.339522426440474
"446","Pannonia Superior",1,1,3,2,-0.321857929622123
"447","Britannia",1,1,3,2,-0.293576977369972
"448","Dacia",1,1,3,2,-0.259763568415008
"449","Narbonensis",1,1,3,2,-0.255334234727958
"450","Germania Superior",1,1,3,2,-0.250891290435445
"451","Dalmatia",1,1,3,2,-0.22188337769309
"452","Pannonia Inferior",1,1,3,2,-0.215811568501242
"453","Moesia Inferior",1,1,3,2,-0.205707862730014
"454","Asia",1,1,3,2,-0.200991441776498
"455","Noricum",1,1,3,2,-0.197811445597715
"456","Transpadana (Regio XI)",1,1,3,2,-0.18946581974557
"457","Moesia Superior",1,1,3,2,-0.185342252708672
"458","Liguria (Regio IX)",1,1,3,2,-0.169172629600781
"459","Umbria (Regio VI)",1,1,3,2,-0.165092435693181
"460","Picenum (Regio V)",1,1,3,2,-0.162718519651247
"461","Aemilia (Regio VIII)",1,1,3,2,-0.158670400258783
"462","Bruttium et Lucania (Regio III)",1,1,3,2,-0.135751368710853
"463","Numidia",1,1,3,2,-0.129029919473363
"464","Etruria (Regio VII)",1,1,3,2,-0.110517027070898
"465","Macedonia",1,1,3,2,-0.109099557453711
"466","Mauretania Tingitana",1,1,3,2,-0.105675582037653
"467","Galatia",1,1,3,2,-0.104095074720713
"468","Sicilia",1,1,3,2,-0.101817626071404
"469","Syria",1,1,3,2,-0.0968324708977498
"470","Sardinia",1,1,3,2,-0.0901621092550833
"471","Hispania Citerior",1,1,3,2,-0.0806732994030447
"472","Lusitania",1,1,3,2,-0.0378579381041485
"473","Africa Proconsularis",1,1,3,2,-0.0286436062405068
"474","Achaia",1,1,3,2,-0.0164587131938324
"475","Mauretania Caesariensis",1,1,3,2,-0.0106991210976655
"476","Apulia et Calabria (Regio II)",1,1,3,2,0.0161528181762727
"477","Samnium (Regio IV)",1,1,3,2,0.0417785046563165
"478","Baetica",1,1,3,2,0.163252271879069
"479","Venetia et Histria (Regio X)",1,1,3,2,0.171855282433211
"480","Latium et Campania (Regio I)",1,1,3,2,6.10928186701686
"481","Lugdunensis",1,1,3,3,-0.429116692536232
"482","Belgica",1,1,3,3,-0.398859304527728
"483","Raetia",1,1,3,3,-0.379385189070528
"484","Germania Inferior",1,1,3,3,-0.362846986890566
"485","Aquitania",1,1,3,3,-0.341869337105897
"486","Pannonia Superior",1,1,3,3,-0.323754279703169
"487","Britannia",1,1,3,3,-0.295881499857681
"488","Dacia",1,1,3,3,-0.259542925678724
"489","Narbonensis",1,1,3,3,-0.256872903371947
"490","Germania Superior",1,1,3,3,-0.253509953486647
"491","Dalmatia",1,1,3,3,-0.226091664786058
"492","Pannonia Inferior",1,1,3,3,-0.215681485008766
"493","Moesia Inferior",1,1,3,3,-0.206542548892171
"494","Asia",1,1,3,3,-0.198448025210107
"495","Noricum",1,1,3,3,-0.198314413393588
"496","Transpadana (Regio XI)",1,1,3,3,-0.189466185896734
"497","Moesia Superior",1,1,3,3,-0.18623696989633
"498","Liguria (Regio IX)",1,1,3,3,-0.168770623715228
"499","Picenum (Regio V)",1,1,3,3,-0.161257124940343
"500","Aemilia (Regio VIII)",1,1,3,3,-0.158857079309167
"501","Umbria (Regio VI)",1,1,3,3,-0.140745699224805
"502","Bruttium et Lucania (Regio III)",1,1,3,3,-0.134546888631153
"503","Numidia",1,1,3,3,-0.127747778341549
"504","Etruria (Regio VII)",1,1,3,3,-0.109590733619554
"505","Macedonia",1,1,3,3,-0.108229391893525
"506","Mauretania Tingitana",1,1,3,3,-0.106273987395497
"507","Galatia",1,1,3,3,-0.103959360453658
"508","Sicilia",1,1,3,3,-0.100625206787602
"509","Syria",1,1,3,3,-0.0967291433908754
"510","Sardinia",1,1,3,3,-0.0910112869040194
"511","Hispania Citerior",1,1,3,3,-0.081306408383181
"512","Lusitania",1,1,3,3,-0.038682654952704
"513","Africa Proconsularis",1,1,3,3,-0.025475032153964
"514","Achaia",1,1,3,3,-0.0153567006352678
"515","Mauretania Caesariensis",1,1,3,3,-0.0116275981423942
"516","Apulia et Calabria (Regio II)",1,1,3,3,0.0165292396752509
"517","Samnium (Regio IV)",1,1,3,3,0.04311660750411
"518","Baetica",1,1,3,3,0.164101950095394
"519","Venetia et Histria (Regio X)",1,1,3,3,0.171301681290253
"520","Latium et Campania (Regio I)",1,1,3,3,6.10816358562235
"521","Lugdunensis",1,1,3,4,-0.428074298295995
"522","Belgica",1,1,3,4,-0.396569229029662
"523","Raetia",1,1,3,4,-0.378524903714703
"524","Germania Inferior",1,1,3,4,-0.361771675233563
"525","Aquitania",1,1,3,4,-0.341427164977238
"526","Pannonia Superior",1,1,3,4,-0.323489324403754
"527","Britannia",1,1,3,4,-0.295562132515922
"528","Dacia",1,1,3,4,-0.259662989126586
"529","Narbonensis",1,1,3,4,-0.255875015425607
"530","Germania Superior",1,1,3,4,-0.252647973010683
"531","Dalmatia",1,1,3,4,-0.225519310303315
"532","Pannonia Inferior",1,1,3,4,-0.215926006770377
"533","Moesia Inferior",1,1,3,4,-0.206634689981914
"534","Asia",1,1,3,4,-0.198744348913918
"535","Noricum",1,1,3,4,-0.198456763642077
"536","Transpadana (Regio XI)",1,1,3,4,-0.188651443012378
"537","Moesia Superior",1,1,3,4,-0.186130450709503
"538","Liguria (Regio IX)",1,1,3,4,-0.16870649541915
"539","Picenum (Regio V)",1,1,3,4,-0.161372616053434
"540","Aemilia (Regio VIII)",1,1,3,4,-0.158792167506511
"541","Umbria (Regio VI)",1,1,3,4,-0.140963013365177
"542","Bruttium et Lucania (Regio III)",1,1,3,4,-0.135009753583596
"543","Numidia",1,1,3,4,-0.12820318141184
"544","Etruria (Regio VII)",1,1,3,4,-0.109776650384651
"545","Macedonia",1,1,3,4,-0.108511625361716
"546","Mauretania Tingitana",1,1,3,4,-0.106314422055459
"547","Galatia",1,1,3,4,-0.104158750300904
"548","Sicilia",1,1,3,4,-0.100747570754257
"549","Syria",1,1,3,4,-0.0968829977027418
"550","Sardinia",1,1,3,4,-0.0911640629590163
"551","Hispania Citerior",1,1,3,4,-0.0814986569028021
"552","Lusitania",1,1,3,4,-0.0390957787186158
"553","Africa Proconsularis",1,1,3,4,-0.0315630947067869
"554","Achaia",1,1,3,4,-0.0156022125895549
"555","Mauretania Caesariensis",1,1,3,4,-0.0117369175604106
"556","Apulia et Calabria (Regio II)",1,1,3,4,0.0167102119787935
"557","Samnium (Regio IV)",1,1,3,4,0.0431384179735217
"558","Baetica",1,1,3,4,0.163927496956239
"559","Venetia et Histria (Regio X)",1,1,3,4,0.171415378760943
"560","Latium et Campania (Regio I)",1,1,3,4,6.10857618073432
"561","Lugdunensis",1,1,3,5,-0.413363577684079
"562","Belgica",1,1,3,5,-0.382489550643275
"563","Raetia",1,1,3,5,-0.369597509344137
"564","Germania Inferior",1,1,3,5,-0.351048856636834
"565","Aquitania",1,1,3,5,-0.336052208737828
"566","Pannonia Superior",1,1,3,5,-0.324326840501466
"567","Britannia",1,1,3,5,-0.300378661790494
"568","Dacia",1,1,3,5,-0.264587929495479
"569","Germania Superior",1,1,3,5,-0.238807024284838
"570","Dalmatia",1,1,3,5,-0.220871821421129
"571","Pannonia Inferior",1,1,3,5,-0.220403605351704
"572","Asia",1,1,3,5,-0.216183263886341
"573","Moesia Inferior",1,1,3,5,-0.209028962224729
"574","Noricum",1,1,3,5,-0.203103341999084
"575","Narbonensis",1,1,3,5,-0.203086701309359
"576","Transpadana (Regio XI)",1,1,3,5,-0.183457628737428
"577","Moesia Superior",1,1,3,5,-0.169251819871729
"578","Liguria (Regio IX)",1,1,3,5,-0.168775145046738
"579","Picenum (Regio V)",1,1,3,5,-0.167723187385267
"580","Aemilia (Regio VIII)",1,1,3,5,-0.165595485988863
"581","Umbria (Regio VI)",1,1,3,5,-0.143785606148982
"582","Bruttium et Lucania (Regio III)",1,1,3,5,-0.141284112441267
"583","Numidia",1,1,3,5,-0.138648551583717
"584","Etruria (Regio VII)",1,1,3,5,-0.117568095394461
"585","Macedonia",1,1,3,5,-0.114767617334397
"586","Mauretania Tingitana",1,1,3,5,-0.111338062678117
"587","Galatia",1,1,3,5,-0.109351282071746
"588","Sicilia",1,1,3,5,-0.108274941282362
"589","Syria",1,1,3,5,-0.0994087789863529
"590","Sardinia",1,1,3,5,-0.0926751662276028
"591","Hispania Citerior",1,1,3,5,-0.0816871886824656
"592","Africa Proconsularis",1,1,3,5,-0.0528367712766038
"593","Lusitania",1,1,3,5,-0.0451073958322508
"594","Achaia",1,1,3,5,-0.0208621899573392
"595","Mauretania Caesariensis",1,1,3,5,-0.0135434733455504
"596","Apulia et Calabria (Regio II)",1,1,3,5,0.0176339286640971
"597","Samnium (Regio IV)",1,1,3,5,0.0382525518467461
"598","Baetica",1,1,3,5,0.156306869315651
"599","Venetia et Histria (Regio X)",1,1,3,5,0.174736688651397
"600","Latium et Campania (Regio I)",1,1,3,5,6.11234231710612
"601","Belgica",1,1,4,1,-0.486576633134488
"602","Lugdunensis",1,1,4,1,-0.449512262670048
"603","Raetia",1,1,4,1,-0.409985429157692
"604","Germania Inferior",1,1,4,1,-0.407141590688702
"605","Aquitania",1,1,4,1,-0.35688992926755
"606","Pannonia Superior",1,1,4,1,-0.330283923131356
"607","Britannia",1,1,4,1,-0.313273372369572
"608","Narbonensis",1,1,4,1,-0.29590426923204
"609","Germania Superior",1,1,4,1,-0.295697694366623
"610","Dalmatia",1,1,4,1,-0.243580491326569
"611","Dacia",1,1,4,1,-0.240888143577045
"612","Pannonia Inferior",1,1,4,1,-0.203506990678554
"613","Transpadana (Regio XI)",1,1,4,1,-0.201707913857569
"614","Moesia Inferior",1,1,4,1,-0.196227660156235
"615","Noricum",1,1,4,1,-0.182815242872256
"616","Moesia Superior",1,1,4,1,-0.180674127396153
"617","Liguria (Regio IX)",1,1,4,1,-0.168466717958596
"618","Aemilia (Regio VIII)",1,1,4,1,-0.167863672381486
"619","Umbria (Regio VI)",1,1,4,1,-0.161893895643476
"620","Picenum (Regio V)",1,1,4,1,-0.152067523221061
"621","Asia",1,1,4,1,-0.134100970122474
"622","Bruttium et Lucania (Regio III)",1,1,4,1,-0.120475307779684
"623","Mauretania Tingitana",1,1,4,1,-0.10384732958418
"624","Galatia",1,1,4,1,-0.0936443640685747
"625","Numidia",1,1,4,1,-0.0902183280336572
"626","Syria",1,1,4,1,-0.0900023423832597
"627","Macedonia",1,1,4,1,-0.0899396993351308
"628","Sardinia",1,1,4,1,-0.0878489326067812
"629","Hispania Citerior",1,1,4,1,-0.0819785317241314
"630","Etruria (Regio VII)",1,1,4,1,-0.0798951687938307
"631","Sicilia",1,1,4,1,-0.0737358512505074
"632","Lusitania",1,1,4,1,-0.0564156434226343
"633","Mauretania Caesariensis",1,1,4,1,-0.0119311283448446
"634","Apulia et Calabria (Regio II)",1,1,4,1,0.0124135408402521
"635","Achaia",1,1,4,1,0.0135511148453938
"636","Africa Proconsularis",1,1,4,1,0.0279231215757495
"637","Samnium (Regio IV)",1,1,4,1,0.0880297175712991
"638","Venetia et Histria (Regio X)",1,1,4,1,0.118113292215723
"639","Baetica",1,1,4,1,0.204944427896502
"640","Latium et Campania (Regio I)",1,1,4,1,6.09401586559184
"641","Belgica",1,1,4,2,-0.446653202217232
"642","Lugdunensis",1,1,4,2,-0.443600875214357
"643","Raetia",1,1,4,2,-0.401972175761145
"644","Germania Inferior",1,1,4,2,-0.393138952469661
"645","Aquitania",1,1,4,2,-0.356950162096127
"646","Pannonia Superior",1,1,4,2,-0.325589579603572
"647","Britannia",1,1,4,2,-0.30771610139929
"648","Narbonensis",1,1,4,2,-0.291564951674744
"649","Germania Superior",1,1,4,2,-0.280803634430604
"650","Dacia",1,1,4,2,-0.240707097661528
"651","Dalmatia",1,1,4,2,-0.235948055386711
"652","Pannonia Inferior",1,1,4,2,-0.205278886938699
"653","Moesia Inferior",1,1,4,2,-0.200521292906836
"654","Transpadana (Regio XI)",1,1,4,2,-0.19479786056314
"655","Moesia Superior",1,1,4,2,-0.184327129187185
"656","Noricum",1,1,4,2,-0.181821414590182
"657","Liguria (Regio IX)",1,1,4,2,-0.168252399762155
"658","Asia",1,1,4,2,-0.163542323513596
"659","Aemilia (Regio VIII)",1,1,4,2,-0.161623244048008
"660","Picenum (Regio V)",1,1,4,2,-0.156463412809726
"661","Umbria (Regio VI)",1,1,4,2,-0.147419969064963
"662","Bruttium et Lucania (Regio III)",1,1,4,2,-0.127473262889475
"663","Mauretania Tingitana",1,1,4,2,-0.104028569753208
"664","Macedonia",1,1,4,2,-0.100577791207748
"665","Numidia",1,1,4,2,-0.100405677920098
"666","Galatia",1,1,4,2,-0.0974098554243289
"667","Syria",1,1,4,2,-0.0930143615191962
"668","Etruria (Regio VII)",1,1,4,2,-0.092594510002345
"669","Sardinia",1,1,4,2,-0.0904865102495566
"670","Sicilia",1,1,4,2,-0.0847348199750238
"671","Hispania Citerior",1,1,4,2,-0.0833689931307387
"672","Lusitania",1,1,4,2,-0.0340284099150372
"673","Mauretania Caesariensis",1,1,4,2,-0.0130524590658775
"674","Achaia",1,1,4,2,-0.00155710408873794
"675","Africa Proconsularis",1,1,4,2,0.00177621695980243
"676","Apulia et Calabria (Regio II)",1,1,4,2,0.00921032607140838
"677","Samnium (Regio IV)",1,1,4,2,0.0541905400254125
"678","Venetia et Histria (Regio X)",1,1,4,2,0.164482678827987
"679","Baetica",1,1,4,2,0.18205878450311
"680","Latium et Campania (Regio I)",1,1,4,2,6.09970650005311
"681","Lugdunensis",1,1,4,3,-0.409783462199348
"682","Raetia",1,1,4,3,-0.374581322706082
"683","Germania Inferior",1,1,4,3,-0.356091508458067
"684","Belgica",1,1,4,3,-0.350080229252694
"685","Aquitania",1,1,4,3,-0.340534707072975
"686","Pannonia Superior",1,1,4,3,-0.321698713893141
"687","Britannia",1,1,4,3,-0.292643478769207
"688","Dacia",1,1,4,3,-0.260835826210697
"689","Narbonensis",1,1,4,3,-0.254493999289661
"690","Germania Superior",1,1,4,3,-0.250720229627432
"691","Dalmatia",1,1,4,3,-0.217827374758772
"692","Pannonia Inferior",1,1,4,3,-0.217117593489747
"693","Asia",1,1,4,3,-0.207299119310323
"694","Moesia Inferior",1,1,4,3,-0.207223771427853
"695","Noricum",1,1,4,3,-0.199627634472976
"696","Transpadana (Regio XI)",1,1,4,3,-0.188144548934785
"697","Moesia Superior",1,1,4,3,-0.186840576354478
"698","Liguria (Regio IX)",1,1,4,3,-0.169696045060539
"699","Picenum (Regio V)",1,1,4,3,-0.164224912432402
"700","Aemilia (Regio VIII)",1,1,4,3,-0.16035740398055
"701","Umbria (Regio VI)",1,1,4,3,-0.159066418313703
"702","Bruttium et Lucania (Regio III)",1,1,4,3,-0.138898737399171
"703","Numidia",1,1,4,3,-0.134071726539563
"704","Etruria (Regio VII)",1,1,4,3,-0.11481848855276
"705","Macedonia",1,1,4,3,-0.111374532890232
"706","Mauretania Tingitana",1,1,4,3,-0.106493566628058
"707","Galatia",1,1,4,3,-0.105889645497952
"708","Sicilia",1,1,4,3,-0.104107625832279
"709","Syria",1,1,4,3,-0.0978397549395713
"710","Sardinia",1,1,4,3,-0.092142655802415
"711","Hispania Citerior",1,1,4,3,-0.0847011920352974
"712","Lusitania",1,1,4,3,-0.0428917896982031
"713","Africa Proconsularis",1,1,4,3,-0.0384451933082743
"714","Achaia",1,1,4,3,-0.0189464102302083
"715","Mauretania Caesariensis",1,1,4,3,-0.0119314489450734
"716","Apulia et Calabria (Regio II)",1,1,4,3,0.0119569566478846
"717","Samnium (Regio IV)",1,1,4,3,0.039540226226641
"718","Baetica",1,1,4,3,0.158035262481867
"719","Venetia et Histria (Regio X)",1,1,4,3,0.169336421915337
"720","Latium et Campania (Regio I)",1,1,4,3,6.11257277704276
"721","Lugdunensis",1,1,4,4,-0.405863225900859
"722","Raetia",1,1,4,4,-0.37144286883896
"723","Germania Inferior",1,1,4,4,-0.352168649472838
"724","Belgica",1,1,4,4,-0.344187717137573
"725","Aquitania",1,1,4,4,-0.338780501509283
"726","Pannonia Superior",1,1,4,4,-0.320903755497606
"727","Britannia",1,1,4,4,-0.292021748385098
"728","Dacia",1,1,4,4,-0.261164987807428
"729","Narbonensis",1,1,4,4,-0.250569201832054
"730","Germania Superior",1,1,4,4,-0.247219779640151
"731","Pannonia Inferior",1,1,4,4,-0.21745936321511
"732","Dalmatia",1,1,4,4,-0.215488428049562
"733","Asia",1,1,4,4,-0.210280309090759
"734","Moesia Inferior",1,1,4,4,-0.20720896649422
"735","Noricum",1,1,4,4,-0.199920414106746
"736","Transpadana (Regio XI)",1,1,4,4,-0.186412566853003
"737","Moesia Superior",1,1,4,4,-0.186276499807036
"738","Liguria (Regio IX)",1,1,4,4,-0.169576193936523
"739","Aemilia (Regio VIII)",1,1,4,4,-0.166471660415463
"740","Picenum (Regio V)",1,1,4,4,-0.16528557240141
"741","Umbria (Regio VI)",1,1,4,4,-0.159718479722808
"742","Bruttium et Lucania (Regio III)",1,1,4,4,-0.140598286801722
"743","Numidia",1,1,4,4,-0.135170125208655
"744","Etruria (Regio VII)",1,1,4,4,-0.116472846149174
"745","Macedonia",1,1,4,4,-0.112250355617362
"746","Galatia",1,1,4,4,-0.107123995722264
"747","Mauretania Tingitana",1,1,4,4,-0.106613561996807
"748","Sicilia",1,1,4,4,-0.105893835924246
"749","Syria",1,1,4,4,-0.0981988146261007
"750","Sardinia",1,1,4,4,-0.0922116739148841
"751","Hispania Citerior",1,1,4,4,-0.0849019003146301
"752","Africa Proconsularis",1,1,4,4,-0.0473229232260544
"753","Lusitania",1,1,4,4,-0.0434580703062133
"754","Achaia",1,1,4,4,-0.0199918456168584
"755","Mauretania Caesariensis",1,1,4,4,-0.0125507117277315
"756","Apulia et Calabria (Regio II)",1,1,4,4,0.0127840263373593
"757","Samnium (Regio IV)",1,1,4,4,0.0382830336787321
"758","Baetica",1,1,4,4,0.156096325809225
"759","Venetia et Histria (Regio X)",1,1,4,4,0.170362148664617
"760","Latium et Campania (Regio I)",1,1,4,4,6.11365430277726
"761","Lugdunensis",1,1,4,5,-0.420439628286888
"762","Raetia",1,1,4,5,-0.369782074126223
"763","Germania Inferior",1,1,4,5,-0.350454021593794
"764","Belgica",1,1,4,5,-0.34056774634574
"765","Aquitania",1,1,4,5,-0.337070928516626
"766","Pannonia Superior",1,1,4,5,-0.321764311389333
"767","Britannia",1,1,4,5,-0.290646605044769
"768","Dacia",1,1,4,5,-0.262315022761297
"769","Narbonensis",1,1,4,5,-0.249832756712073
"770","Germania Superior",1,1,4,5,-0.245825789860488
"771","Pannonia Inferior",1,1,4,5,-0.218436500197293
"772","Dalmatia",1,1,4,5,-0.216059447410684
"773","Asia",1,1,4,5,-0.208695786203488
"774","Moesia Inferior",1,1,4,5,-0.206915238570956
"775","Noricum",1,1,4,5,-0.200761137768563
"776","Transpadana (Regio XI)",1,1,4,5,-0.187117303778963
"777","Moesia Superior",1,1,4,5,-0.186029455534511
"778","Liguria (Regio IX)",1,1,4,5,-0.170505020501448
"779","Aemilia (Regio VIII)",1,1,4,5,-0.167345961434705
"780","Picenum (Regio V)",1,1,4,5,-0.166176621194936
"781","Umbria (Regio VI)",1,1,4,5,-0.16042422590098
"782","Bruttium et Lucania (Regio III)",1,1,4,5,-0.140111393332079
"783","Numidia",1,1,4,5,-0.133740912740562
"784","Etruria (Regio VII)",1,1,4,5,-0.116846242136612
"785","Macedonia",1,1,4,5,-0.111593220737625
"786","Galatia",1,1,4,5,-0.106844012304222
"787","Mauretania Tingitana",1,1,4,5,-0.106388981926335
"788","Sicilia",1,1,4,5,-0.105162237122519
"789","Syria",1,1,4,5,-0.0980525090583105
"790","Sardinia",1,1,4,5,-0.091956280040363
"791","Hispania Citerior",1,1,4,5,-0.0840428173657003
"792","Africa Proconsularis",1,1,4,5,-0.0446504056092263
"793","Lusitania",1,1,4,5,-0.0425513680734387
"794","Achaia",1,1,4,5,-0.0196193249663352
"795","Mauretania Caesariensis",1,1,4,5,-0.0114284220976571
"796","Apulia et Calabria (Regio II)",1,1,4,5,0.013290203547023
"797","Samnium (Regio IV)",1,1,4,5,0.038047469496282
"798","Baetica",1,1,4,5,0.157044676991499
"799","Venetia et Histria (Regio X)",1,1,4,5,0.168529104049659
"800","Latium et Campania (Regio I)",1,1,4,5,6.11324225656028
"801","Belgica",1,1,5,1,-0.458347764363728
"802","Lugdunensis",1,1,5,1,-0.450466295642836
"803","Raetia",1,1,5,1,-0.408369839906915
"804","Germania Inferior",1,1,5,1,-0.401535436879509
"805","Aquitania",1,1,5,1,-0.358352342516872
"806","Pannonia Superior",1,1,5,1,-0.328167871108796
"807","Britannia",1,1,5,1,-0.311387811474172
"808","Narbonensis",1,1,5,1,-0.295182641583803
"809","Germania Superior",1,1,5,1,-0.290152389901973
"810","Dalmatia",1,1,5,1,-0.237634097193689
"811","Dacia",1,1,5,1,-0.237112870829566
"812","Pannonia Inferior",1,1,5,1,-0.200374108167189
"813","Transpadana (Regio XI)",1,1,5,1,-0.198796305213908
"814","Moesia Inferior",1,1,5,1,-0.193691429823957
"815","Noricum",1,1,5,1,-0.182132274572299
"816","Moesia Superior",1,1,5,1,-0.181966886859138
"817","Liguria (Regio IX)",1,1,5,1,-0.167436768589942
"818","Aemilia (Regio VIII)",1,1,5,1,-0.166453350105288
"819","Picenum (Regio V)",1,1,5,1,-0.150423092040654
"820","Asia",1,1,5,1,-0.14022231089138
"821","Umbria (Regio VI)",1,1,5,1,-0.1394460652922
"822","Bruttium et Lucania (Regio III)",1,1,5,1,-0.121553521040199
"823","Mauretania Tingitana",1,1,5,1,-0.103434768693503
"824","Numidia",1,1,5,1,-0.0951959264786811
"825","Galatia",1,1,5,1,-0.0948586514324083
"826","Macedonia",1,1,5,1,-0.0907350604916927
"827","Syria",1,1,5,1,-0.0905746677149361
"828","Sardinia",1,1,5,1,-0.0903704206036832
"829","Hispania Citerior",1,1,5,1,-0.0844908909989306
"830","Etruria (Regio VII)",1,1,5,1,-0.0816749158913761
"831","Sicilia",1,1,5,1,-0.0772431797298139
"832","Lusitania",1,1,5,1,-0.0603460271412782
"833","Mauretania Caesariensis",1,1,5,1,-0.0126912396088549
"834","Apulia et Calabria (Regio II)",1,1,5,1,0.00577474120095969
"835","Achaia",1,1,5,1,0.01056392547402
"836","Africa Proconsularis",1,1,5,1,0.0203996774444917
"837","Samnium (Regio IV)",1,1,5,1,0.0433822650186301
"838","Venetia et Histria (Regio X)",1,1,5,1,0.122133374635658
"839","Baetica",1,1,5,1,0.200053493323299
"840","Latium et Campania (Regio I)",1,1,5,1,6.09851374568611
"841","Belgica",1,1,5,2,-0.445182672529929
"842","Lugdunensis",1,1,5,2,-0.44253125828892
"843","Raetia",1,1,5,2,-0.401124765606048
"844","Germania Inferior",1,1,5,2,-0.3894968542727
"845","Aquitania",1,1,5,2,-0.356338040753052
"846","Pannonia Superior",1,1,5,2,-0.325329253009284
"847","Britannia",1,1,5,2,-0.306016101161411
"848","Narbonensis",1,1,5,2,-0.289110058678161
"849","Germania Superior",1,1,5,2,-0.277085256710299
"850","Dacia",1,1,5,2,-0.240448170922206
"851","Dalmatia",1,1,5,2,-0.234506543184058
"852","Pannonia Inferior",1,1,5,2,-0.204887802138308
"853","Moesia Inferior",1,1,5,2,-0.199010486587592
"854","Transpadana (Regio XI)",1,1,5,2,-0.194227631122561
"855","Moesia Superior",1,1,5,2,-0.184264884329546
"856","Noricum",1,1,5,2,-0.181657848771431
"857","Liguria (Regio IX)",1,1,5,2,-0.168428815190995
"858","Asia",1,1,5,2,-0.165206692816892
"859","Aemilia (Regio VIII)",1,1,5,2,-0.160388697707973
"860","Picenum (Regio V)",1,1,5,2,-0.155579106394658
"861","Umbria (Regio VI)",1,1,5,2,-0.147192739520872
"862","Bruttium et Lucania (Regio III)",1,1,5,2,-0.126852451391338
"863","Mauretania Tingitana",1,1,5,2,-0.10397703042541
"864","Numidia",1,1,5,2,-0.101821013424298
"865","Macedonia",1,1,5,2,-0.100335605963636
"866","Galatia",1,1,5,2,-0.0979469143472124
"867","Etruria (Regio VII)",1,1,5,2,-0.0933758991085704
"868","Syria",1,1,5,2,-0.0931093344223307
"869","Sardinia",1,1,5,2,-0.0906930353151845
"870","Sicilia",1,1,5,2,-0.0858461376203523
"871","Hispania Citerior",1,1,5,2,-0.082174074979986
"872","Lusitania",1,1,5,2,-0.0341110930585187
"873","Mauretania Caesariensis",1,1,5,2,-0.0132746363749621
"874","Achaia",1,1,5,2,-0.00255775633665832
"875","Africa Proconsularis",1,1,5,2,0.00160292778378442
"876","Apulia et Calabria (Regio II)",1,1,5,2,0.00786757913473111
"877","Samnium (Regio IV)",1,1,5,2,0.0372840315047202
"878","Venetia et Histria (Regio X)",1,1,5,2,0.165584742461705
"879","Baetica",1,1,5,2,0.180879227415841
"880","Latium et Campania (Regio I)",1,1,5,2,6.10087015416457
"881","Lugdunensis",1,1,5,3,-0.430099662689518
"882","Belgica",1,1,5,3,-0.422118505883687
"883","Raetia",1,1,5,3,-0.390861133328005
"884","Germania Inferior",1,1,5,3,-0.377022502541603
"885","Aquitania",1,1,5,3,-0.350081691506878
"886","Pannonia Superior",1,1,5,3,-0.324026588438019
"887","Britannia",1,1,5,3,-0.301387645582803
"888","Narbonensis",1,1,5,3,-0.271819462230331
"889","Germania Superior",1,1,5,3,-0.264816083840439
"890","Dacia",1,1,5,3,-0.253692528725803
"891","Dalmatia",1,1,5,3,-0.234044651796539
"892","Pannonia Inferior",1,1,5,3,-0.211014658981631
"893","Moesia Inferior",1,1,5,3,-0.204042589396015
"894","Noricum",1,1,5,3,-0.1948667984447
"895","Transpadana (Regio XI)",1,1,5,3,-0.188793607327378
"896","Moesia Superior",1,1,5,3,-0.187707387600953
"897","Asia",1,1,5,3,-0.180271112191634
"898","Liguria (Regio IX)",1,1,5,3,-0.167713765315839
"899","Aemilia (Regio VIII)",1,1,5,3,-0.158184027476398
"900","Picenum (Regio V)",1,1,5,3,-0.156562138810228
"901","Umbria (Regio VI)",1,1,5,3,-0.148061002998587
"902","Bruttium et Lucania (Regio III)",1,1,5,3,-0.129699879396852
"903","Numidia",1,1,5,3,-0.117696608010384
"904","Mauretania Tingitana",1,1,5,3,-0.104720247099232
"905","Macedonia",1,1,5,3,-0.103279795367767
"906","Etruria (Regio VII)",1,1,5,3,-0.101557110884125
"907","Galatia",1,1,5,3,-0.100212174791059
"908","Syria",1,1,5,3,-0.0937971963718807
"909","Sardinia",1,1,5,3,-0.0909564927274857
"910","Sicilia",1,1,5,3,-0.0902485187377627
"911","Hispania Citerior",1,1,5,3,-0.0809495701563566
"912","Lusitania",1,1,5,3,-0.0373228719652174
"913","Mauretania Caesariensis",1,1,5,3,-0.0124930662827815
"914","Achaia",1,1,5,3,-0.0107636210603757
"915","Africa Proconsularis",1,1,5,3,-0.00924614735653302
"916","Apulia et Calabria (Regio II)",1,1,5,3,0.0122783252529117
"917","Samnium (Regio IV)",1,1,5,3,0.0360397416217078
"918","Venetia et Histria (Regio X)",1,1,5,3,0.170375252411273
"919","Baetica",1,1,5,3,0.176904035625426
"920","Latium et Campania (Regio I)",1,1,5,3,6.10453349040348
"921","Lugdunensis",1,1,5,4,-0.40484040804595
"922","Raetia",1,1,5,4,-0.370606729273486
"923","Germania Inferior",1,1,5,4,-0.348751457219307
"924","Belgica",1,1,5,4,-0.343474404753434
"925","Aquitania",1,1,5,4,-0.338183608641044
"926","Pannonia Superior",1,1,5,4,-0.32061993067635
"927","Britannia",1,1,5,4,-0.290439621901741
"928","Dacia",1,1,5,4,-0.260848618128293
"929","Narbonensis",1,1,5,4,-0.248247169702638
"930","Germania Superior",1,1,5,4,-0.243678026223304
"931","Pannonia Inferior",1,1,5,4,-0.217021011737912
"932","Dalmatia",1,1,5,4,-0.214158763571214
"933","Asia",1,1,5,4,-0.211582670988852
"934","Moesia Inferior",1,1,5,4,-0.205749128519308
"935","Noricum",1,1,5,4,-0.19972952664333
"936","Moesia Superior",1,1,5,4,-0.186181253181871
"937","Transpadana (Regio XI)",1,1,5,4,-0.185772013021924
"938","Liguria (Regio IX)",1,1,5,4,-0.169695498844796
"939","Aemilia (Regio VIII)",1,1,5,4,-0.165417642715524
"940","Picenum (Regio V)",1,1,5,4,-0.164379615068873
"941","Umbria (Regio VI)",1,1,5,4,-0.159436228163971
"942","Bruttium et Lucania (Regio III)",1,1,5,4,-0.139963766760556
"943","Numidia",1,1,5,4,-0.136467473819462
"944","Etruria (Regio VII)",1,1,5,4,-0.117066829985908
"945","Macedonia",1,1,5,4,-0.111982659716879
"946","Galatia",1,1,5,4,-0.107585900330369
"947","Sicilia",1,1,5,4,-0.106819114874331
"948","Mauretania Tingitana",1,1,5,4,-0.106542060221579
"949","Syria",1,1,5,4,-0.098253511750237
"950","Sardinia",1,1,5,4,-0.092398077023278
"951","Hispania Citerior",1,1,5,4,-0.0837750887954758
"952","Africa Proconsularis",1,1,5,4,-0.0476179848103009
"953","Lusitania",1,1,5,4,-0.0435258669823476
"954","Achaia",1,1,5,4,-0.0208818759624889
"955","Mauretania Caesariensis",1,1,5,4,-0.0127364073647366
"956","Apulia et Calabria (Regio II)",1,1,5,4,0.0115339505258571
"957","Samnium (Regio IV)",1,1,5,4,0.0216854000693592
"958","Baetica",1,1,5,4,0.155169101471619
"959","Venetia et Histria (Regio X)",1,1,5,4,0.1714679262615
"960","Latium et Campania (Regio I)",1,1,5,4,6.11457356709274
"961","Lugdunensis",1,1,5,5,-0.403319576584574
"962","Raetia",1,1,5,5,-0.368728763983044
"963","Germania Inferior",1,1,5,5,-0.345485402367787
"964","Aquitania",1,1,5,5,-0.336608018907811
"965","Belgica",1,1,5,5,-0.336196174756648
"966","Pannonia Superior",1,1,5,5,-0.319717149527368
"967","Britannia",1,1,5,5,-0.267304052039019
"968","Dacia",1,1,5,5,-0.26199396894306
"969","Narbonensis",1,1,5,5,-0.250106965175482
"970","Germania Superior",1,1,5,5,-0.240699976154425
"971","Pannonia Inferior",1,1,5,5,-0.218315871887434
"972","Asia",1,1,5,5,-0.215694082908219
"973","Dalmatia",1,1,5,5,-0.211364891093993
"974","Moesia Inferior",1,1,5,5,-0.205671763910339
"975","Noricum",1,1,5,5,-0.200264273453036
"976","Moesia Superior",1,1,5,5,-0.186477485308396
"977","Transpadana (Regio XI)",1,1,5,5,-0.184809385604566
"978","Liguria (Regio IX)",1,1,5,5,-0.170720553405246
"979","Aemilia (Regio VIII)",1,1,5,5,-0.166866635731357
"980","Picenum (Regio V)",1,1,5,5,-0.165776858080865
"981","Umbria (Regio VI)",1,1,5,5,-0.16230184398947
"982","Bruttium et Lucania (Regio III)",1,1,5,5,-0.141668541560929
"983","Numidia",1,1,5,5,-0.139717594613934
"984","Etruria (Regio VII)",1,1,5,5,-0.11983706098085
"985","Macedonia",1,1,5,5,-0.112966589642951
"986","Galatia",1,1,5,5,-0.108713236860742
"987","Sicilia",1,1,5,5,-0.108271678206154
"988","Mauretania Tingitana",1,1,5,5,-0.106952450025739
"989","Syria",1,1,5,5,-0.0993990395401624
"990","Sardinia",1,1,5,5,-0.0930549608860323
"991","Hispania Citerior",1,1,5,5,-0.0848925788287228
"992","Africa Proconsularis",1,1,5,5,-0.0529057073414417
"993","Lusitania",1,1,5,5,-0.0449510535979415
"994","Achaia",1,1,5,5,-0.0225364769456958
"995","Mauretania Caesariensis",1,1,5,5,-0.0135561098111698
"996","Apulia et Calabria (Regio II)",1,1,5,5,0.00964383856635129
"997","Samnium (Regio IV)",1,1,5,5,0.020045370017671
"998","Baetica",1,1,5,5,0.15157677408486
"999","Venetia et Histria (Regio X)",1,1,5,5,0.17050566488617
"1000","Latium et Campania (Regio I)",1,1,5,5,6.11607512509955
"1001","Lugdunensis",1,2,1,1,-0.455444410428905
"1002","Belgica",1,2,1,1,-0.431748450763517
"1003","Raetia",1,2,1,1,-0.402196112050496
"1004","Germania Inferior",1,2,1,1,-0.394234842174826
"1005","Aquitania",1,2,1,1,-0.348151004813496
"1006","Pannonia Superior",1,2,1,1,-0.335918697437046
"1007","Britannia",1,2,1,1,-0.310425558932978
"1008","Germania Superior",1,2,1,1,-0.29048476099898
"1009","Narbonensis",1,2,1,1,-0.252265108377088
"1010","Dacia",1,2,1,1,-0.248923910882873
"1011","Dalmatia",1,2,1,1,-0.237209765397397
"1012","Pannonia Inferior",1,2,1,1,-0.211647012778577
"1013","Transpadana (Regio XI)",1,2,1,1,-0.203923205841279
"1014","Moesia Inferior",1,2,1,1,-0.200548526245721
"1015","Moesia Superior",1,2,1,1,-0.181570156496828
"1016","Noricum",1,2,1,1,-0.179205703401759
"1017","Aemilia (Regio VIII)",1,2,1,1,-0.174712456117373
"1018","Liguria (Regio IX)",1,2,1,1,-0.1627478684963
"1019","Picenum (Regio V)",1,2,1,1,-0.154351858551396
"1020","Umbria (Regio VI)",1,2,1,1,-0.153362622547422
"1021","Asia",1,2,1,1,-0.146681975826482
"1022","Bruttium et Lucania (Regio III)",1,2,1,1,-0.125336333422726
"1023","Mauretania Tingitana",1,2,1,1,-0.106637507298396
"1024","Numidia",1,2,1,1,-0.102951236204869
"1025","Galatia",1,2,1,1,-0.094501546507205
"1026","Syria",1,2,1,1,-0.0935135600190972
"1027","Sardinia",1,2,1,1,-0.0910211823766637
"1028","Macedonia",1,2,1,1,-0.0891090751741752
"1029","Hispania Citerior",1,2,1,1,-0.0857348008899998
"1030","Etruria (Regio VII)",1,2,1,1,-0.0843561881378635
"1031","Sicilia",1,2,1,1,-0.0812194958626407
"1032","Lusitania",1,2,1,1,-0.0658668837276987
"1033","Mauretania Caesariensis",1,2,1,1,-0.0131757195466895
"1034","Achaia",1,2,1,1,0.00929628570539309
"1035","Africa Proconsularis",1,2,1,1,0.0113698022417861
"1036","Apulia et Calabria (Regio II)",1,2,1,1,0.0145345842492803
"1037","Samnium (Regio IV)",1,2,1,1,0.0776111742200569
"1038","Venetia et Histria (Regio X)",1,2,1,1,0.10570732450889
"1039","Baetica",1,2,1,1,0.189505129257078
"1040","Latium et Campania (Regio I)",1,2,1,1,6.10115323754628
"1041","Lugdunensis",1,2,1,2,-0.429645119225454
"1042","Belgica",1,2,1,2,-0.385324304325218
"1043","Raetia",1,2,1,2,-0.374700233900016
"1044","Germania Inferior",1,2,1,2,-0.365067182033805
"1045","Aquitania",1,2,1,2,-0.336084733588261
"1046","Pannonia Superior",1,2,1,2,-0.331007152863076
"1047","Britannia",1,2,1,2,-0.300288416413414
"1048","Dacia",1,2,1,2,-0.262906676817265
"1049","Germania Superior",1,2,1,2,-0.259899776570679
"1050","Dalmatia",1,2,1,2,-0.227248542998301
"1051","Pannonia Inferior",1,2,1,2,-0.221101989384266
"1052","Narbonensis",1,2,1,2,-0.215838174659843
"1053","Moesia Inferior",1,2,1,2,-0.208696576972953
"1054","Asia",1,2,1,2,-0.196881322688698
"1055","Noricum",1,2,1,2,-0.192199339608869
"1056","Transpadana (Regio XI)",1,2,1,2,-0.191871598151184
"1057","Moesia Superior",1,2,1,2,-0.183763162715651
"1058","Picenum (Regio V)",1,2,1,2,-0.166502064367686
"1059","Aemilia (Regio VIII)",1,2,1,2,-0.162702373870533
"1060","Umbria (Regio VI)",1,2,1,2,-0.161792689394266
"1061","Liguria (Regio IX)",1,2,1,2,-0.16132937758327
"1062","Bruttium et Lucania (Regio III)",1,2,1,2,-0.137759146126775
"1063","Numidia",1,2,1,2,-0.127719830628369
"1064","Mauretania Tingitana",1,2,1,2,-0.109379077457887
"1065","Macedonia",1,2,1,2,-0.109136317617441
"1066","Etruria (Regio VII)",1,2,1,2,-0.108245876622416
"1067","Galatia",1,2,1,2,-0.105878855167057
"1068","Sicilia",1,2,1,2,-0.0980523164066253
"1069","Syria",1,2,1,2,-0.0980508524996284
"1070","Sardinia",1,2,1,2,-0.0926124378758943
"1071","Hispania Citerior",1,2,1,2,-0.0832062997310232
"1072","Lusitania",1,2,1,2,-0.0462683738528438
"1073","Africa Proconsularis",1,2,1,2,-0.0252305696106982
"1074","Achaia",1,2,1,2,-0.0125360986045919
"1075","Mauretania Caesariensis",1,2,1,2,-0.0109048205792169
"1076","Apulia et Calabria (Regio II)",1,2,1,2,0.0127853437816003
"1077","Samnium (Regio IV)",1,2,1,2,0.0669870568565246
"1078","Venetia et Histria (Regio X)",1,2,1,2,0.130358774560014
"1079","Baetica",1,2,1,2,0.180153124151597
"1080","Latium et Campania (Regio I)",1,2,1,2,6.10954738156344
"1081","Lugdunensis",1,2,1,3,-0.416144899248006
"1082","Belgica",1,2,1,3,-0.374107788973848
"1083","Raetia",1,2,1,3,-0.36474006216771
"1084","Germania Inferior",1,2,1,3,-0.354594235892878
"1085","Aquitania",1,2,1,3,-0.331751712708948
"1086","Pannonia Superior",1,2,1,3,-0.329660378896894
"1087","Britannia",1,2,1,3,-0.298081617407841
"1088","Dacia",1,2,1,3,-0.270449257657719
"1089","Germania Superior",1,2,1,3,-0.244446451268822
"1090","Pannonia Inferior",1,2,1,3,-0.226688891871711
"1091","Dalmatia",1,2,1,3,-0.226068605628826
"1092","Asia",1,2,1,3,-0.212923917898795
"1093","Moesia Inferior",1,2,1,3,-0.212466737436308
"1094","Noricum",1,2,1,3,-0.208444991791898
"1095","Narbonensis",1,2,1,3,-0.199651782488606
"1096","Transpadana (Regio XI)",1,2,1,3,-0.184105099314085
"1097","Picenum (Regio V)",1,2,1,3,-0.169718672549991
"1098","Moesia Superior",1,2,1,3,-0.169098030471718
"1099","Liguria (Regio IX)",1,2,1,3,-0.168302753422367
"1100","Umbria (Regio VI)",1,2,1,3,-0.163422904477973
"1101","Aemilia (Regio VIII)",1,2,1,3,-0.159285956219642
"1102","Bruttium et Lucania (Regio III)",1,2,1,3,-0.142835165377449
"1103","Numidia",1,2,1,3,-0.136737170440574
"1104","Etruria (Regio VII)",1,2,1,3,-0.116673533461259
"1105","Macedonia",1,2,1,3,-0.1144765935041
"1106","Mauretania Tingitana",1,2,1,3,-0.110683317858219
"1107","Galatia",1,2,1,3,-0.109771354153649
"1108","Sicilia",1,2,1,3,-0.105412733683409
"1109","Syria",1,2,1,3,-0.100680120432531
"1110","Sardinia",1,2,1,3,-0.0936183068249975
"1111","Hispania Citerior",1,2,1,3,-0.0825227854815994
"1112","Africa Proconsularis",1,2,1,3,-0.0517903141995388
"1113","Lusitania",1,2,1,3,-0.0487459400428977
"1114","Achaia",1,2,1,3,-0.0199210883795346
"1115","Mauretania Caesariensis",1,2,1,3,-0.00919773426508657
"1116","Apulia et Calabria (Regio II)",1,2,1,3,0.0138546002133654
"1117","Samnium (Regio IV)",1,2,1,3,0.0630019748030916
"1118","Baetica",1,2,1,3,0.169298592998845
"1119","Venetia et Histria (Regio X)",1,2,1,3,0.169974708493181
"1120","Latium et Campania (Regio I)",1,2,1,3,6.11109102939095
"1121","Lugdunensis",1,2,1,4,-0.411342845868516
"1122","Belgica",1,2,1,4,-0.373481984397145
"1123","Raetia",1,2,1,4,-0.363431567461742
"1124","Germania Inferior",1,2,1,4,-0.351726935811072
"1125","Aquitania",1,2,1,4,-0.331312634947533
"1126","Pannonia Superior",1,2,1,4,-0.326821067183237
"1127","Britannia",1,2,1,4,-0.298311984442678
"1128","Dacia",1,2,1,4,-0.267370207785267
"1129","Germania Superior",1,2,1,4,-0.240934838575099
"1130","Pannonia Inferior",1,2,1,4,-0.223975580665213
"1131","Dalmatia",1,2,1,4,-0.221305507969764
"1132","Asia",1,2,1,4,-0.215889924013103
"1133","Moesia Inferior",1,2,1,4,-0.211400385054558
"1134","Noricum",1,2,1,4,-0.206423010416459
"1135","Narbonensis",1,2,1,4,-0.19645249023103
"1136","Transpadana (Regio XI)",1,2,1,4,-0.180450234562209
"1137","Moesia Superior",1,2,1,4,-0.168612076394776
"1138","Picenum (Regio V)",1,2,1,4,-0.168257348608834
"1139","Liguria (Regio IX)",1,2,1,4,-0.166354622551842
"1140","Umbria (Regio VI)",1,2,1,4,-0.162969202361287
"1141","Aemilia (Regio VIII)",1,2,1,4,-0.156976548883887
"1142","Bruttium et Lucania (Regio III)",1,2,1,4,-0.143922067044066
"1143","Numidia",1,2,1,4,-0.139390251140542
"1144","Etruria (Regio VII)",1,2,1,4,-0.116311732347317
"1145","Macedonia",1,2,1,4,-0.116105595952114
"1146","Galatia",1,2,1,4,-0.110793974818659
"1147","Mauretania Tingitana",1,2,1,4,-0.110534265138161
"1148","Sicilia",1,2,1,4,-0.107641262635878
"1149","Syria",1,2,1,4,-0.100627926563458
"1150","Sardinia",1,2,1,4,-0.0939632016749061
"1151","Hispania Citerior",1,2,1,4,-0.0831742671542583
"1152","Africa Proconsularis",1,2,1,4,-0.0573472231471897
"1153","Lusitania",1,2,1,4,-0.0493912911041049
"1154","Achaia",1,2,1,4,-0.021643319869367
"1155","Mauretania Caesariensis",1,2,1,4,-0.00974496370177726
"1156","Apulia et Calabria (Regio II)",1,2,1,4,0.0122211819783888
"1157","Samnium (Regio IV)",1,2,1,4,0.0351623148164322
"1158","Baetica",1,2,1,4,0.167993650274769
"1159","Venetia et Histria (Regio X)",1,2,1,4,0.176366252370041
"1160","Latium et Campania (Regio I)",1,2,1,4,6.11264894103742
"1161","Lugdunensis",1,2,1,5,-0.411094733010192
"1162","Belgica",1,2,1,5,-0.382304512717983
"1163","Raetia",1,2,1,5,-0.365432696065192
"1164","Germania Inferior",1,2,1,5,-0.355747808036787
"1165","Aquitania",1,2,1,5,-0.332837905033016
"1166","Pannonia Superior",1,2,1,5,-0.326888766270953
"1167","Britannia",1,2,1,5,-0.301022437316768
"1168","Dacia",1,2,1,5,-0.26517182391251
"1169","Dalmatia",1,2,1,5,-0.249283784408452
"1170","Germania Superior",1,2,1,5,-0.241209781204953
"1171","Pannonia Inferior",1,2,1,5,-0.222258479100199
"1172","Moesia Inferior",1,2,1,5,-0.211415774674745
"1173","Asia",1,2,1,5,-0.211117534017979
"1174","Noricum",1,2,1,5,-0.205336686582321
"1175","Narbonensis",1,2,1,5,-0.191947618263476
"1176","Transpadana (Regio XI)",1,2,1,5,-0.178184275767985
"1177","Moesia Superior",1,2,1,5,-0.167383643044624
"1178","Picenum (Regio V)",1,2,1,5,-0.165477604975146
"1179","Liguria (Regio IX)",1,2,1,5,-0.165412183772376
"1180","Aemilia (Regio VIII)",1,2,1,5,-0.155545835208152
"1181","Bruttium et Lucania (Regio III)",1,2,1,5,-0.14294324487675
"1182","Numidia",1,2,1,5,-0.137271905977298
"1183","Umbria (Regio VI)",1,2,1,5,-0.134478974971857
"1184","Macedonia",1,2,1,5,-0.114950884980085
"1185","Etruria (Regio VII)",1,2,1,5,-0.112381127967331
"1186","Mauretania Tingitana",1,2,1,5,-0.110855932295474
"1187","Galatia",1,2,1,5,-0.110502495738709
"1188","Sicilia",1,2,1,5,-0.106734464535928
"1189","Syria",1,2,1,5,-0.100467706088421
"1190","Sardinia",1,2,1,5,-0.0946923504735193
"1191","Hispania Citerior",1,2,1,5,-0.0836511646094
"1192","Africa Proconsularis",1,2,1,5,-0.0781658097660555
"1193","Lusitania",1,2,1,5,-0.0502198319870947
"1194","Achaia",1,2,1,5,-0.0191240121939347
"1195","Mauretania Caesariensis",1,2,1,5,-0.0108918816441886
"1196","Apulia et Calabria (Regio II)",1,2,1,5,0.0163083506667645
"1197","Samnium (Regio IV)",1,2,1,5,0.0374776343489661
"1198","Baetica",1,2,1,5,0.170147451366508
"1199","Venetia et Histria (Regio X)",1,2,1,5,0.176733541958016
"1200","Latium et Campania (Regio I)",1,2,1,5,6.1117386931496
"1201","Lugdunensis",1,2,2,1,-0.458127591408011
"1202","Belgica",1,2,2,1,-0.433245482357138
"1203","Raetia",1,2,2,1,-0.403639623243061
"1204","Germania Inferior",1,2,2,1,-0.395518083075261
"1205","Aquitania",1,2,2,1,-0.347825935690766
"1206","Pannonia Superior",1,2,2,1,-0.33332166736014
"1207","Britannia",1,2,2,1,-0.308678356025941
"1208","Narbonensis",1,2,2,1,-0.293546353797095
"1209","Germania Superior",1,2,2,1,-0.292401102947783
"1210","Dacia",1,2,2,1,-0.246351193769973
"1211","Dalmatia",1,2,2,1,-0.236154487658762
"1212","Pannonia Inferior",1,2,2,1,-0.208722454149915
"1213","Transpadana (Regio XI)",1,2,2,1,-0.203915316135307
"1214","Moesia Inferior",1,2,2,1,-0.198487114575842
"1215","Moesia Superior",1,2,2,1,-0.180765193955113
"1216","Noricum",1,2,2,1,-0.176676105222611
"1217","Aemilia (Regio VIII)",1,2,2,1,-0.174323273302292
"1218","Liguria (Regio IX)",1,2,2,1,-0.161669492254849
"1219","Picenum (Regio V)",1,2,2,1,-0.154120027470894
"1220","Umbria (Regio VI)",1,2,2,1,-0.15250856172029
"1221","Asia",1,2,2,1,-0.144019662020185
"1222","Bruttium et Lucania (Regio III)",1,2,2,1,-0.123385709205778
"1223","Mauretania Tingitana",1,2,2,1,-0.105225608994299
"1224","Numidia",1,2,2,1,-0.100070624517619
"1225","Galatia",1,2,2,1,-0.0928574980419215
"1226","Syria",1,2,2,1,-0.0927863338036953
"1227","Sardinia",1,2,2,1,-0.0898595264732469
"1228","Macedonia",1,2,2,1,-0.0878042455452435
"1229","Hispania Citerior",1,2,2,1,-0.0859915115468657
"1230","Etruria (Regio VII)",1,2,2,1,-0.0827043787937774
"1231","Sicilia",1,2,2,1,-0.0789813539777716
"1232","Lusitania",1,2,2,1,-0.0620985778983885
"1233","Mauretania Caesariensis",1,2,2,1,-0.0125963341736971
"1234","Achaia",1,2,2,1,0.0105923725628821
"1235","Apulia et Calabria (Regio II)",1,2,2,1,0.0142247004908028
"1236","Africa Proconsularis",1,2,2,1,0.0170730441171321
"1237","Samnium (Regio IV)",1,2,2,1,0.078972321638611
"1238","Venetia et Histria (Regio X)",1,2,2,1,0.106667972849165
"1239","Baetica",1,2,2,1,0.191153644315666
"1240","Latium et Campania (Regio I)",1,2,2,1,6.09969472513927
"1241","Lugdunensis",1,2,2,2,-0.447204986737349
"1242","Belgica",1,2,2,2,-0.411587712509712
"1243","Raetia",1,2,2,2,-0.391747986995716
"1244","Germania Inferior",1,2,2,2,-0.378959169674639
"1245","Aquitania",1,2,2,2,-0.343048206071935
"1246","Pannonia Superior",1,2,2,2,-0.327421328226306
"1247","Britannia",1,2,2,2,-0.299172557501324
"1248","Narbonensis",1,2,2,2,-0.279793980532071
"1249","Germania Superior",1,2,2,2,-0.274917437272211
"1250","Dacia",1,2,2,2,-0.247973866851579
"1251","Dalmatia",1,2,2,2,-0.230685637226345
"1252","Pannonia Inferior",1,2,2,2,-0.212662722106107
"1253","Moesia Inferior",1,2,2,2,-0.201414152127956
"1254","Transpadana (Regio XI)",1,2,2,2,-0.198684332494426
"1255","Noricum",1,2,2,2,-0.184826795863461
"1256","Moesia Superior",1,2,2,2,-0.1832321974143
"1257","Asia",1,2,2,2,-0.171226885419809
"1258","Liguria (Regio IX)",1,2,2,2,-0.169996737990386
"1259","Aemilia (Regio VIII)",1,2,2,2,-0.167307164118142
"1260","Picenum (Regio V)",1,2,2,2,-0.160171947174368
"1261","Umbria (Regio VI)",1,2,2,2,-0.158897996719139
"1262","Bruttium et Lucania (Regio III)",1,2,2,2,-0.128827644072435
"1263","Numidia",1,2,2,2,-0.116016165786396
"1264","Mauretania Tingitana",1,2,2,2,-0.104630222647632
"1265","Macedonia",1,2,2,2,-0.100664054582793
"1266","Galatia",1,2,2,2,-0.0987890669939066
"1267","Etruria (Regio VII)",1,2,2,2,-0.0984233228559747
"1268","Syria",1,2,2,2,-0.0934917429182709
"1269","Sardinia",1,2,2,2,-0.0891128447919888
"1270","Sicilia",1,2,2,2,-0.0887947976696774
"1271","Hispania Citerior",1,2,2,2,-0.0818830555075476
"1272","Lusitania",1,2,2,2,-0.035044776432337
"1273","Mauretania Caesariensis",1,2,2,2,-0.0128647226253911
"1274","Achaia",1,2,2,2,-0.00246193693858468
"1275","Africa Proconsularis",1,2,2,2,0.00166331765177691
"1276","Apulia et Calabria (Regio II)",1,2,2,2,0.011606572500699
"1277","Samnium (Regio IV)",1,2,2,2,0.0736579029721298
"1278","Venetia et Histria (Regio X)",1,2,2,2,0.120565494037513
"1279","Baetica",1,2,2,2,0.179962219591996
"1280","Latium et Campania (Regio I)",1,2,2,2,6.1044826480961
"1281","Lugdunensis",1,2,2,3,-0.425076129402302
"1282","Belgica",1,2,2,3,-0.391631230143344
"1283","Raetia",1,2,2,3,-0.375669509070474
"1284","Germania Inferior",1,2,2,3,-0.35965155638791
"1285","Aquitania",1,2,2,3,-0.338208205718073
"1286","Pannonia Superior",1,2,2,3,-0.325076639655569
"1287","Britannia",1,2,2,3,-0.296334770687525
"1288","Dacia",1,2,2,3,-0.262334256448467
"1289","Germania Superior",1,2,2,3,-0.251308145685164
"1290","Dalmatia",1,2,2,3,-0.224785151448511
"1291","Pannonia Inferior",1,2,2,3,-0.219134304789625
"1292","Narbonensis",1,2,2,3,-0.216845375171296
"1293","Moesia Inferior",1,2,2,3,-0.208408675482947
"1294","Noricum",1,2,2,3,-0.200543147205818
"1295","Asia",1,2,2,3,-0.200112324279411
"1296","Moesia Superior",1,2,2,3,-0.186585309472664
"1297","Transpadana (Regio XI)",1,2,2,3,-0.184749665633898
"1298","Liguria (Regio IX)",1,2,2,3,-0.168190861266433
"1299","Picenum (Regio V)",1,2,2,3,-0.161991237325477
"1300","Umbria (Regio VI)",1,2,2,3,-0.160022427429908
"1301","Aemilia (Regio VIII)",1,2,2,3,-0.159658005491497
"1302","Bruttium et Lucania (Regio III)",1,2,2,3,-0.137447846627581
"1303","Numidia",1,2,2,3,-0.132319836395366
"1304","Etruria (Regio VII)",1,2,2,3,-0.110857565031135
"1305","Macedonia",1,2,2,3,-0.110090245737284
"1306","Mauretania Tingitana",1,2,2,3,-0.107096421820562
"1307","Galatia",1,2,2,3,-0.105640888061709
"1308","Sicilia",1,2,2,3,-0.101823282235865
"1309","Syria",1,2,2,3,-0.096430200291791
"1310","Sardinia",1,2,2,3,-0.0917238422047502
"1311","Hispania Citerior",1,2,2,3,-0.0810156829761742
"1312","Lusitania",1,2,2,3,-0.0424750039422345
"1313","Africa Proconsularis",1,2,2,3,-0.0384528376626761
"1314","Achaia",1,2,2,3,-0.0171078151388103
"1315","Mauretania Caesariensis",1,2,2,3,-0.0117286128048841
"1316","Apulia et Calabria (Regio II)",1,2,2,3,0.016015350482227
"1317","Samnium (Regio IV)",1,2,2,3,0.040570344252547
"1318","Baetica",1,2,2,3,0.164844254821046
"1319","Venetia et Histria (Regio X)",1,2,2,3,0.169079958053578
"1320","Latium et Campania (Regio I)",1,2,2,3,6.11001710151774
"1321","Lugdunensis",1,2,2,4,-0.414763959397165
"1322","Belgica",1,2,2,4,-0.381631231662852
"1323","Raetia",1,2,2,4,-0.367380932590148
"1324","Germania Inferior",1,2,2,4,-0.356339482179045
"1325","Aquitania",1,2,2,4,-0.334189047848673
"1326","Pannonia Superior",1,2,2,4,-0.329012031340028
"1327","Britannia",1,2,2,4,-0.300817038158791
"1328","Dacia",1,2,2,4,-0.267253131144199
"1329","Germania Superior",1,2,2,4,-0.243619317771212
"1330","Dalmatia",1,2,2,4,-0.225950673852393
"1331","Pannonia Inferior",1,2,2,4,-0.223943804962236
"1332","Asia",1,2,2,4,-0.213111629439768
"1333","Moesia Inferior",1,2,2,4,-0.212420723669891
"1334","Noricum",1,2,2,4,-0.207136386923468
"1335","Narbonensis",1,2,2,4,-0.196857081248483
"1336","Transpadana (Regio XI)",1,2,2,4,-0.180376388969429
"1337","Moesia Superior",1,2,2,4,-0.169579812839582
"1338","Picenum (Regio V)",1,2,2,4,-0.166858506986819
"1339","Liguria (Regio IX)",1,2,2,4,-0.166215304845087
"1340","Aemilia (Regio VIII)",1,2,2,4,-0.157218698708267
"1341","Bruttium et Lucania (Regio III)",1,2,2,4,-0.142678486440254
"1342","Numidia",1,2,2,4,-0.13793953599648
"1343","Umbria (Regio VI)",1,2,2,4,-0.136481930446174
"1344","Etruria (Regio VII)",1,2,2,4,-0.115349655351086
"1345","Macedonia",1,2,2,4,-0.115186994058024
"1346","Mauretania Tingitana",1,2,2,4,-0.111326145187662
"1347","Galatia",1,2,2,4,-0.110763492065886
"1348","Sicilia",1,2,2,4,-0.106331201537079
"1349","Syria",1,2,2,4,-0.100921003268288
"1350","Sardinia",1,2,2,4,-0.0949705195624141
"1351","Hispania Citerior",1,2,2,4,-0.0838530273686326
"1352","Africa Proconsularis",1,2,2,4,-0.0539145892733074
"1353","Lusitania",1,2,2,4,-0.0504535176950068
"1354","Achaia",1,2,2,4,-0.0204475093359048
"1355","Mauretania Caesariensis",1,2,2,4,-0.0107631633048274
"1356","Apulia et Calabria (Regio II)",1,2,2,4,0.0125621945991314
"1357","Samnium (Regio IV)",1,2,2,4,0.0367129576253357
"1358","Baetica",1,2,2,4,0.169425648873276
"1359","Venetia et Histria (Regio X)",1,2,2,4,0.175858564141035
"1360","Latium et Campania (Regio I)",1,2,2,4,6.11149659018978
"1361","Lugdunensis",1,2,2,5,-0.414763959397162
"1362","Belgica",1,2,2,5,-0.381631231662865
"1363","Raetia",1,2,2,5,-0.367380932590145
"1364","Germania Inferior",1,2,2,5,-0.356339482179043
"1365","Aquitania",1,2,2,5,-0.334189047848673
"1366","Pannonia Superior",1,2,2,5,-0.329012031340028
"1367","Britannia",1,2,2,5,-0.300817038158793
"1368","Dacia",1,2,2,5,-0.267253131144199
"1369","Germania Superior",1,2,2,5,-0.243619317771209
"1370","Dalmatia",1,2,2,5,-0.225950673852395
"1371","Pannonia Inferior",1,2,2,5,-0.223943804962236
"1372","Asia",1,2,2,5,-0.213111629439775
"1373","Moesia Inferior",1,2,2,5,-0.21242072366989
"1374","Noricum",1,2,2,5,-0.207136386923468
"1375","Narbonensis",1,2,2,5,-0.19685708124848
"1376","Transpadana (Regio XI)",1,2,2,5,-0.180376388969429
"1377","Moesia Superior",1,2,2,5,-0.169579812839582
"1378","Picenum (Regio V)",1,2,2,5,-0.166858506986819
"1379","Liguria (Regio IX)",1,2,2,5,-0.166215304845086
"1380","Aemilia (Regio VIII)",1,2,2,5,-0.157218698708267
"1381","Bruttium et Lucania (Regio III)",1,2,2,5,-0.142678486440254
"1382","Numidia",1,2,2,5,-0.137939535996481
"1383","Umbria (Regio VI)",1,2,2,5,-0.136481930446173
"1384","Etruria (Regio VII)",1,2,2,5,-0.115349655351086
"1385","Macedonia",1,2,2,5,-0.115186994058024
"1386","Mauretania Tingitana",1,2,2,5,-0.111326145187661
"1387","Galatia",1,2,2,5,-0.110763492065884
"1388","Sicilia",1,2,2,5,-0.10633120153708
"1389","Syria",1,2,2,5,-0.100921003268283
"1390","Sardinia",1,2,2,5,-0.0949705195624125
"1391","Hispania Citerior",1,2,2,5,-0.0838530273686337
"1392","Africa Proconsularis",1,2,2,5,-0.0539145892733093
"1393","Lusitania",1,2,2,5,-0.0504535176950081
"1394","Achaia",1,2,2,5,-0.0204475093359045
"1395","Mauretania Caesariensis",1,2,2,5,-0.0107631633048276
"1396","Apulia et Calabria (Regio II)",1,2,2,5,0.0125621945991347
"1397","Samnium (Regio IV)",1,2,2,5,0.0367129576253341
"1398","Baetica",1,2,2,5,0.169425648873275
"1399","Venetia et Histria (Regio X)",1,2,2,5,0.175858564141039
"1400","Latium et Campania (Regio I)",1,2,2,5,6.11149659018978
"1401","Belgica",1,2,3,1,-0.500061223007803
"1402","Lugdunensis",1,2,3,1,-0.457626843649322
"1403","Raetia",1,2,3,1,-0.416304952618264
"1404","Germania Inferior",1,2,3,1,-0.416230447011068
"1405","Aquitania",1,2,3,1,-0.358063286017431
"1406","Pannonia Superior",1,2,3,1,-0.332301563084153
"1407","Britannia",1,2,3,1,-0.316701692685505
"1408","Narbonensis",1,2,3,1,-0.305149765599652
"1409","Germania Superior",1,2,3,1,-0.304028464727978
"1410","Dalmatia",1,2,3,1,-0.2497872604981
"1411","Dacia",1,2,3,1,-0.239894193418856
"1412","Pannonia Inferior",1,2,3,1,-0.202983777467102
"1413","Transpadana (Regio XI)",1,2,3,1,-0.201719318302364
"1414","Moesia Inferior",1,2,3,1,-0.196957796975427
"1415","Noricum",1,2,3,1,-0.182521595107075
"1416","Moesia Superior",1,2,3,1,-0.181681007590541
"1417","Aemilia (Regio VIII)",1,2,3,1,-0.169291862261083
"1418","Liguria (Regio IX)",1,2,3,1,-0.166192002603025
"1419","Picenum (Regio V)",1,2,3,1,-0.150277368105698
"1420","Umbria (Regio VI)",1,2,3,1,-0.148272989756801
"1421","Asia",1,2,3,1,-0.122225928015247
"1422","Bruttium et Lucania (Regio III)",1,2,3,1,-0.117732320754374
"1423","Mauretania Tingitana",1,2,3,1,-0.103637566066925
"1424","Galatia",1,2,3,1,-0.0920138774380115
"1425","Syria",1,2,3,1,-0.0895980065263471
"1426","Sardinia",1,2,3,1,-0.0881021027135007
"1427","Numidia",1,2,3,1,-0.0866584697123653
"1428","Macedonia",1,2,3,1,-0.0862872025933502
"1429","Hispania Citerior",1,2,3,1,-0.0823165758445304
"1430","Etruria (Regio VII)",1,2,3,1,-0.0718286610181435
"1431","Sicilia",1,2,3,1,-0.0668097116736039
"1432","Lusitania",1,2,3,1,-0.0570694269818755
"1433","Mauretania Caesariensis",1,2,3,1,-0.0120214442501629
"1434","Apulia et Calabria (Regio II)",1,2,3,1,0.0107431919432843
"1435","Achaia",1,2,3,1,0.0179582218151699
"1436","Africa Proconsularis",1,2,3,1,0.0370597349957221
"1437","Samnium (Regio IV)",1,2,3,1,0.0907117573546813
"1438","Venetia et Histria (Regio X)",1,2,3,1,0.113703943561112
"1439","Baetica",1,2,3,1,0.211573118057386
"1440","Latium et Campania (Regio I)",1,2,3,1,6.09059873634833
"1441","Lugdunensis",1,2,3,2,-0.427609720887332
"1442","Belgica",1,2,3,2,-0.411984570867053
"1443","Raetia",1,2,3,2,-0.391340993628598
"1444","Germania Inferior",1,2,3,2,-0.377683154320596
"1445","Aquitania",1,2,3,2,-0.344989064895174
"1446","Pannonia Superior",1,2,3,2,-0.325834138406102
"1447","Britannia",1,2,3,2,-0.299784000529403
"1448","Narbonensis",1,2,3,2,-0.278190437255125
"1449","Germania Superior",1,2,3,2,-0.273296319477081
"1450","Dacia",1,2,3,2,-0.247137273071172
"1451","Dalmatia",1,2,3,2,-0.228072495629142
"1452","Pannonia Inferior",1,2,3,2,-0.211597491056778
"1453","Moesia Inferior",1,2,3,2,-0.201645983642207
"1454","Transpadana (Regio XI)",1,2,3,2,-0.196669080600919
"1455","Noricum",1,2,3,2,-0.1841882422615
"1456","Moesia Superior",1,2,3,2,-0.183010699336194
"1457","Asia",1,2,3,2,-0.177155352378621
"1458","Liguria (Regio IX)",1,2,3,2,-0.170223329878037
"1459","Aemilia (Regio VIII)",1,2,3,2,-0.16558795126095
"1460","Umbria (Regio VI)",1,2,3,2,-0.164575712005651
"1461","Picenum (Regio V)",1,2,3,2,-0.160720240737863
"1462","Bruttium et Lucania (Regio III)",1,2,3,2,-0.130412051015935
"1463","Numidia",1,2,3,2,-0.111327291957857
"1464","Mauretania Tingitana",1,2,3,2,-0.104973838900705
"1465","Macedonia",1,2,3,2,-0.103210805663076
"1466","Galatia",1,2,3,2,-0.0999276335691153
"1467","Etruria (Regio VII)",1,2,3,2,-0.0998896812364648
"1468","Syria",1,2,3,2,-0.095250515131869
"1469","Sicilia",1,2,3,2,-0.0918602241515325
"1470","Sardinia",1,2,3,2,-0.089038483296455
"1471","Hispania Citerior",1,2,3,2,-0.082714625748263
"1472","Lusitania",1,2,3,2,-0.0359020857533907
"1473","Mauretania Caesariensis",1,2,3,2,-0.0139231993949817
"1474","Africa Proconsularis",1,2,3,2,-0.00511320256425074
"1475","Achaia",1,2,3,2,-0.00491647289416949
"1476","Apulia et Calabria (Regio II)",1,2,3,2,0.0112560988256775
"1477","Samnium (Regio IV)",1,2,3,2,0.0713344404386632
"1478","Venetia et Histria (Regio X)",1,2,3,2,0.124935841471667
"1479","Baetica",1,2,3,2,0.176297331477316
"1480","Latium et Campania (Regio I)",1,2,3,2,6.10593265119024
"1481","Lugdunensis",1,2,3,3,-0.431297690834394
"1482","Belgica",1,2,3,3,-0.401496386268918
"1483","Raetia",1,2,3,3,-0.381002815930333
"1484","Germania Inferior",1,2,3,3,-0.365293362123061
"1485","Aquitania",1,2,3,3,-0.341194105498238
"1486","Pannonia Superior",1,2,3,3,-0.324373711909574
"1487","Britannia",1,2,3,3,-0.296735688369283
"1488","Narbonensis",1,2,3,3,-0.259478372728604
"1489","Dacia",1,2,3,3,-0.259397088540856
"1490","Germania Superior",1,2,3,3,-0.25590292316218
"1491","Dalmatia",1,2,3,3,-0.227631551993529
"1492","Pannonia Inferior",1,2,3,3,-0.215845774624443
"1493","Moesia Inferior",1,2,3,3,-0.206811101575795
"1494","Noricum",1,2,3,3,-0.198314831505531
"1495","Asia",1,2,3,3,-0.194716363478824
"1496","Moesia Superior",1,2,3,3,-0.186585793691377
"1497","Transpadana (Regio XI)",1,2,3,3,-0.185289075318011
"1498","Liguria (Regio IX)",1,2,3,3,-0.167491486433606
"1499","Picenum (Regio V)",1,2,3,3,-0.161020811890152
"1500","Aemilia (Regio VIII)",1,2,3,3,-0.159447401139282
"1501","Umbria (Regio VI)",1,2,3,3,-0.14055588732979
"1502","Bruttium et Lucania (Regio III)",1,2,3,3,-0.134041244426745
"1503","Numidia",1,2,3,3,-0.127540332589698
"1504","Macedonia",1,2,3,3,-0.107621991066737
"1505","Etruria (Regio VII)",1,2,3,3,-0.107600362664809
"1506","Mauretania Tingitana",1,2,3,3,-0.106242631762549
"1507","Galatia",1,2,3,3,-0.103624178427463
"1508","Sicilia",1,2,3,3,-0.0984108892441514
"1509","Syria",1,2,3,3,-0.0965036135394938
"1510","Sardinia",1,2,3,3,-0.091166464139069
"1511","Hispania Citerior",1,2,3,3,-0.0815370114720761
"1512","Lusitania",1,2,3,3,-0.0388845595410922
"1513","Africa Proconsularis",1,2,3,3,-0.023936106949515
"1514","Achaia",1,2,3,3,-0.0145165495956563
"1515","Mauretania Caesariensis",1,2,3,3,-0.0117283967035592
"1516","Apulia et Calabria (Regio II)",1,2,3,3,0.015773764374594
"1517","Samnium (Regio IV)",1,2,3,3,0.0433384955250059
"1518","Baetica",1,2,3,3,0.166539970234348
"1519","Venetia et Histria (Regio X)",1,2,3,3,0.169957104648311
"1520","Latium et Campania (Regio I)",1,2,3,3,6.10762722168614
"1521","Lugdunensis",1,2,3,4,-0.428074298295999
"1522","Belgica",1,2,3,4,-0.396569229029671
"1523","Raetia",1,2,3,4,-0.378524903714708
"1524","Germania Inferior",1,2,3,4,-0.361771675233569
"1525","Aquitania",1,2,3,4,-0.341427164977242
"1526","Pannonia Superior",1,2,3,4,-0.323489324403754
"1527","Britannia",1,2,3,4,-0.295562132515923
"1528","Dacia",1,2,3,4,-0.259662989126584
"1529","Narbonensis",1,2,3,4,-0.255875015425612
"1530","Germania Superior",1,2,3,4,-0.252647973010687
"1531","Dalmatia",1,2,3,4,-0.225519310303319
"1532","Pannonia Inferior",1,2,3,4,-0.215926006770376
"1533","Moesia Inferior",1,2,3,4,-0.206634689981914
"1534","Asia",1,2,3,4,-0.198744348913913
"1535","Noricum",1,2,3,4,-0.198456763642076
"1536","Transpadana (Regio XI)",1,2,3,4,-0.188651443012378
"1537","Moesia Superior",1,2,3,4,-0.186130450709503
"1538","Liguria (Regio IX)",1,2,3,4,-0.168706495419149
"1539","Picenum (Regio V)",1,2,3,4,-0.161372616053433
"1540","Aemilia (Regio VIII)",1,2,3,4,-0.158792167506512
"1541","Umbria (Regio VI)",1,2,3,4,-0.140963013365175
"1542","Bruttium et Lucania (Regio III)",1,2,3,4,-0.135009753583594
"1543","Numidia",1,2,3,4,-0.128203181411837
"1544","Etruria (Regio VII)",1,2,3,4,-0.109776650384648
"1545","Macedonia",1,2,3,4,-0.108511625361715
"1546","Mauretania Tingitana",1,2,3,4,-0.106314422055459
"1547","Galatia",1,2,3,4,-0.104158750300902
"1548","Sicilia",1,2,3,4,-0.100747570754254
"1549","Syria",1,2,3,4,-0.0968829977027415
"1550","Sardinia",1,2,3,4,-0.0911640629590158
"1551","Hispania Citerior",1,2,3,4,-0.0814986569028039
"1552","Lusitania",1,2,3,4,-0.0390957787186133
"1553","Africa Proconsularis",1,2,3,4,-0.0315630947067757
"1554","Achaia",1,2,3,4,-0.0156022125895524
"1555","Mauretania Caesariensis",1,2,3,4,-0.0117369175604107
"1556","Apulia et Calabria (Regio II)",1,2,3,4,0.0167102119787935
"1557","Samnium (Regio IV)",1,2,3,4,0.0431384179735228
"1558","Baetica",1,2,3,4,0.163927496956242
"1559","Venetia et Histria (Regio X)",1,2,3,4,0.171415378760941
"1560","Latium et Campania (Regio I)",1,2,3,4,6.10857618073432
"1561","Lugdunensis",1,2,3,5,-0.452122686222165
"1562","Raetia",1,2,3,5,-0.400851472481574
"1563","Belgica",1,2,3,5,-0.394586888601834
"1564","Germania Inferior",1,2,3,5,-0.39170444944894
"1565","Aquitania",1,2,3,5,-0.35307810692126
"1566","Pannonia Superior",1,2,3,5,-0.331756991674148
"1567","Britannia",1,2,3,5,-0.305673614357398
"1568","Germania Superior",1,2,3,5,-0.278590821411558
"1569","Narbonensis",1,2,3,5,-0.27817763779302
"1570","Dacia",1,2,3,5,-0.259886061407755
"1571","Dalmatia",1,2,3,5,-0.243505972389026
"1572","Pannonia Inferior",1,2,3,5,-0.217694796790144
"1573","Moesia Inferior",1,2,3,5,-0.210326623613683
"1574","Noricum",1,2,3,5,-0.201583397922249
"1575","Transpadana (Regio XI)",1,2,3,5,-0.198160247195687
"1576","Asia",1,2,3,5,-0.180650710119124
"1577","Moesia Superior",1,2,3,5,-0.173984569629666
"1578","Liguria (Regio IX)",1,2,3,5,-0.170275254282629
"1579","Aemilia (Regio VIII)",1,2,3,5,-0.165193023493744
"1580","Picenum (Regio V)",1,2,3,5,-0.159904176241112
"1581","Bruttium et Lucania (Regio III)",1,2,3,5,-0.130443625479919
"1582","Umbria (Regio VI)",1,2,3,5,-0.12926713059312
"1583","Numidia",1,2,3,5,-0.109100322307795
"1584","Mauretania Tingitana",1,2,3,5,-0.107720195076344
"1585","Etruria (Regio VII)",1,2,3,5,-0.105322403842715
"1586","Galatia",1,2,3,5,-0.101876562094467
"1587","Macedonia",1,2,3,5,-0.100699516134387
"1588","Syria",1,2,3,5,-0.097838345218286
"1589","Sardinia",1,2,3,5,-0.0927153954551478
"1590","Sicilia",1,2,3,5,-0.0800015865929556
"1591","Hispania Citerior",1,2,3,5,-0.0734663685028442
"1592","Lusitania",1,2,3,5,-0.0408348934567719
"1593","Mauretania Caesariensis",1,2,3,5,-0.00914548482859775
"1594","Achaia",1,2,3,5,-0.00744774227072425
"1595","Apulia et Calabria (Regio II)",1,2,3,5,0.00622295527466597
"1596","Africa Proconsularis",1,2,3,5,0.0118553142196133
"1597","Samnium (Regio IV)",1,2,3,5,0.0596401497738571
"1598","Venetia et Histria (Regio X)",1,2,3,5,0.159440627098654
"1599","Baetica",1,2,3,5,0.217033747787723
"1600","Latium et Campania (Regio I)",1,2,3,5,6.09939427969628
"1601","Lugdunensis",1,2,4,1,-0.466423373421017
"1602","Belgica",1,2,4,1,-0.465706962924418
"1603","Raetia",1,2,4,1,-0.424459439043291
"1604","Germania Inferior",1,2,4,1,-0.414903420699048
"1605","Aquitania",1,2,4,1,-0.358887353429778
"1606","Pannonia Superior",1,2,4,1,-0.327333197471206
"1607","Britannia",1,2,4,1,-0.31751944202949
"1608","Germania Superior",1,2,4,1,-0.312553024515477
"1609","Narbonensis",1,2,4,1,-0.311379239409247
"1610","Dalmatia",1,2,4,1,-0.251158928574881
"1611","Dacia",1,2,4,1,-0.242596561289292
"1612","Transpadana (Regio XI)",1,2,4,1,-0.211358275824972
"1613","Pannonia Inferior",1,2,4,1,-0.202893534528224
"1614","Moesia Inferior",1,2,4,1,-0.196925957390469
"1615","Noricum",1,2,4,1,-0.183844912941587
"1616","Moesia Superior",1,2,4,1,-0.177684910278102
"1617","Aemilia (Regio VIII)",1,2,4,1,-0.173248190311049
"1618","Liguria (Regio IX)",1,2,4,1,-0.172173211297377
"1619","Umbria (Regio VI)",1,2,4,1,-0.166390671970835
"1620","Picenum (Regio V)",1,2,4,1,-0.15390887592301
"1621","Asia",1,2,4,1,-0.118047576251556
"1622","Bruttium et Lucania (Regio III)",1,2,4,1,-0.113006297081415
"1623","Mauretania Tingitana",1,2,4,1,-0.102956484504822
"1624","Galatia",1,2,4,1,-0.0914672332156646
"1625","Syria",1,2,4,1,-0.0910911042145585
"1626","Macedonia",1,2,4,1,-0.0869118172524427
"1627","Hispania Citerior",1,2,4,1,-0.0838556625098776
"1628","Sardinia",1,2,4,1,-0.081952978784292
"1629","Numidia",1,2,4,1,-0.0778874928272327
"1630","Etruria (Regio VII)",1,2,4,1,-0.0765765602915248
"1631","Sicilia",1,2,4,1,-0.0679836570151939
"1632","Lusitania",1,2,4,1,-0.0423912288474604
"1633","Mauretania Caesariensis",1,2,4,1,-0.0113467929413915
"1634","Apulia et Calabria (Regio II)",1,2,4,1,0.00309656828936959
"1635","Achaia",1,2,4,1,0.0182934237377293
"1636","Africa Proconsularis",1,2,4,1,0.0510885212878544
"1637","Samnium (Regio IV)",1,2,4,1,0.0897462302168171
"1638","Venetia et Histria (Regio X)",1,2,4,1,0.106964180647896
"1639","Baetica",1,2,4,1,0.21702043022432
"1640","Latium et Campania (Regio I)",1,2,4,1,6.09061501460622
"1641","Lugdunensis",1,2,4,2,-0.461250931793479
"1642","Belgica",1,2,4,2,-0.460381865738519
"1643","Raetia",1,2,4,2,-0.421711812972012
"1644","Germania Inferior",1,2,4,2,-0.405836467080725
"1645","Aquitania",1,2,4,2,-0.357780008214572
"1646","Pannonia Superior",1,2,4,2,-0.323303318262274
"1647","Britannia",1,2,4,2,-0.314488669886596
"1648","Narbonensis",1,2,4,2,-0.302773322046556
"1649","Germania Superior",1,2,4,2,-0.302141396248004
"1650","Dalmatia",1,2,4,2,-0.248859023112084
"1651","Dacia",1,2,4,2,-0.240317145533301
"1652","Transpadana (Regio XI)",1,2,4,2,-0.205495445538622
"1653","Pannonia Inferior",1,2,4,2,-0.203424540222879
"1654","Moesia Inferior",1,2,4,2,-0.200294336841055
"1655","Moesia Superior",1,2,4,2,-0.180758781509938
"1656","Noricum",1,2,4,2,-0.179706848520115
"1657","Liguria (Regio IX)",1,2,4,2,-0.170841295166106
"1658","Aemilia (Regio VIII)",1,2,4,2,-0.166393618751757
"1659","Picenum (Regio V)",1,2,4,2,-0.153558140461297
"1660","Umbria (Regio VI)",1,2,4,2,-0.145822922546193
"1661","Asia",1,2,4,2,-0.139999301574848
"1662","Bruttium et Lucania (Regio III)",1,2,4,2,-0.11581422706468
"1663","Mauretania Tingitana",1,2,4,2,-0.103284115768059
"1664","Macedonia",1,2,4,2,-0.0956505922804112
"1665","Galatia",1,2,4,2,-0.0937218212915586
"1666","Syria",1,2,4,2,-0.0914659082968059
"1667","Etruria (Regio VII)",1,2,4,2,-0.0874144950255928
"1668","Numidia",1,2,4,2,-0.0858317208434879
"1669","Sardinia",1,2,4,2,-0.0826816531124488
"1670","Hispania Citerior",1,2,4,2,-0.0824407130303011
"1671","Sicilia",1,2,4,2,-0.0761822801945409
"1672","Lusitania",1,2,4,2,-0.0173138002197251
"1673","Mauretania Caesariensis",1,2,4,2,-0.0150335713556446
"1674","Apulia et Calabria (Regio II)",1,2,4,2,0.00401869631184768
"1675","Achaia",1,2,4,2,0.00540758918023042
"1676","Africa Proconsularis",1,2,4,2,0.0407107926919667
"1677","Samnium (Regio IV)",1,2,4,2,0.0605436831403717
"1678","Venetia et Histria (Regio X)",1,2,4,2,0.121335799043761
"1679","Baetica",1,2,4,2,0.205620929826176
"1680","Latium et Campania (Regio I)",1,2,4,2,6.09433660030983
"1681","Lugdunensis",1,2,4,3,-0.409783462199356
"1682","Raetia",1,2,4,3,-0.374581322706092
"1683","Germania Inferior",1,2,4,3,-0.356091508458077
"1684","Belgica",1,2,4,3,-0.350080229252715
"1685","Aquitania",1,2,4,3,-0.340534707072979
"1686","Pannonia Superior",1,2,4,3,-0.321698713893142
"1687","Britannia",1,2,4,3,-0.29264347876921
"1688","Dacia",1,2,4,3,-0.260835826210695
"1689","Narbonensis",1,2,4,3,-0.254493999289663
"1690","Germania Superior",1,2,4,3,-0.250720229627438
"1691","Dalmatia",1,2,4,3,-0.217827374758778
"1692","Pannonia Inferior",1,2,4,3,-0.217117593489745
"1693","Asia",1,2,4,3,-0.207299119310315
"1694","Moesia Inferior",1,2,4,3,-0.207223771427852
"1695","Noricum",1,2,4,3,-0.199627634472974
"1696","Transpadana (Regio XI)",1,2,4,3,-0.188144548934787
"1697","Moesia Superior",1,2,4,3,-0.186840576354478
"1698","Liguria (Regio IX)",1,2,4,3,-0.169696045060538
"1699","Picenum (Regio V)",1,2,4,3,-0.164224912432398
"1700","Aemilia (Regio VIII)",1,2,4,3,-0.160357403980548
"1701","Umbria (Regio VI)",1,2,4,3,-0.1590664183137
"1702","Bruttium et Lucania (Regio III)",1,2,4,3,-0.138898737399168
"1703","Numidia",1,2,4,3,-0.13407172653956
"1704","Etruria (Regio VII)",1,2,4,3,-0.114818488552754
"1705","Macedonia",1,2,4,3,-0.111374532890231
"1706","Mauretania Tingitana",1,2,4,3,-0.106493566628058
"1707","Galatia",1,2,4,3,-0.105889645497949
"1708","Sicilia",1,2,4,3,-0.104107625832276
"1709","Syria",1,2,4,3,-0.09783975493957
"1710","Sardinia",1,2,4,3,-0.0921426558024141
"1711","Hispania Citerior",1,2,4,3,-0.0847011920352924
"1712","Lusitania",1,2,4,3,-0.0428917896981991
"1713","Africa Proconsularis",1,2,4,3,-0.0384451933082668
"1714","Achaia",1,2,4,3,-0.0189464102302056
"1715","Mauretania Caesariensis",1,2,4,3,-0.0119314489450734
"1716","Apulia et Calabria (Regio II)",1,2,4,3,0.0119569566478855
"1717","Samnium (Regio IV)",1,2,4,3,0.0395402262266436
"1718","Baetica",1,2,4,3,0.158035262481871
"1719","Venetia et Histria (Regio X)",1,2,4,3,0.16933642191534
"1720","Latium et Campania (Regio I)",1,2,4,3,6.11257277704276
"1721","Lugdunensis",1,2,4,4,-0.432579094162893
"1722","Raetia",1,2,4,4,-0.395055702162877
"1723","Belgica",1,2,4,4,-0.383416775250423
"1724","Germania Inferior",1,2,4,4,-0.381113591936991
"1725","Aquitania",1,2,4,4,-0.350526783726255
"1726","Pannonia Superior",1,2,4,4,-0.326050986812321
"1727","Britannia",1,2,4,4,-0.300246604720416
"1728","Narbonensis",1,2,4,4,-0.27428991433116
"1729","Germania Superior",1,2,4,4,-0.271662458261508
"1730","Dacia",1,2,4,4,-0.259567728675833
"1731","Dalmatia",1,2,4,4,-0.233403880533889
"1732","Pannonia Inferior",1,2,4,4,-0.215371935816741
"1733","Moesia Inferior",1,2,4,4,-0.208295262663833
"1734","Noricum",1,2,4,4,-0.197938486633271
"1735","Transpadana (Regio XI)",1,2,4,4,-0.196001345218808
"1736","Asia",1,2,4,4,-0.190306001986841
"1737","Moesia Superior",1,2,4,4,-0.189280178586936
"1738","Liguria (Regio IX)",1,2,4,4,-0.169650236152992
"1739","Aemilia (Regio VIII)",1,2,4,4,-0.160415276681307
"1740","Picenum (Regio V)",1,2,4,4,-0.16028500034228
"1741","Umbria (Regio VI)",1,2,4,4,-0.14292088318326
"1742","Bruttium et Lucania (Regio III)",1,2,4,4,-0.131611514869773
"1743","Numidia",1,2,4,4,-0.113144254965454
"1744","Etruria (Regio VII)",1,2,4,4,-0.107110769537048
"1745","Mauretania Tingitana",1,2,4,4,-0.105922132333279
"1746","Macedonia",1,2,4,4,-0.105149077844234
"1747","Galatia",1,2,4,4,-0.101676909843212
"1748","Syria",1,2,4,4,-0.0958080037215514
"1749","Sardinia",1,2,4,4,-0.091234558536692
"1750","Sicilia",1,2,4,4,-0.083902899534866
"1751","Hispania Citerior",1,2,4,4,-0.0719201828633044
"1752","Lusitania",1,2,4,4,-0.0385120890690105
"1753","Achaia",1,2,4,4,-0.0117325043740891
"1754","Mauretania Caesariensis",1,2,4,4,-0.0106304132442319
"1755","Africa Proconsularis",1,2,4,4,-0.000462448185992778
"1756","Apulia et Calabria (Regio II)",1,2,4,4,0.010464587657486
"1757","Samnium (Regio IV)",1,2,4,4,0.0595786562261912
"1758","Venetia et Histria (Regio X)",1,2,4,4,0.163950973386377
"1759","Baetica",1,2,4,4,0.16830464061219
"1760","Latium et Campania (Regio I)",1,2,4,4,6.10489702888133
"1761","Lugdunensis",1,2,4,5,-0.432579094162898
"1762","Raetia",1,2,4,5,-0.39505570216288
"1763","Belgica",1,2,4,5,-0.38341677525043
"1764","Germania Inferior",1,2,4,5,-0.381113591936993
"1765","Aquitania",1,2,4,5,-0.350526783726258
"1766","Pannonia Superior",1,2,4,5,-0.32605098681232
"1767","Britannia",1,2,4,5,-0.300246604720417
"1768","Narbonensis",1,2,4,5,-0.274289914331161
"1769","Germania Superior",1,2,4,5,-0.27166245826151
"1770","Dacia",1,2,4,5,-0.259567728675831
"1771","Dalmatia",1,2,4,5,-0.233403880533889
"1772","Pannonia Inferior",1,2,4,5,-0.21537193581674
"1773","Moesia Inferior",1,2,4,5,-0.208295262663833
"1774","Noricum",1,2,4,5,-0.19793848663327
"1775","Transpadana (Regio XI)",1,2,4,5,-0.196001345218806
"1776","Asia",1,2,4,5,-0.190306001986837
"1777","Moesia Superior",1,2,4,5,-0.189280178586937
"1778","Liguria (Regio IX)",1,2,4,5,-0.169650236152991
"1779","Aemilia (Regio VIII)",1,2,4,5,-0.160415276681308
"1780","Picenum (Regio V)",1,2,4,5,-0.16028500034228
"1781","Umbria (Regio VI)",1,2,4,5,-0.142920883183258
"1782","Bruttium et Lucania (Regio III)",1,2,4,5,-0.131611514869773
"1783","Numidia",1,2,4,5,-0.113144254965451
"1784","Etruria (Regio VII)",1,2,4,5,-0.107110769537045
"1785","Mauretania Tingitana",1,2,4,5,-0.10592213233328
"1786","Macedonia",1,2,4,5,-0.105149077844234
"1787","Galatia",1,2,4,5,-0.101676909843212
"1788","Syria",1,2,4,5,-0.0958080037215538
"1789","Sardinia",1,2,4,5,-0.0912345585366933
"1790","Sicilia",1,2,4,5,-0.0839028995348655
"1791","Hispania Citerior",1,2,4,5,-0.0719201828633032
"1792","Lusitania",1,2,4,5,-0.0385120890690083
"1793","Achaia",1,2,4,5,-0.0117325043740886
"1794","Mauretania Caesariensis",1,2,4,5,-0.0106304132442324
"1795","Africa Proconsularis",1,2,4,5,-0.000462448185989466
"1796","Apulia et Calabria (Regio II)",1,2,4,5,0.0104645876574873
"1797","Samnium (Regio IV)",1,2,4,5,0.0595786562261913
"1798","Venetia et Histria (Regio X)",1,2,4,5,0.163950973386379
"1799","Baetica",1,2,4,5,0.168304640612192
"1800","Latium et Campania (Regio I)",1,2,4,5,6.10489702888133
"1801","Belgica",1,2,5,1,-0.485989518936565
"1802","Lugdunensis",1,2,5,1,-0.476195320711399
"1803","Raetia",1,2,5,1,-0.433115429442585
"1804","Germania Inferior",1,2,5,1,-0.426784298780083
"1805","Aquitania",1,2,5,1,-0.364287001054475
"1806","Pannonia Superior",1,2,5,1,-0.330099088932926
"1807","Britannia",1,2,5,1,-0.322796961485916
"1808","Germania Superior",1,2,5,1,-0.322168740493962
"1809","Narbonensis",1,2,5,1,-0.318383562605
"1810","Dalmatia",1,2,5,1,-0.259496332663409
"1811","Dacia",1,2,5,1,-0.238455260475836
"1812","Transpadana (Regio XI)",1,2,5,1,-0.21157196563746
"1813","Pannonia Inferior",1,2,5,1,-0.199435718715306
"1814","Moesia Inferior",1,2,5,1,-0.197575484472337
"1815","Noricum",1,2,5,1,-0.183573537432719
"1816","Moesia Superior",1,2,5,1,-0.178884462580365
"1817","Aemilia (Regio VIII)",1,2,5,1,-0.171477253823056
"1818","Liguria (Regio IX)",1,2,5,1,-0.171189406726919
"1819","Picenum (Regio V)",1,2,5,1,-0.150978251276889
"1820","Umbria (Regio VI)",1,2,5,1,-0.136356674522164
"1821","Asia",1,2,5,1,-0.110254317050498
"1822","Bruttium et Lucania (Regio III)",1,2,5,1,-0.109730667982889
"1823","Mauretania Tingitana",1,2,5,1,-0.103151210349211
"1824","Galatia",1,2,5,1,-0.0897511023858327
"1825","Syria",1,2,5,1,-0.0893946062797763
"1826","Hispania Citerior",1,2,5,1,-0.0844515014012271
"1827","Macedonia",1,2,5,1,-0.0842626965116784
"1828","Sardinia",1,2,5,1,-0.0826852407673859
"1829","Etruria (Regio VII)",1,2,5,1,-0.0787141760764717
"1830","Numidia",1,2,5,1,-0.0715963515933922
"1831","Sicilia",1,2,5,1,-0.0640833259649548
"1832","Lusitania",1,2,5,1,-0.0437626497953472
"1833","Mauretania Caesariensis",1,2,5,1,-0.0101230087800861
"1834","Apulia et Calabria (Regio II)",1,2,5,1,0.00290623199520884
"1835","Achaia",1,2,5,1,0.0216624044525231
"1836","Africa Proconsularis",1,2,5,1,0.0623961355331752
"1837","Samnium (Regio IV)",1,2,5,1,0.0949412767513567
"1838","Venetia et Histria (Regio X)",1,2,5,1,0.108267785647692
"1839","Baetica",1,2,5,1,0.224740135021488
"1840","Latium et Campania (Regio I)",1,2,5,1,6.08586115630668
"1841","Belgica",1,2,5,2,-0.472448530126042
"1842","Lugdunensis",1,2,5,2,-0.46778283740835
"1843","Raetia",1,2,5,2,-0.426994471400036
"1844","Germania Inferior",1,2,5,2,-0.413542244797761
"1845","Aquitania",1,2,5,2,-0.361150523982916
"1846","Pannonia Superior",1,2,5,2,-0.324911975876444
"1847","Britannia",1,2,5,2,-0.318571833730673
"1848","Narbonensis",1,2,5,2,-0.310774877669636
"1849","Germania Superior",1,2,5,2,-0.309737669554781
"1850","Dalmatia",1,2,5,2,-0.248588546071829
"1851","Dacia",1,2,5,2,-0.24016492280293
"1852","Transpadana (Regio XI)",1,2,5,2,-0.208128864471075
"1853","Pannonia Inferior",1,2,5,2,-0.199772540646802
"1854","Moesia Inferior",1,2,5,2,-0.194929967316441
"1855","Noricum",1,2,5,2,-0.1803836935177
"1856","Moesia Superior",1,2,5,2,-0.177869838081955
"1857","Liguria (Regio IX)",1,2,5,2,-0.170373189568632
"1858","Aemilia (Regio VIII)",1,2,5,2,-0.168271670363506
"1859","Picenum (Regio V)",1,2,5,2,-0.152709929554075
"1860","Umbria (Regio VI)",1,2,5,2,-0.144758444102288
"1861","Asia",1,2,5,2,-0.126585668792895
"1862","Bruttium et Lucania (Regio III)",1,2,5,2,-0.113774641121395
"1863","Mauretania Tingitana",1,2,5,2,-0.103161518361391
"1864","Macedonia",1,2,5,2,-0.0934617218031425
"1865","Galatia",1,2,5,2,-0.0926509338460779
"1866","Syria",1,2,5,2,-0.0911816689966092
"1867","Hispania Citerior",1,2,5,2,-0.0832665454980173
"1868","Sardinia",1,2,5,2,-0.0825391722785483
"1869","Etruria (Regio VII)",1,2,5,2,-0.080179756348583
"1870","Numidia",1,2,5,2,-0.079309300408164
"1871","Sicilia",1,2,5,2,-0.0727782982078586
"1872","Lusitania",1,2,5,2,-0.0172013978394322
"1873","Mauretania Caesariensis",1,2,5,2,-0.0145053017381483
"1874","Apulia et Calabria (Regio II)",1,2,5,2,0.0019120398751936
"1875","Achaia",1,2,5,2,0.0123935356446611
"1876","Africa Proconsularis",1,2,5,2,0.0468097068783705
"1877","Samnium (Regio IV)",1,2,5,2,0.062423916155642
"1878","Venetia et Histria (Regio X)",1,2,5,2,0.118388086389006
"1879","Baetica",1,2,5,2,0.209010411429932
"1880","Latium et Campania (Regio I)",1,2,5,2,6.09152479991133
"1881","Lugdunensis",1,2,5,3,-0.452571726912995
"1882","Belgica",1,2,5,3,-0.446729875429579
"1883","Raetia",1,2,5,3,-0.413443166691221
"1884","Germania Inferior",1,2,5,3,-0.396399699726433
"1885","Aquitania",1,2,5,3,-0.355300772603381
"1886","Pannonia Superior",1,2,5,3,-0.322206488838822
"1887","Britannia",1,2,5,3,-0.311535370351282
"1888","Narbonensis",1,2,5,3,-0.292094990817955
"1889","Germania Superior",1,2,5,3,-0.290626528802082
"1890","Dalmatia",1,2,5,3,-0.245889639871119
"1891","Dacia",1,2,5,3,-0.243408437917657
"1892","Pannonia Inferior",1,2,5,3,-0.207526555236681
"1893","Moesia Inferior",1,2,5,3,-0.203761515288714
"1894","Transpadana (Regio XI)",1,2,5,3,-0.199361653643698
"1895","Noricum",1,2,5,3,-0.191351027331982
"1896","Moesia Superior",1,2,5,3,-0.182223456598495
"1897","Liguria (Regio IX)",1,2,5,3,-0.170062951983255
"1898","Aemilia (Regio VIII)",1,2,5,3,-0.162773840768358
"1899","Picenum (Regio V)",1,2,5,3,-0.156421043978328
"1900","Asia",1,2,5,3,-0.154894574815908
"1901","Umbria (Regio VI)",1,2,5,3,-0.147933592486339
"1902","Bruttium et Lucania (Regio III)",1,2,5,3,-0.120156903094054
"1903","Mauretania Tingitana",1,2,5,3,-0.104358408474562
"1904","Macedonia",1,2,5,3,-0.0999921376923464
"1905","Numidia",1,2,5,3,-0.0999611468793762
"1906","Galatia",1,2,5,3,-0.0968228153258644
"1907","Etruria (Regio VII)",1,2,5,3,-0.0938435490449011
"1908","Syria",1,2,5,3,-0.0932196260287045
"1909","Sardinia",1,2,5,3,-0.0840620553210252
"1910","Sicilia",1,2,5,3,-0.0822258339280353
"1911","Hispania Citerior",1,2,5,3,-0.0819348471327593
"1912","Lusitania",1,2,5,3,-0.0191554960892336
"1913","Mauretania Caesariensis",1,2,5,3,-0.0132984733344119
"1914","Achaia",1,2,5,3,-0.00120429400001865
"1915","Apulia et Calabria (Regio II)",1,2,5,3,0.00692914188443072
"1916","Africa Proconsularis",1,2,5,3,0.0204070586457499
"1917","Samnium (Regio IV)",1,2,5,3,0.0564908178664303
"1918","Venetia et Histria (Regio X)",1,2,5,3,0.16187816790303
"1919","Baetica",1,2,5,3,0.194315984015338
"1920","Latium et Campania (Regio I)",1,2,5,3,6.0967313261246
"1921","Belgica",1,2,5,4,-0.491572894018055
"1922","Lugdunensis",1,2,5,4,-0.475421248403191
"1923","Raetia",1,2,5,4,-0.433904250774639
"1924","Germania Inferior",1,2,5,4,-0.419665192335298
"1925","Aquitania",1,2,5,4,-0.364904650978421
"1926","Pannonia Superior",1,2,5,4,-0.326582341245511
"1927","Britannia",1,2,5,4,-0.318156902300222
"1928","Narbonensis",1,2,5,4,-0.307536856224985
"1929","Germania Superior",1,2,5,4,-0.307509681697137
"1930","Dalmatia",1,2,5,4,-0.265676268040959
"1931","Dacia",1,2,5,4,-0.251286842182874
"1932","Pannonia Inferior",1,2,5,4,-0.206196307579374
"1933","Transpadana (Regio XI)",1,2,5,4,-0.20609213121737
"1934","Moesia Inferior",1,2,5,4,-0.205060093174764
"1935","Noricum",1,2,5,4,-0.191019070529259
"1936","Moesia Superior",1,2,5,4,-0.18678593509986
"1937","Liguria (Regio IX)",1,2,5,4,-0.169224345280581
"1938","Aemilia (Regio VIII)",1,2,5,4,-0.159894940410929
"1939","Picenum (Regio V)",1,2,5,4,-0.14991355026701
"1940","Asia",1,2,5,4,-0.139789076536859
"1941","Umbria (Regio VI)",1,2,5,4,-0.128473575359591
"1942","Bruttium et Lucania (Regio III)",1,2,5,4,-0.110288305304907
"1943","Mauretania Tingitana",1,2,5,4,-0.103442828040593
"1944","Macedonia",1,2,5,4,-0.0922360448255132
"1945","Galatia",1,2,5,4,-0.0921630519433405
"1946","Syria",1,2,5,4,-0.0901980621320809
"1947","Etruria (Regio VII)",1,2,5,4,-0.0872046801962214
"1948","Sardinia",1,2,5,4,-0.0826776331284248
"1949","Numidia",1,2,5,4,-0.0797615122597052
"1950","Hispania Citerior",1,2,5,4,-0.0664239780840186
"1951","Sicilia",1,2,5,4,-0.0619012422919772
"1952","Lusitania",1,2,5,4,-0.0138785278728391
"1953","Mauretania Caesariensis",1,2,5,4,-0.0114361479215379
"1954","Achaia",1,2,5,4,0.00354104623544165
"1955","Apulia et Calabria (Regio II)",1,2,5,4,0.00636187672470278
"1956","Samnium (Regio IV)",1,2,5,4,0.0614382209855141
"1957","Africa Proconsularis",1,2,5,4,0.0723454680625745
"1958","Venetia et Histria (Regio X)",1,2,5,4,0.160128109373184
"1959","Baetica",1,2,5,4,0.206565857855795
"1960","Latium et Campania (Regio I)",1,2,5,4,6.08589758842083
"1961","Lugdunensis",1,2,5,5,-0.444758604011514
"1962","Raetia",1,2,5,5,-0.408440830961061
"1963","Belgica",1,2,5,5,-0.381695041432709
"1964","Germania Inferior",1,2,5,5,-0.378514973115263
"1965","Aquitania",1,2,5,5,-0.349660229407168
"1966","Pannonia Superior",1,2,5,5,-0.314645764527251
"1967","Narbonensis",1,2,5,5,-0.284789569134287
"1968","Germania Superior",1,2,5,5,-0.280284341385898
"1969","Britannia",1,2,5,5,-0.277088095594738
"1970","Dacia",1,2,5,5,-0.26355781597256
"1971","Dalmatia",1,2,5,5,-0.238480639814214
"1972","Pannonia Inferior",1,2,5,5,-0.216421955533915
"1973","Moesia Inferior",1,2,5,5,-0.207561798323481
"1974","Transpadana (Regio XI)",1,2,5,5,-0.203128206144156
"1975","Noricum",1,2,5,5,-0.196251619066824
"1976","Moesia Superior",1,2,5,5,-0.186274916178236
"1977","Asia",1,2,5,5,-0.18545787853705
"1978","Liguria (Regio IX)",1,2,5,5,-0.174264782637692
"1979","Aemilia (Regio VIII)",1,2,5,5,-0.168061291087616
"1980","Picenum (Regio V)",1,2,5,5,-0.163190233764557
"1981","Umbria (Regio VI)",1,2,5,5,-0.148018334251103
"1982","Bruttium et Lucania (Regio III)",1,2,5,5,-0.125601459174962
"1983","Etruria (Regio VII)",1,2,5,5,-0.111631501176739
"1984","Macedonia",1,2,5,5,-0.1051895598624
"1985","Mauretania Tingitana",1,2,5,5,-0.104465262223377
"1986","Numidia",1,2,5,5,-0.104053301653286
"1987","Galatia",1,2,5,5,-0.103046241557142
"1988","Syria",1,2,5,5,-0.0979446283189686
"1989","Sicilia",1,2,5,5,-0.0838946162541925
"1990","Sardinia",1,2,5,5,-0.0831536364174092
"1991","Hispania Citerior",1,2,5,5,-0.0685253093673576
"1992","Lusitania",1,2,5,5,-0.0173736019548245
"1993","Mauretania Caesariensis",1,2,5,5,-0.013690602929944
"1994","Achaia",1,2,5,5,-0.0113936205313922
"1995","Apulia et Calabria (Regio II)",1,2,5,5,0.00129600177621969
"1996","Africa Proconsularis",1,2,5,5,0.0189510461739514
"1997","Samnium (Regio IV)",1,2,5,5,0.0444567859052797
"1998","Venetia et Histria (Regio X)",1,2,5,5,0.158021360868757
"1999","Baetica",1,2,5,5,0.173821338993516
"2000","Latium et Campania (Regio I)",1,2,5,5,6.10396372858556
"2001","Lugdunensis",2,1,1,1,-0.449444743855129
"2002","Belgica",2,1,1,1,-0.417235840742379
"2003","Raetia",2,1,1,1,-0.394254190006126
"2004","Germania Inferior",2,1,1,1,-0.386757876918531
"2005","Aquitania",2,1,1,1,-0.346004263996014
"2006","Pannonia Superior",2,1,1,1,-0.333307777034191
"2007","Britannia",2,1,1,1,-0.306249677334193
"2008","Germania Superior",2,1,1,1,-0.281458986565503
"2009","Dacia",2,1,1,1,-0.249980536311167
"2010","Narbonensis",2,1,1,1,-0.238926207741598
"2011","Dalmatia",2,1,1,1,-0.23295315525814
"2012","Pannonia Inferior",2,1,1,1,-0.212486711162214
"2013","Transpadana (Regio XI)",2,1,1,1,-0.202080055282166
"2014","Moesia Inferior",2,1,1,1,-0.199448592219408
"2015","Noricum",2,1,1,1,-0.190237967043876
"2016","Moesia Superior",2,1,1,1,-0.181406091076214
"2017","Aemilia (Regio VIII)",2,1,1,1,-0.172387075022963
"2018","Liguria (Regio IX)",2,1,1,1,-0.170610628474962
"2019","Picenum (Regio V)",2,1,1,1,-0.158719662734908
"2020","Asia",2,1,1,1,-0.157692653092166
"2021","Umbria (Regio VI)",2,1,1,1,-0.155066731563053
"2022","Bruttium et Lucania (Regio III)",2,1,1,1,-0.128954303066211
"2023","Mauretania Tingitana",2,1,1,1,-0.106529140476936
"2024","Numidia",2,1,1,1,-0.106290738742596
"2025","Etruria (Regio VII)",2,1,1,1,-0.103584875898077
"2026","Galatia",2,1,1,1,-0.0997785021247942
"2027","Macedonia",2,1,1,1,-0.0957626311602734
"2028","Syria",2,1,1,1,-0.0934345557172864
"2029","Sardinia",2,1,1,1,-0.0908486124358323
"2030","Sicilia",2,1,1,1,-0.0860772289589694
"2031","Hispania Citerior",2,1,1,1,-0.0848597009345023
"2032","Lusitania",2,1,1,1,-0.0638800018860427
"2033","Mauretania Caesariensis",2,1,1,1,-0.0110603362135064
"2034","Africa Proconsularis",2,1,1,1,0.00148767175110566
"2035","Achaia",2,1,1,1,0.00978241091082514
"2036","Apulia et Calabria (Regio II)",2,1,1,1,0.0145637907180417
"2037","Samnium (Regio IV)",2,1,1,1,0.0796655792363171
"2038","Venetia et Histria (Regio X)",2,1,1,1,0.110873451976842
"2039","Baetica",2,1,1,1,0.187766926680183
"2040","Latium et Campania (Regio I)",2,1,1,1,6.10363021977661
"2041","Lugdunensis",2,1,1,2,-0.43106707315331
"2042","Belgica",2,1,1,2,-0.397595473089239
"2043","Raetia",2,1,1,2,-0.380269966822814
"2044","Germania Inferior",2,1,1,2,-0.37135145477457
"2045","Aquitania",2,1,1,2,-0.339332838161896
"2046","Pannonia Superior",2,1,1,2,-0.33250586811452
"2047","Britannia",2,1,1,2,-0.306101867992455
"2048","Dacia",2,1,1,2,-0.264147773116296
"2049","Germania Superior",2,1,1,2,-0.259042364167332
"2050","Dalmatia",2,1,1,2,-0.23549246873767
"2051","Pannonia Inferior",2,1,1,2,-0.224009859150814
"2052","Narbonensis",2,1,1,2,-0.212977584732396
"2053","Moesia Inferior",2,1,1,2,-0.212733861506954
"2054","Noricum",2,1,1,2,-0.207149321585492
"2055","Asia",2,1,1,2,-0.19204977982653
"2056","Transpadana (Regio XI)",2,1,1,2,-0.18844338508251
"2057","Moesia Superior",2,1,1,2,-0.172723865394564
"2058","Liguria (Regio IX)",2,1,1,2,-0.169198127504068
"2059","Aemilia (Regio VIII)",2,1,1,2,-0.166901793486495
"2060","Picenum (Regio V)",2,1,1,2,-0.164993795580448
"2061","Umbria (Regio VI)",2,1,1,2,-0.157030656628042
"2062","Bruttium et Lucania (Regio III)",2,1,1,2,-0.136822686362722
"2063","Numidia",2,1,1,2,-0.133118933659017
"2064","Mauretania Tingitana",2,1,1,2,-0.112554028549752
"2065","Etruria (Regio VII)",2,1,1,2,-0.107365799866212
"2066","Galatia",2,1,1,2,-0.105914133123206
"2067","Macedonia",2,1,1,2,-0.103535567056852
"2068","Syria",2,1,1,2,-0.097323745118969
"2069","Sicilia",2,1,1,2,-0.0955746317208841
"2070","Sardinia",2,1,1,2,-0.0939479687154368
"2071","Hispania Citerior",2,1,1,2,-0.0834826311073539
"2072","Lusitania",2,1,1,2,-0.068636746193497
"2073","Africa Proconsularis",2,1,1,2,-0.0257571889949472
"2074","Achaia",2,1,1,2,-0.00848724538371625
"2075","Mauretania Caesariensis",2,1,1,2,-0.00844004355493241
"2076","Apulia et Calabria (Regio II)",2,1,1,2,0.0137428238249877
"2077","Samnium (Regio IV)",2,1,1,2,0.0694558835820769
"2078","Venetia et Histria (Regio X)",2,1,1,2,0.158731595422904
"2079","Baetica",2,1,1,2,0.219507156286902
"2080","Latium et Campania (Regio I)",2,1,1,2,6.10464306889904
"2081","Lugdunensis",2,1,1,3,-0.411342845868522
"2082","Belgica",2,1,1,3,-0.373481984397157
"2083","Raetia",2,1,1,3,-0.363431567461748
"2084","Germania Inferior",2,1,1,3,-0.35172693581108
"2085","Aquitania",2,1,1,3,-0.331312634947535
"2086","Pannonia Superior",2,1,1,3,-0.326821067183238
"2087","Britannia",2,1,1,3,-0.29831198444268
"2088","Dacia",2,1,1,3,-0.267370207785264
"2089","Germania Superior",2,1,1,3,-0.240934838575107
"2090","Pannonia Inferior",2,1,1,3,-0.223975580665211
"2091","Dalmatia",2,1,1,3,-0.221305507969768
"2092","Asia",2,1,1,3,-0.215889924013099
"2093","Moesia Inferior",2,1,1,3,-0.211400385054557
"2094","Noricum",2,1,1,3,-0.206423010416457
"2095","Narbonensis",2,1,1,3,-0.196452490231033
"2096","Transpadana (Regio XI)",2,1,1,3,-0.180450234562212
"2097","Moesia Superior",2,1,1,3,-0.168612076394776
"2098","Picenum (Regio V)",2,1,1,3,-0.168257348608832
"2099","Liguria (Regio IX)",2,1,1,3,-0.166354622551841
"2100","Umbria (Regio VI)",2,1,1,3,-0.162969202361285
"2101","Aemilia (Regio VIII)",2,1,1,3,-0.156976548883887
"2102","Bruttium et Lucania (Regio III)",2,1,1,3,-0.143922067044062
"2103","Numidia",2,1,1,3,-0.139390251140539
"2104","Etruria (Regio VII)",2,1,1,3,-0.116311732347316
"2105","Macedonia",2,1,1,3,-0.116105595952111
"2106","Galatia",2,1,1,3,-0.110793974818658
"2107","Mauretania Tingitana",2,1,1,3,-0.11053426513816
"2108","Sicilia",2,1,1,3,-0.107641262635874
"2109","Syria",2,1,1,3,-0.10062792656345
"2110","Sardinia",2,1,1,3,-0.0939632016749051
"2111","Hispania Citerior",2,1,1,3,-0.0831742671542607
"2112","Africa Proconsularis",2,1,1,3,-0.057347223147179
"2113","Lusitania",2,1,1,3,-0.0493912911041038
"2114","Achaia",2,1,1,3,-0.0216433198693643
"2115","Mauretania Caesariensis",2,1,1,3,-0.00974496370177719
"2116","Apulia et Calabria (Regio II)",2,1,1,3,0.0122211819783897
"2117","Samnium (Regio IV)",2,1,1,3,0.0351623148164338
"2118","Baetica",2,1,1,3,0.167993650274771
"2119","Venetia et Histria (Regio X)",2,1,1,3,0.176366252370037
"2120","Latium et Campania (Regio I)",2,1,1,3,6.11264894103742
"2121","Lugdunensis",2,1,1,4,-0.411342845868514
"2122","Belgica",2,1,1,4,-0.373481984397142
"2123","Raetia",2,1,1,4,-0.363431567461738
"2124","Germania Inferior",2,1,1,4,-0.351726935811069
"2125","Aquitania",2,1,1,4,-0.331312634947532
"2126","Pannonia Superior",2,1,1,4,-0.326821067183236
"2127","Britannia",2,1,1,4,-0.298311984442678
"2128","Dacia",2,1,1,4,-0.267370207785267
"2129","Germania Superior",2,1,1,4,-0.2409348385751
"2130","Pannonia Inferior",2,1,1,4,-0.223975580665212
"2131","Dalmatia",2,1,1,4,-0.221305507969762
"2132","Asia",2,1,1,4,-0.215889924013106
"2133","Moesia Inferior",2,1,1,4,-0.211400385054557
"2134","Noricum",2,1,1,4,-0.206423010416459
"2135","Narbonensis",2,1,1,4,-0.196452490231032
"2136","Transpadana (Regio XI)",2,1,1,4,-0.18045023456221
"2137","Moesia Superior",2,1,1,4,-0.168612076394776
"2138","Picenum (Regio V)",2,1,1,4,-0.168257348608833
"2139","Liguria (Regio IX)",2,1,1,4,-0.166354622551842
"2140","Umbria (Regio VI)",2,1,1,4,-0.162969202361287
"2141","Aemilia (Regio VIII)",2,1,1,4,-0.156976548883888
"2142","Bruttium et Lucania (Regio III)",2,1,1,4,-0.143922067044065
"2143","Numidia",2,1,1,4,-0.139390251140543
"2144","Etruria (Regio VII)",2,1,1,4,-0.116311732347319
"2145","Macedonia",2,1,1,4,-0.116105595952114
"2146","Galatia",2,1,1,4,-0.110793974818659
"2147","Mauretania Tingitana",2,1,1,4,-0.110534265138161
"2148","Sicilia",2,1,1,4,-0.107641262635877
"2149","Syria",2,1,1,4,-0.100627926563455
"2150","Sardinia",2,1,1,4,-0.0939632016749059
"2151","Hispania Citerior",2,1,1,4,-0.0831742671542619
"2152","Africa Proconsularis",2,1,1,4,-0.057347223147193
"2153","Lusitania",2,1,1,4,-0.0493912911041076
"2154","Achaia",2,1,1,4,-0.0216433198693671
"2155","Mauretania Caesariensis",2,1,1,4,-0.00974496370177769
"2156","Apulia et Calabria (Regio II)",2,1,1,4,0.0122211819783871
"2157","Samnium (Regio IV)",2,1,1,4,0.0351623148164323
"2158","Baetica",2,1,1,4,0.167993650274769
"2159","Venetia et Histria (Regio X)",2,1,1,4,0.176366252370038
"2160","Latium et Campania (Regio I)",2,1,1,4,6.11264894103742
"2161","Lugdunensis",2,1,1,5,-0.402072886129748
"2162","Belgica",2,1,1,5,-0.365719351862503
"2163","Raetia",2,1,1,5,-0.35610489334097
"2164","Germania Inferior",2,1,1,5,-0.34427764699699
"2165","Aquitania",2,1,1,5,-0.329102857791385
"2166","Pannonia Superior",2,1,1,5,-0.325778408951879
"2167","Britannia",2,1,1,5,-0.298705156968301
"2168","Dacia",2,1,1,5,-0.266604963585841
"2169","Germania Superior",2,1,1,5,-0.233700398411174
"2170","Pannonia Inferior",2,1,1,5,-0.224496458980928
"2171","Asia",2,1,1,5,-0.220667618113702
"2172","Dalmatia",2,1,1,5,-0.218107922231969
"2173","Moesia Inferior",2,1,1,5,-0.211603072060037
"2174","Noricum",2,1,1,5,-0.207057847505153
"2175","Narbonensis",2,1,1,5,-0.185161688321426
"2176","Transpadana (Regio XI)",2,1,1,5,-0.175132532802649
"2177","Picenum (Regio V)",2,1,1,5,-0.168172221558077
"2178","Moesia Superior",2,1,1,5,-0.166385495249
"2179","Liguria (Regio IX)",2,1,1,5,-0.164850686697218
"2180","Aemilia (Regio VIII)",2,1,1,5,-0.155087334179456
"2181","Bruttium et Lucania (Regio III)",2,1,1,5,-0.147693767214651
"2182","Numidia",2,1,1,5,-0.143770665598608
"2183","Umbria (Regio VI)",2,1,1,5,-0.138124138199186
"2184","Macedonia",2,1,1,5,-0.118548729597553
"2185","Etruria (Regio VII)",2,1,1,5,-0.116809955152676
"2186","Africa Proconsularis",2,1,1,5,-0.115349329334878
"2187","Galatia",2,1,1,5,-0.1129079275908
"2188","Sicilia",2,1,1,5,-0.111881233604361
"2189","Mauretania Tingitana",2,1,1,5,-0.110867964901939
"2190","Syria",2,1,1,5,-0.102195082553327
"2191","Sardinia",2,1,1,5,-0.0962633829060631
"2192","Hispania Citerior",2,1,1,5,-0.0854898380281374
"2193","Lusitania",2,1,1,5,-0.0537388675268135
"2194","Achaia",2,1,1,5,-0.0226768308496211
"2195","Mauretania Caesariensis",2,1,1,5,-0.0121721592540397
"2196","Apulia et Calabria (Regio II)",2,1,1,5,0.0149141484659915
"2197","Samnium (Regio IV)",2,1,1,5,0.0327140617280586
"2198","Baetica",2,1,1,5,0.164652410143267
"2199","Venetia et Histria (Regio X)",2,1,1,5,0.180107603106775
"2200","Latium et Campania (Regio I)",2,1,1,5,6.11489109060697
"2201","Lugdunensis",2,1,2,1,-0.452931196248344
"2202","Belgica",2,1,2,1,-0.42031874551018
"2203","Raetia",2,1,2,1,-0.396260447692453
"2204","Germania Inferior",2,1,2,1,-0.388388388937524
"2205","Aquitania",2,1,2,1,-0.345835881208781
"2206","Pannonia Superior",2,1,2,1,-0.330225872937311
"2207","Britannia",2,1,2,1,-0.304138230058105
"2208","Narbonensis",2,1,2,1,-0.285573195056636
"2209","Germania Superior",2,1,2,1,-0.283561654088282
"2210","Dacia",2,1,2,1,-0.246948377711755
"2211","Dalmatia",2,1,2,1,-0.231496434060186
"2212","Pannonia Inferior",2,1,2,1,-0.209223722117852
"2213","Transpadana (Regio XI)",2,1,2,1,-0.20153760398401
"2214","Moesia Inferior",2,1,2,1,-0.196930288995438
"2215","Noricum",2,1,2,1,-0.187355788303614
"2216","Moesia Superior",2,1,2,1,-0.180644529200271
"2217","Aemilia (Regio VIII)",2,1,2,1,-0.171307621745333
"2218","Liguria (Regio IX)",2,1,2,1,-0.169097695649981
"2219","Picenum (Regio V)",2,1,2,1,-0.158148987464176
"2220","Umbria (Regio VI)",2,1,2,1,-0.154144636992226
"2221","Asia",2,1,2,1,-0.153918672407466
"2222","Bruttium et Lucania (Regio III)",2,1,2,1,-0.126531263375428
"2223","Mauretania Tingitana",2,1,2,1,-0.104798813362106
"2224","Numidia",2,1,2,1,-0.103852694871717
"2225","Galatia",2,1,2,1,-0.0978055775753152
"2226","Macedonia",2,1,2,1,-0.0941640206541874
"2227","Syria",2,1,2,1,-0.092876271253344
"2228","Etruria (Regio VII)",2,1,2,1,-0.0910830267704408
"2229","Sardinia",2,1,2,1,-0.089613399407046
"2230","Hispania Citerior",2,1,2,1,-0.0846690087726168
"2231","Sicilia",2,1,2,1,-0.0836224444037311
"2232","Lusitania",2,1,2,1,-0.0596948957223774
"2233","Mauretania Caesariensis",2,1,2,1,-0.0105852596583716
"2234","Africa Proconsularis",2,1,2,1,0.00771725711575649
"2235","Achaia",2,1,2,1,0.00811413184966293
"2236","Apulia et Calabria (Regio II)",2,1,2,1,0.00935641786951414
"2237","Samnium (Regio IV)",2,1,2,1,0.0765633806031771
"2238","Venetia et Histria (Regio X)",2,1,2,1,0.113371808061901
"2239","Baetica",2,1,2,1,0.189922556850884
"2240","Latium et Campania (Regio I)",2,1,2,1,6.10223909384571
"2241","Lugdunensis",2,1,2,2,-0.433253435236337
"2242","Belgica",2,1,2,2,-0.402868988835057
"2243","Raetia",2,1,2,2,-0.381827481891293
"2244","Germania Inferior",2,1,2,2,-0.36887436355828
"2245","Aquitania",2,1,2,2,-0.340359694422392
"2246","Pannonia Superior",2,1,2,2,-0.324109508571861
"2247","Britannia",2,1,2,2,-0.297708393850778
"2248","Narbonensis",2,1,2,2,-0.263311667923623
"2249","Germania Superior",2,1,2,2,-0.26034589676793
"2250","Dacia",2,1,2,2,-0.255212775058802
"2251","Dalmatia",2,1,2,2,-0.22560825792948
"2252","Pannonia Inferior",2,1,2,2,-0.213619450568284
"2253","Moesia Inferior",2,1,2,2,-0.205183532563929
"2254","Transpadana (Regio XI)",2,1,2,2,-0.187428075900873
"2255","Asia",2,1,2,2,-0.18711267528092
"2256","Noricum",2,1,2,2,-0.186147607936453
"2257","Moesia Superior",2,1,2,2,-0.185066674489243
"2258","Liguria (Regio IX)",2,1,2,2,-0.166492863046014
"2259","Aemilia (Regio VIII)",2,1,2,2,-0.16191277720291
"2260","Picenum (Regio V)",2,1,2,2,-0.159593581370517
"2261","Umbria (Regio VI)",2,1,2,2,-0.154682266026692
"2262","Bruttium et Lucania (Regio III)",2,1,2,2,-0.133522380422194
"2263","Numidia",2,1,2,2,-0.128001015966413
"2264","Mauretania Tingitana",2,1,2,2,-0.105530687495468
"2265","Etruria (Regio VII)",2,1,2,2,-0.103527602185115
"2266","Macedonia",2,1,2,2,-0.103102107582712
"2267","Galatia",2,1,2,2,-0.102485661251855
"2268","Sicilia",2,1,2,2,-0.0962800220102132
"2269","Syria",2,1,2,2,-0.0944091050439877
"2270","Sardinia",2,1,2,2,-0.0912464794006565
"2271","Hispania Citerior",2,1,2,2,-0.0832372348099374
"2272","Lusitania",2,1,2,2,-0.0589555178214407
"2273","Africa Proconsularis",2,1,2,2,-0.0236686190499146
"2274","Mauretania Caesariensis",2,1,2,2,-0.0102655243387189
"2275","Achaia",2,1,2,2,-0.00889722985202752
"2276","Apulia et Calabria (Regio II)",2,1,2,2,0.0141997890924834
"2277","Samnium (Regio IV)",2,1,2,2,0.0431204336330983
"2278","Venetia et Histria (Regio X)",2,1,2,2,0.164222581813438
"2279","Baetica",2,1,2,2,0.17486104390998
"2280","Latium et Campania (Regio I)",2,1,2,2,6.10744530721332
"2281","Lugdunensis",2,1,2,3,-0.415617042782994
"2282","Belgica",2,1,2,3,-0.382356112012201
"2283","Raetia",2,1,2,3,-0.370387439859271
"2284","Germania Inferior",2,1,2,3,-0.352841721228974
"2285","Aquitania",2,1,2,3,-0.333924532717768
"2286","Pannonia Superior",2,1,2,3,-0.323931044132104
"2287","Britannia",2,1,2,3,-0.299627904013363
"2288","Dacia",2,1,2,3,-0.264401309830272
"2289","Germania Superior",2,1,2,3,-0.241857425822051
"2290","Dalmatia",2,1,2,3,-0.220695086666587
"2291","Pannonia Inferior",2,1,2,3,-0.220663754770826
"2292","Asia",2,1,2,3,-0.21277638209479
"2293","Moesia Inferior",2,1,2,3,-0.208693273336127
"2294","Narbonensis",2,1,2,3,-0.208268634038143
"2295","Noricum",2,1,2,3,-0.202472435215609
"2296","Transpadana (Regio XI)",2,1,2,3,-0.179987216365985
"2297","Moesia Superior",2,1,2,3,-0.169298016354614
"2298","Picenum (Regio V)",2,1,2,3,-0.167325794163333
"2299","Liguria (Regio IX)",2,1,2,3,-0.167224464798392
"2300","Umbria (Regio VI)",2,1,2,3,-0.162024006881339
"2301","Aemilia (Regio VIII)",2,1,2,3,-0.159731627489099
"2302","Bruttium et Lucania (Regio III)",2,1,2,3,-0.140640360468481
"2303","Numidia",2,1,2,3,-0.139534011735643
"2304","Etruria (Regio VII)",2,1,2,3,-0.115357073458446
"2305","Macedonia",2,1,2,3,-0.114501991172638
"2306","Mauretania Tingitana",2,1,2,3,-0.11067149346709
"2307","Galatia",2,1,2,3,-0.108083701270897
"2308","Sicilia",2,1,2,3,-0.105867821180531
"2309","Syria",2,1,2,3,-0.0980369910144152
"2310","Sardinia",2,1,2,3,-0.0921564888985213
"2311","Hispania Citerior",2,1,2,3,-0.0815292537115273
"2312","Africa Proconsularis",2,1,2,3,-0.0515158248714707
"2313","Lusitania",2,1,2,3,-0.0444571490332102
"2314","Achaia",2,1,2,3,-0.0203121282929729
"2315","Mauretania Caesariensis",2,1,2,3,-0.0125454224226885
"2316","Apulia et Calabria (Regio II)",2,1,2,3,0.0160835004011545
"2317","Samnium (Regio IV)",2,1,2,3,0.0380809471137011
"2318","Baetica",2,1,2,3,0.160282256382927
"2319","Venetia et Histria (Regio X)",2,1,2,3,0.172800879512069
"2320","Latium et Campania (Regio I)",2,1,2,3,6.11206735216252
"2321","Lugdunensis",2,1,2,4,-0.415575771291014
"2322","Belgica",2,1,2,4,-0.385909957299746
"2323","Raetia",2,1,2,4,-0.369968724181205
"2324","Germania Inferior",2,1,2,4,-0.357768644968113
"2325","Aquitania",2,1,2,4,-0.336038373830173
"2326","Pannonia Superior",2,1,2,4,-0.328258359008612
"2327","Britannia",2,1,2,4,-0.305499002347213
"2328","Dacia",2,1,2,4,-0.264070353391754
"2329","Germania Superior",2,1,2,4,-0.245643155526681
"2330","Dalmatia",2,1,2,4,-0.227193751674625
"2331","Pannonia Inferior",2,1,2,4,-0.223301355592977
"2332","Moesia Inferior",2,1,2,4,-0.21212420223796
"2333","Asia",2,1,2,4,-0.209218368916866
"2334","Noricum",2,1,2,4,-0.206172835212359
"2335","Narbonensis",2,1,2,4,-0.198614692954667
"2336","Transpadana (Regio XI)",2,1,2,4,-0.179556542096236
"2337","Moesia Superior",2,1,2,4,-0.17032976407211
"2338","Liguria (Regio IX)",2,1,2,4,-0.166425462567818
"2339","Picenum (Regio V)",2,1,2,4,-0.165828664664526
"2340","Aemilia (Regio VIII)",2,1,2,4,-0.160350253417397
"2341","Bruttium et Lucania (Regio III)",2,1,2,4,-0.142484394360317
"2342","Numidia",2,1,2,4,-0.139671860300105
"2343","Umbria (Regio VI)",2,1,2,4,-0.136047692817212
"2344","Etruria (Regio VII)",2,1,2,4,-0.113922186751646
"2345","Macedonia",2,1,2,4,-0.113827739169521
"2346","Mauretania Tingitana",2,1,2,4,-0.112387386729704
"2347","Galatia",2,1,2,4,-0.109917194281057
"2348","Sicilia",2,1,2,4,-0.105301111038471
"2349","Syria",2,1,2,4,-0.0998791318803349
"2350","Sardinia",2,1,2,4,-0.0955430818577631
"2351","Hispania Citerior",2,1,2,4,-0.0845524246875805
"2352","Africa Proconsularis",2,1,2,4,-0.0774195535776566
"2353","Lusitania",2,1,2,4,-0.0505651101160539
"2354","Achaia",2,1,2,4,-0.0181106834495964
"2355","Mauretania Caesariensis",2,1,2,4,-0.0127550847456505
"2356","Apulia et Calabria (Regio II)",2,1,2,4,0.0144062862293387
"2357","Samnium (Regio IV)",2,1,2,4,0.0376247383719167
"2358","Venetia et Histria (Regio X)",2,1,2,4,0.174299559398927
"2359","Baetica",2,1,2,4,0.20440852003519
"2360","Latium et Campania (Regio I)",2,1,2,4,6.10949376697935
"2361","Lugdunensis",2,1,2,5,-0.412277891849519
"2362","Belgica",2,1,2,5,-0.380397149593025
"2363","Raetia",2,1,2,5,-0.366631705828481
"2364","Germania Inferior",2,1,2,5,-0.353172753720551
"2365","Aquitania",2,1,2,5,-0.334809653577059
"2366","Pannonia Superior",2,1,2,5,-0.327265701963455
"2367","Britannia",2,1,2,5,-0.301760806328754
"2368","Dacia",2,1,2,5,-0.263162051947601
"2369","Germania Superior",2,1,2,5,-0.241758841010509
"2370","Pannonia Inferior",2,1,2,5,-0.223134672710957
"2371","Dalmatia",2,1,2,5,-0.222945498878168
"2372","Asia",2,1,2,5,-0.211614452955945
"2373","Moesia Inferior",2,1,2,5,-0.211044811858104
"2374","Noricum",2,1,2,5,-0.205863234533697
"2375","Narbonensis",2,1,2,5,-0.192328970682477
"2376","Transpadana (Regio XI)",2,1,2,5,-0.177817061488901
"2377","Moesia Superior",2,1,2,5,-0.169049132614156
"2378","Liguria (Regio IX)",2,1,2,5,-0.166508655467713
"2379","Picenum (Regio V)",2,1,2,5,-0.165877849016158
"2380","Aemilia (Regio VIII)",2,1,2,5,-0.157477298985898
"2381","Bruttium et Lucania (Regio III)",2,1,2,5,-0.144975939921453
"2382","Numidia",2,1,2,5,-0.142477502405003
"2383","Umbria (Regio VI)",2,1,2,5,-0.137881178348143
"2384","Macedonia",2,1,2,5,-0.115443926919252
"2385","Mauretania Tingitana",2,1,2,5,-0.112537969022903
"2386","Etruria (Regio VII)",2,1,2,5,-0.111450842482999
"2387","Galatia",2,1,2,5,-0.110912332681319
"2388","Sicilia",2,1,2,5,-0.10793045493567
"2389","Africa Proconsularis",2,1,2,5,-0.106379950556545
"2390","Syria",2,1,2,5,-0.10070225538059
"2391","Sardinia",2,1,2,5,-0.0963857469639552
"2392","Hispania Citerior",2,1,2,5,-0.0849573773338279
"2393","Lusitania",2,1,2,5,-0.0518514095103542
"2394","Achaia",2,1,2,5,-0.0183521028162159
"2395","Mauretania Caesariensis",2,1,2,5,-0.0106283538518701
"2396","Apulia et Calabria (Regio II)",2,1,2,5,0.0141752916658395
"2397","Samnium (Regio IV)",2,1,2,5,0.0355172252121531
"2398","Venetia et Histria (Regio X)",2,1,2,5,0.175882194241622
"2399","Baetica",2,1,2,5,0.201292329795934
"2400","Latium et Campania (Regio I)",2,1,2,5,6.11089849722568
"2401","Belgica",2,1,3,1,-0.498312914592593
"2402","Lugdunensis",2,1,3,1,-0.456713449217874
"2403","Raetia",2,1,3,1,-0.415603956051657
"2404","Germania Inferior",2,1,3,1,-0.415273341429773
"2405","Aquitania",2,1,3,1,-0.357622536392135
"2406","Pannonia Superior",2,1,3,1,-0.332031118154165
"2407","Britannia",2,1,3,1,-0.316298043844825
"2408","Narbonensis",2,1,3,1,-0.304432233085215
"2409","Germania Superior",2,1,3,1,-0.303189668410199
"2410","Dalmatia",2,1,3,1,-0.249046209589749
"2411","Dacia",2,1,3,1,-0.239909106137457
"2412","Pannonia Inferior",2,1,3,1,-0.202834661593489
"2413","Transpadana (Regio XI)",2,1,3,1,-0.201488934310116
"2414","Moesia Inferior",2,1,3,1,-0.19686892463962
"2415","Noricum",2,1,3,1,-0.182560461125493
"2416","Moesia Superior",2,1,3,1,-0.181409530254875
"2417","Aemilia (Regio VIII)",2,1,3,1,-0.169335086184055
"2418","Liguria (Regio IX)",2,1,3,1,-0.166267721786891
"2419","Picenum (Regio V)",2,1,3,1,-0.150469475303205
"2420","Umbria (Regio VI)",2,1,3,1,-0.148412487140315
"2421","Asia",2,1,3,1,-0.122982771003107
"2422","Bruttium et Lucania (Regio III)",2,1,3,1,-0.117992812140346
"2423","Mauretania Tingitana",2,1,3,1,-0.103656087852137
"2424","Galatia",2,1,3,1,-0.0921697348581223
"2425","Syria",2,1,3,1,-0.0896815757508116
"2426","Sardinia",2,1,3,1,-0.0880449447190701
"2427","Macedonia",2,1,3,1,-0.0866336753834542
"2428","Numidia",2,1,3,1,-0.086440572031274
"2429","Hispania Citerior",2,1,3,1,-0.0823690845826498
"2430","Etruria (Regio VII)",2,1,3,1,-0.0775476549223536
"2431","Sicilia",2,1,3,1,-0.0671153692932051
"2432","Lusitania",2,1,3,1,-0.0570519822933954
"2433","Mauretania Caesariensis",2,1,3,1,-0.0119204906090046
"2434","Apulia et Calabria (Regio II)",2,1,3,1,0.0107491456270517
"2435","Achaia",2,1,3,1,0.0176391564002693
"2436","Africa Proconsularis",2,1,3,1,0.0366948572594928
"2437","Samnium (Regio IV)",2,1,3,1,0.0905303037321434
"2438","Venetia et Histria (Regio X)",2,1,3,1,0.113936085387132
"2439","Baetica",2,1,3,1,0.211114816050431
"2440","Latium et Campania (Regio I)",2,1,3,1,6.09102225022611
"2441","Lugdunensis",2,1,3,2,-0.418648741917926
"2442","Belgica",2,1,3,2,-0.404953023839177
"2443","Raetia",2,1,3,2,-0.383031644798224
"2444","Germania Inferior",2,1,3,2,-0.369684653093743
"2445","Aquitania",2,1,3,2,-0.342614068827141
"2446","Pannonia Superior",2,1,3,2,-0.322756023330021
"2447","Britannia",2,1,3,2,-0.298468950551199
"2448","Narbonensis",2,1,3,2,-0.263537115091622
"2449","Germania Superior",2,1,3,2,-0.260919148928267
"2450","Dacia",2,1,3,2,-0.254087463294744
"2451","Dalmatia",2,1,3,2,-0.224022204996123
"2452","Pannonia Inferior",2,1,3,2,-0.212495100056636
"2453","Moesia Inferior",2,1,3,2,-0.20528525619965
"2454","Asia",2,1,3,2,-0.188962133850305
"2455","Transpadana (Regio XI)",2,1,3,2,-0.186208884548068
"2456","Moesia Superior",2,1,3,2,-0.18515298678892
"2457","Noricum",2,1,3,2,-0.185132082574763
"2458","Liguria (Regio IX)",2,1,3,2,-0.166325311589515
"2459","Aemilia (Regio VIII)",2,1,3,2,-0.160593649357895
"2460","Umbria (Regio VI)",2,1,3,2,-0.159681058621252
"2461","Picenum (Regio V)",2,1,3,2,-0.159427525522367
"2462","Bruttium et Lucania (Regio III)",2,1,3,2,-0.134168688889774
"2463","Numidia",2,1,3,2,-0.129166805071286
"2464","Mauretania Tingitana",2,1,3,2,-0.105723414099309
"2465","Macedonia",2,1,3,2,-0.103834231623626
"2466","Etruria (Regio VII)",2,1,3,2,-0.103088160449876
"2467","Galatia",2,1,3,2,-0.102868190787239
"2468","Sicilia",2,1,3,2,-0.0971530066122941
"2469","Syria",2,1,3,2,-0.0955828866357062
"2470","Sardinia",2,1,3,2,-0.0913868024321718
"2471","Hispania Citerior",2,1,3,2,-0.0837502817532824
"2472","Lusitania",2,1,3,2,-0.0593543089016123
"2473","Africa Proconsularis",2,1,3,2,-0.0262796671068819
"2474","Mauretania Caesariensis",2,1,3,2,-0.0110900502690627
"2475","Achaia",2,1,3,2,-0.00943311359167982
"2476","Apulia et Calabria (Regio II)",2,1,3,2,0.0135900563733292
"2477","Samnium (Regio IV)",2,1,3,2,0.0435540023311625
"2478","Venetia et Histria (Regio X)",2,1,3,2,0.166870718054792
"2479","Baetica",2,1,3,2,0.172838428922601
"2480","Latium et Campania (Regio I)",2,1,3,2,6.10801343031947
"2481","Lugdunensis",2,1,3,3,-0.428074298295997
"2482","Belgica",2,1,3,3,-0.396569229029667
"2483","Raetia",2,1,3,3,-0.378524903714705
"2484","Germania Inferior",2,1,3,3,-0.361771675233566
"2485","Aquitania",2,1,3,3,-0.34142716497724
"2486","Pannonia Superior",2,1,3,3,-0.323489324403754
"2487","Britannia",2,1,3,3,-0.295562132515923
"2488","Dacia",2,1,3,3,-0.259662989126585
"2489","Narbonensis",2,1,3,3,-0.255875015425611
"2490","Germania Superior",2,1,3,3,-0.252647973010686
"2491","Dalmatia",2,1,3,3,-0.225519310303317
"2492","Pannonia Inferior",2,1,3,3,-0.215926006770377
"2493","Moesia Inferior",2,1,3,3,-0.206634689981914
"2494","Asia",2,1,3,3,-0.198744348913912
"2495","Noricum",2,1,3,3,-0.198456763642077
"2496","Transpadana (Regio XI)",2,1,3,3,-0.188651443012378
"2497","Moesia Superior",2,1,3,3,-0.186130450709503
"2498","Liguria (Regio IX)",2,1,3,3,-0.16870649541915
"2499","Picenum (Regio V)",2,1,3,3,-0.161372616053434
"2500","Aemilia (Regio VIII)",2,1,3,3,-0.158792167506511
"2501","Umbria (Regio VI)",2,1,3,3,-0.140963013365176
"2502","Bruttium et Lucania (Regio III)",2,1,3,3,-0.135009753583595
"2503","Numidia",2,1,3,3,-0.128203181411838
"2504","Etruria (Regio VII)",2,1,3,3,-0.109776650384648
"2505","Macedonia",2,1,3,3,-0.108511625361715
"2506","Mauretania Tingitana",2,1,3,3,-0.106314422055458
"2507","Galatia",2,1,3,3,-0.104158750300903
"2508","Sicilia",2,1,3,3,-0.100747570754256
"2509","Syria",2,1,3,3,-0.0968829977027423
"2510","Sardinia",2,1,3,3,-0.091164062959016
"2511","Hispania Citerior",2,1,3,3,-0.0814986569028032
"2512","Lusitania",2,1,3,3,-0.0390957787186149
"2513","Africa Proconsularis",2,1,3,3,-0.031563094706781
"2514","Achaia",2,1,3,3,-0.0156022125895536
"2515","Mauretania Caesariensis",2,1,3,3,-0.0117369175604106
"2516","Apulia et Calabria (Regio II)",2,1,3,3,0.0167102119787932
"2517","Samnium (Regio IV)",2,1,3,3,0.0431384179735219
"2518","Baetica",2,1,3,3,0.163927496956241
"2519","Venetia et Histria (Regio X)",2,1,3,3,0.171415378760941
"2520","Latium et Campania (Regio I)",2,1,3,3,6.10857618073432
"2521","Lugdunensis",2,1,3,4,-0.412605787766104
"2522","Raetia",2,1,3,4,-0.362160439622672
"2523","Germania Inferior",2,1,3,4,-0.344261529967287
"2524","Aquitania",2,1,3,4,-0.334002848737737
"2525","Belgica",2,1,3,4,-0.33034700836959
"2526","Pannonia Superior",2,1,3,4,-0.321114259591844
"2527","Britannia",2,1,3,4,-0.289304121691965
"2528","Dacia",2,1,3,4,-0.263753501291957
"2529","Narbonensis",2,1,3,4,-0.243783516082472
"2530","Germania Superior",2,1,3,4,-0.240361192065675
"2531","Pannonia Inferior",2,1,3,4,-0.220238457973969
"2532","Asia",2,1,3,4,-0.214466777392301
"2533","Dalmatia",2,1,3,4,-0.214086698724355
"2534","Moesia Inferior",2,1,3,4,-0.208131092101763
"2535","Noricum",2,1,3,4,-0.202458088892083
"2536","Moesia Superior",2,1,3,4,-0.184648908562902
"2537","Transpadana (Regio XI)",2,1,3,4,-0.183847763324541
"2538","Liguria (Regio IX)",2,1,3,4,-0.168894925266786
"2539","Picenum (Regio V)",2,1,3,4,-0.166685614995233
"2540","Aemilia (Regio VIII)",2,1,3,4,-0.159387379493468
"2541","Umbria (Regio VI)",2,1,3,4,-0.147792052305826
"2542","Bruttium et Lucania (Regio III)",2,1,3,4,-0.14274284501121
"2543","Numidia",2,1,3,4,-0.138146545128859
"2544","Etruria (Regio VII)",2,1,3,4,-0.118668678819406
"2545","Macedonia",2,1,3,4,-0.114215104309723
"2546","Galatia",2,1,3,4,-0.10815439883425
"2547","Sicilia",2,1,3,4,-0.108079473115602
"2548","Mauretania Tingitana",2,1,3,4,-0.106092532108758
"2549","Syria",2,1,3,4,-0.100347435824812
"2550","Sardinia",2,1,3,4,-0.0933074200254169
"2551","Hispania Citerior",2,1,3,4,-0.0856366143571035
"2552","Africa Proconsularis",2,1,3,4,-0.0833788070969701
"2553","Lusitania",2,1,3,4,-0.045752042565484
"2554","Achaia",2,1,3,4,-0.0218639395960578
"2555","Mauretania Caesariensis",2,1,3,4,-0.0122857804492677
"2556","Apulia et Calabria (Regio II)",2,1,3,4,0.0140563280418422
"2557","Samnium (Regio IV)",2,1,3,4,0.0363211906913037
"2558","Baetica",2,1,3,4,0.153025420374192
"2559","Venetia et Histria (Regio X)",2,1,3,4,0.172199839699576
"2560","Latium et Campania (Regio I)",2,1,3,4,6.11540080265654
"2561","Lugdunensis",2,1,3,5,-0.401224681923422
"2562","Raetia",2,1,3,5,-0.355395630523538
"2563","Germania Inferior",2,1,3,5,-0.335551435005458
"2564","Aquitania",2,1,3,5,-0.328696977079318
"2565","Pannonia Superior",2,1,3,5,-0.319503185198487
"2566","Belgica",2,1,3,5,-0.317541620429927
"2567","Britannia",2,1,3,5,-0.293220434512652
"2568","Dacia",2,1,3,5,-0.265843016308941
"2569","Narbonensis",2,1,3,5,-0.233372184227603
"2570","Germania Superior",2,1,3,5,-0.229461340433073
"2571","Asia",2,1,3,5,-0.228123482568317
"2572","Pannonia Inferior",2,1,3,5,-0.22173094100532
"2573","Dalmatia",2,1,3,5,-0.208661064461439
"2574","Moesia Inferior",2,1,3,5,-0.208321992923641
"2575","Noricum",2,1,3,5,-0.204343716043159
"2576","Transpadana (Regio XI)",2,1,3,5,-0.178789063269257
"2577","Picenum (Regio V)",2,1,3,5,-0.172499349220667
"2578","Liguria (Regio IX)",2,1,3,5,-0.167859427840818
"2579","Moesia Superior",2,1,3,5,-0.166900383996028
"2580","Aemilia (Regio VIII)",2,1,3,5,-0.166656471399225
"2581","Umbria (Regio VI)",2,1,3,5,-0.150225856185635
"2582","Bruttium et Lucania (Regio III)",2,1,3,5,-0.146751244953541
"2583","Numidia",2,1,3,5,-0.145366710709943
"2584","Etruria (Regio VII)",2,1,3,5,-0.124110215980024
"2585","Macedonia",2,1,3,5,-0.11878954489485
"2586","Sicilia",2,1,3,5,-0.112978081191167
"2587","Galatia",2,1,3,5,-0.11136404859645
"2588","Mauretania Tingitana",2,1,3,5,-0.109598726130496
"2589","Syria",2,1,3,5,-0.102025033275654
"2590","Africa Proconsularis",2,1,3,5,-0.0974044139643824
"2591","Sardinia",2,1,3,5,-0.0935805792492933
"2592","Hispania Citerior",2,1,3,5,-0.0862106686219804
"2593","Lusitania",2,1,3,5,-0.0477421597769709
"2594","Achaia",2,1,3,5,-0.0254424852313855
"2595","Mauretania Caesariensis",2,1,3,5,-0.0134551552881237
"2596","Apulia et Calabria (Regio II)",2,1,3,5,0.0145263639410129
"2597","Samnium (Regio IV)",2,1,3,5,0.0330543589869305
"2598","Baetica",2,1,3,5,0.147608046642657
"2599","Venetia et Histria (Regio X)",2,1,3,5,0.175972244034358
"2600","Latium et Campania (Regio I)",2,1,3,5,6.11758030881523
"2601","Belgica",2,1,4,1,-0.455550253411732
"2602","Lugdunensis",2,1,4,1,-0.450566581472056
"2603","Raetia",2,1,4,1,-0.407781935453052
"2604","Germania Inferior",2,1,4,1,-0.40372833498903
"2605","Aquitania",2,1,4,1,-0.357887652563674
"2606","Pannonia Superior",2,1,4,1,-0.32729100770859
"2607","Britannia",2,1,4,1,-0.311871720180131
"2608","Narbonensis",2,1,4,1,-0.300848147880817
"2609","Germania Superior",2,1,4,1,-0.293672767031501
"2610","Dacia",2,1,4,1,-0.237464227131991
"2611","Dalmatia",2,1,4,1,-0.236991730952364
"2612","Pannonia Inferior",2,1,4,1,-0.200589246780183
"2613","Transpadana (Regio XI)",2,1,4,1,-0.20000127887569
"2614","Moesia Inferior",2,1,4,1,-0.194720093426605
"2615","Noricum",2,1,4,1,-0.181887800771817
"2616","Moesia Superior",2,1,4,1,-0.181324895580868
"2617","Aemilia (Regio VIII)",2,1,4,1,-0.168132877047634
"2618","Liguria (Regio IX)",2,1,4,1,-0.167512989755104
"2619","Umbria (Regio VI)",2,1,4,1,-0.152479790165606
"2620","Picenum (Regio V)",2,1,4,1,-0.152361571292921
"2621","Asia",2,1,4,1,-0.137748294516831
"2622","Bruttium et Lucania (Regio III)",2,1,4,1,-0.122528374573295
"2623","Mauretania Tingitana",2,1,4,1,-0.102942946347764
"2624","Galatia",2,1,4,1,-0.0940886868951851
"2625","Numidia",2,1,4,1,-0.0926672677046336
"2626","Syria",2,1,4,1,-0.0915583032649029
"2627","Macedonia",2,1,4,1,-0.0904454271402461
"2628","Sardinia",2,1,4,1,-0.0894378175429776
"2629","Hispania Citerior",2,1,4,1,-0.0854895611718064
"2630","Etruria (Regio VII)",2,1,4,1,-0.0826425572643328
"2631","Sicilia",2,1,4,1,-0.0751467743667979
"2632","Lusitania",2,1,4,1,-0.0588683249168178
"2633","Mauretania Caesariensis",2,1,4,1,-0.0116611928552244
"2634","Apulia et Calabria (Regio II)",2,1,4,1,0.00605950121758266
"2635","Achaia",2,1,4,1,0.0122957688944247
"2636","Africa Proconsularis",2,1,4,1,0.0201126778042518
"2637","Samnium (Regio IV)",2,1,4,1,0.0600197175466982
"2638","Venetia et Histria (Regio X)",2,1,4,1,0.120521021596033
"2639","Baetica",2,1,4,1,0.201149091188161
"2640","Latium et Campania (Regio I)",2,1,4,1,6.09773265278503
"2641","Belgica",2,1,4,2,-0.438828846174169
"2642","Lugdunensis",2,1,4,2,-0.437859073777843
"2643","Raetia",2,1,4,2,-0.397227753596498
"2644","Germania Inferior",2,1,4,2,-0.389967095766913
"2645","Aquitania",2,1,4,2,-0.354181873298096
"2646","Pannonia Superior",2,1,4,2,-0.326161176668757
"2647","Britannia",2,1,4,2,-0.307016490813427
"2648","Narbonensis",2,1,4,2,-0.282077043178588
"2649","Germania Superior",2,1,4,2,-0.275892715509515
"2650","Dacia",2,1,4,2,-0.248869399163411
"2651","Dalmatia",2,1,4,2,-0.239035085789133
"2652","Pannonia Inferior",2,1,4,2,-0.208313474611085
"2653","Moesia Inferior",2,1,4,2,-0.204731929638952
"2654","Transpadana (Regio XI)",2,1,4,2,-0.190448557199049
"2655","Moesia Superior",2,1,4,2,-0.187190134359136
"2656","Noricum",2,1,4,2,-0.183814715398134
"2657","Liguria (Regio IX)",2,1,4,2,-0.166533862259637
"2658","Asia",2,1,4,2,-0.166531233943743
"2659","Aemilia (Regio VIII)",2,1,4,2,-0.161783995590491
"2660","Picenum (Regio V)",2,1,4,2,-0.154415005761503
"2661","Umbria (Regio VI)",2,1,4,2,-0.129533738350222
"2662","Bruttium et Lucania (Regio III)",2,1,4,2,-0.127855344626666
"2663","Numidia",2,1,4,2,-0.113953283444359
"2664","Mauretania Tingitana",2,1,4,2,-0.104683178042626
"2665","Galatia",2,1,4,2,-0.0981213840776347
"2666","Macedonia",2,1,4,2,-0.097266827713899
"2667","Etruria (Regio VII)",2,1,4,2,-0.0945101313928378
"2668","Syria",2,1,4,2,-0.0933657302530718
"2669","Sardinia",2,1,4,2,-0.0918352517816175
"2670","Sicilia",2,1,4,2,-0.0849582865604328
"2671","Hispania Citerior",2,1,4,2,-0.0844414981133599
"2672","Lusitania",2,1,4,2,-0.0601194233032199
"2673","Mauretania Caesariensis",2,1,4,2,-0.0116568440049922
"2674","Africa Proconsularis",2,1,4,2,-0.00515669686784064
"2675","Achaia",2,1,4,2,-0.00220491328141297
"2676","Apulia et Calabria (Regio II)",2,1,4,2,0.0124989389864983
"2677","Samnium (Regio IV)",2,1,4,2,0.0553177807995998
"2678","Venetia et Histria (Regio X)",2,1,4,2,0.163968775679661
"2679","Baetica",2,1,4,2,0.187656573359732
"2680","Latium et Campania (Regio I)",2,1,4,2,6.10109992548678
"2681","Lugdunensis",2,1,4,3,-0.408670795939558
"2682","Raetia",2,1,4,3,-0.373703337726911
"2683","Germania Inferior",2,1,4,3,-0.354976799176366
"2684","Belgica",2,1,4,3,-0.347864395593254
"2685","Aquitania",2,1,4,3,-0.340059021054444
"2686","Pannonia Superior",2,1,4,3,-0.321444185793121
"2687","Britannia",2,1,4,3,-0.292311138692698
"2688","Dacia",2,1,4,3,-0.260976040871517
"2689","Narbonensis",2,1,4,3,-0.253366100869052
"2690","Germania Superior",2,1,4,3,-0.249807939461591
"2691","Pannonia Inferior",2,1,4,3,-0.21735800030692
"2692","Dalmatia",2,1,4,3,-0.217232607986268
"2693","Asia",2,1,4,3,-0.207763952293664
"2694","Moesia Inferior",2,1,4,3,-0.207307752457181
"2695","Noricum",2,1,4,3,-0.199764665362171
"2696","Transpadana (Regio XI)",2,1,4,3,-0.187433402895117
"2697","Moesia Superior",2,1,4,3,-0.18672223243016
"2698","Liguria (Regio IX)",2,1,4,3,-0.169639446960205
"2699","Picenum (Regio V)",2,1,4,3,-0.164345651880647
"2700","Aemilia (Regio VIII)",2,1,4,3,-0.160273193536885
"2701","Umbria (Regio VI)",2,1,4,3,-0.159355665340861
"2702","Bruttium et Lucania (Regio III)",2,1,4,3,-0.13934531646047
"2703","Numidia",2,1,4,3,-0.134588662152536
"2704","Etruria (Regio VII)",2,1,4,3,-0.115047416343857
"2705","Macedonia",2,1,4,3,-0.111669065236139
"2706","Mauretania Tingitana",2,1,4,3,-0.106540897943129
"2707","Galatia",2,1,4,3,-0.106102490126292
"2708","Sicilia",2,1,4,3,-0.104340962311792
"2709","Syria",2,1,4,3,-0.0979638310166637
"2710","Sardinia",2,1,4,3,-0.092268399923368
"2711","Hispania Citerior",2,1,4,3,-0.0848482858024442
"2712","Africa Proconsularis",2,1,4,3,-0.044223374316513
"2713","Lusitania",2,1,4,3,-0.0432628916235527
"2714","Achaia",2,1,4,3,-0.0192166171395511
"2715","Mauretania Caesariensis",2,1,4,3,-0.0120305663270534
"2716","Apulia et Calabria (Regio II)",2,1,4,3,0.012177026477522
"2717","Samnium (Regio IV)",2,1,4,3,0.0394610368604342
"2718","Baetica",2,1,4,3,0.157746429066973
"2719","Venetia et Histria (Regio X)",2,1,4,3,0.169491400804508
"2720","Latium et Campania (Regio I)",2,1,4,3,6.11294921014251
"2721","Lugdunensis",2,1,4,4,-0.395435318483899
"2722","Raetia",2,1,4,4,-0.36162041179896
"2723","Germania Inferior",2,1,4,4,-0.340893622105492
"2724","Aquitania",2,1,4,4,-0.333956387056344
"2725","Belgica",2,1,4,4,-0.329799117615759
"2726","Pannonia Superior",2,1,4,4,-0.319387363256545
"2727","Britannia",2,1,4,4,-0.288293141907894
"2728","Dacia",2,1,4,4,-0.262510789622972
"2729","Narbonensis",2,1,4,4,-0.239084081722425
"2730","Germania Superior",2,1,4,4,-0.237270279020857
"2731","Pannonia Inferior",2,1,4,4,-0.219113857968747
"2732","Asia",2,1,4,4,-0.21812614469348
"2733","Dalmatia",2,1,4,4,-0.210574944428685
"2734","Moesia Inferior",2,1,4,4,-0.206741115254566
"2735","Noricum",2,1,4,4,-0.201297021398273
"2736","Moesia Superior",2,1,4,4,-0.184530598987625
"2737","Transpadana (Regio XI)",2,1,4,4,-0.182768771789362
"2738","Liguria (Regio IX)",2,1,4,4,-0.168402003985756
"2739","Picenum (Regio V)",2,1,4,4,-0.165392239319796
"2740","Umbria (Regio VI)",2,1,4,4,-0.161287390712099
"2741","Aemilia (Regio VIII)",2,1,4,4,-0.157332264551231
"2742","Bruttium et Lucania (Regio III)",2,1,4,4,-0.143144291682947
"2743","Numidia",2,1,4,4,-0.141249337164132
"2744","Etruria (Regio VII)",2,1,4,4,-0.119388029819262
"2745","Macedonia",2,1,4,4,-0.114862386732364
"2746","Sicilia",2,1,4,4,-0.110148411640851
"2747","Galatia",2,1,4,4,-0.108998198966923
"2748","Mauretania Tingitana",2,1,4,4,-0.106090719434488
"2749","Syria",2,1,4,4,-0.0993246700504274
"2750","Sardinia",2,1,4,4,-0.0933953533886817
"2751","Africa Proconsularis",2,1,4,4,-0.0855459109341688
"2752","Hispania Citerior",2,1,4,4,-0.0850157792611126
"2753","Lusitania",2,1,4,4,-0.0466781005554211
"2754","Achaia",2,1,4,4,-0.0235551926989871
"2755","Mauretania Caesariensis",2,1,4,4,-0.0132187155211937
"2756","Apulia et Calabria (Regio II)",2,1,4,4,0.0124350906494987
"2757","Samnium (Regio IV)",2,1,4,4,0.0191720321617498
"2758","Baetica",2,1,4,4,0.150899972697876
"2759","Venetia et Histria (Regio X)",2,1,4,4,0.174844402494989
"2760","Latium et Campania (Regio I)",2,1,4,4,6.11708046552761
"2761","Lugdunensis",2,1,4,5,-0.392898045062465
"2762","Raetia",2,1,4,5,-0.359578622988091
"2763","Germania Inferior",2,1,4,5,-0.338366592318785
"2764","Aquitania",2,1,4,5,-0.332764366248806
"2765","Belgica",2,1,4,5,-0.326432619286348
"2766","Pannonia Superior",2,1,4,5,-0.318864211024207
"2767","Britannia",2,1,4,5,-0.287969906597908
"2768","Dacia",2,1,4,5,-0.262637006555793
"2769","Narbonensis",2,1,4,5,-0.236657218417088
"2770","Germania Superior",2,1,4,5,-0.234951356776082
"2771","Asia",2,1,4,5,-0.220154612033424
"2772","Pannonia Inferior",2,1,4,5,-0.219154427314813
"2773","Dalmatia",2,1,4,5,-0.208970802176296
"2774","Moesia Inferior",2,1,4,5,-0.206622236980344
"2775","Noricum",2,1,4,5,-0.20141103028296
"2776","Moesia Superior",2,1,4,5,-0.184108369526182
"2777","Transpadana (Regio XI)",2,1,4,5,-0.181859287947228
"2778","Liguria (Regio IX)",2,1,4,5,-0.168346389039263
"2779","Picenum (Regio V)",2,1,4,5,-0.166206775165983
"2780","Aemilia (Regio VIII)",2,1,4,5,-0.16428508567423
"2781","Umbria (Regio VI)",2,1,4,5,-0.161586843978206
"2782","Bruttium et Lucania (Regio III)",2,1,4,5,-0.144212836787724
"2783","Numidia",2,1,4,5,-0.141696101963504
"2784","Etruria (Regio VII)",2,1,4,5,-0.120619740396883
"2785","Macedonia",2,1,4,5,-0.115304655159563
"2786","Sicilia",2,1,4,5,-0.111441759642044
"2787","Galatia",2,1,4,5,-0.109887433253802
"2788","Mauretania Tingitana",2,1,4,5,-0.10615054990403
"2789","Syria",2,1,4,5,-0.0995152612980158
"2790","Sardinia",2,1,4,5,-0.0933259972751779
"2791","Africa Proconsularis",2,1,4,5,-0.0879297174459626
"2792","Hispania Citerior",2,1,4,5,-0.0851378512528183
"2793","Lusitania",2,1,4,5,-0.046851857180165
"2794","Achaia",2,1,4,5,-0.0241856830320481
"2795","Mauretania Caesariensis",2,1,4,5,-0.0136298500529603
"2796","Apulia et Calabria (Regio II)",2,1,4,5,0.012935920547882
"2797","Samnium (Regio IV)",2,1,4,5,0.0181801965463903
"2798","Baetica",2,1,4,5,0.149533339454301
"2799","Venetia et Histria (Regio X)",2,1,4,5,0.175416107849679
"2800","Latium et Campania (Regio I)",2,1,4,5,6.11764953564095
"2801","Belgica",2,1,5,1,-0.458347764363733
"2802","Lugdunensis",2,1,5,1,-0.450466295642843
"2803","Raetia",2,1,5,1,-0.40836983990692
"2804","Germania Inferior",2,1,5,1,-0.401535436879515
"2805","Aquitania",2,1,5,1,-0.358352342516874
"2806","Pannonia Superior",2,1,5,1,-0.328167871108796
"2807","Britannia",2,1,5,1,-0.311387811474174
"2808","Narbonensis",2,1,5,1,-0.295182641583817
"2809","Germania Superior",2,1,5,1,-0.29015238990198
"2810","Dalmatia",2,1,5,1,-0.237634097193693
"2811","Dacia",2,1,5,1,-0.237112870829562
"2812","Pannonia Inferior",2,1,5,1,-0.200374108167187
"2813","Transpadana (Regio XI)",2,1,5,1,-0.19879630521391
"2814","Moesia Inferior",2,1,5,1,-0.193691429823956
"2815","Noricum",2,1,5,1,-0.182132274572297
"2816","Moesia Superior",2,1,5,1,-0.181966886859136
"2817","Liguria (Regio IX)",2,1,5,1,-0.167436768589941
"2818","Aemilia (Regio VIII)",2,1,5,1,-0.166453350105289
"2819","Picenum (Regio V)",2,1,5,1,-0.150423092040653
"2820","Asia",2,1,5,1,-0.140222310891373
"2821","Umbria (Regio VI)",2,1,5,1,-0.139446065292199
"2822","Bruttium et Lucania (Regio III)",2,1,5,1,-0.121553521040194
"2823","Mauretania Tingitana",2,1,5,1,-0.1034347686935
"2824","Numidia",2,1,5,1,-0.0951959264786783
"2825","Galatia",2,1,5,1,-0.0948586514324065
"2826","Macedonia",2,1,5,1,-0.0907350604916891
"2827","Syria",2,1,5,1,-0.0905746677149329
"2828","Sardinia",2,1,5,1,-0.0903704206036819
"2829","Hispania Citerior",2,1,5,1,-0.0844908909989308
"2830","Etruria (Regio VII)",2,1,5,1,-0.0816749158913749
"2831","Sicilia",2,1,5,1,-0.0772431797298095
"2832","Lusitania",2,1,5,1,-0.0603460271412756
"2833","Mauretania Caesariensis",2,1,5,1,-0.012691239608855
"2834","Apulia et Calabria (Regio II)",2,1,5,1,0.0057747412009586
"2835","Achaia",2,1,5,1,0.0105639254740244
"2836","Africa Proconsularis",2,1,5,1,0.0203996774444976
"2837","Samnium (Regio IV)",2,1,5,1,0.0433822650186316
"2838","Venetia et Histria (Regio X)",2,1,5,1,0.122133374635653
"2839","Baetica",2,1,5,1,0.200053493323303
"2840","Latium et Campania (Regio I)",2,1,5,1,6.09851374568611
"2841","Belgica",2,1,5,2,-0.443848456916142
"2842","Lugdunensis",2,1,5,2,-0.441244801209512
"2843","Raetia",2,1,5,2,-0.399870290344864
"2844","Germania Inferior",2,1,5,2,-0.390523800668583
"2845","Aquitania",2,1,5,2,-0.355388249237178
"2846","Pannonia Superior",2,1,5,2,-0.326036593108025
"2847","Britannia",2,1,5,2,-0.306494866984999
"2848","Narbonensis",2,1,5,2,-0.284674664484805
"2849","Germania Superior",2,1,5,2,-0.277140787292555
"2850","Dacia",2,1,5,2,-0.23911609180776
"2851","Dalmatia",2,1,5,2,-0.235131579304968
"2852","Pannonia Inferior",2,1,5,2,-0.205096655253058
"2853","Moesia Inferior",2,1,5,2,-0.200257104752593
"2854","Transpadana (Regio XI)",2,1,5,2,-0.192621442275222
"2855","Moesia Superior",2,1,5,2,-0.184608561657388
"2856","Noricum",2,1,5,2,-0.183104818618694
"2857","Liguria (Regio IX)",2,1,5,2,-0.167255771415187
"2858","Aemilia (Regio VIII)",2,1,5,2,-0.162015218407593
"2859","Asia",2,1,5,2,-0.160459495918523
"2860","Picenum (Regio V)",2,1,5,2,-0.153565025139285
"2861","Umbria (Regio VI)",2,1,5,2,-0.142134662618955
"2862","Bruttium et Lucania (Regio III)",2,1,5,2,-0.126358547424126
"2863","Numidia",2,1,5,2,-0.11147823432867
"2864","Mauretania Tingitana",2,1,5,2,-0.104226802159328
"2865","Galatia",2,1,5,2,-0.0977529437786319
"2866","Macedonia",2,1,5,2,-0.0957895297909857
"2867","Syria",2,1,5,2,-0.0921711054637975
"2868","Sardinia",2,1,5,2,-0.0917330404519243
"2869","Etruria (Regio VII)",2,1,5,2,-0.090898842847542
"2870","Sicilia",2,1,5,2,-0.0843635759664994
"2871","Hispania Citerior",2,1,5,2,-0.0835156169081277
"2872","Lusitania",2,1,5,2,-0.0589843012494623
"2873","Mauretania Caesariensis",2,1,5,2,-0.0118282131576904
"2874","Africa Proconsularis",2,1,5,2,0.000137071721706599
"2875","Achaia",2,1,5,2,0.0010953064556141
"2876","Apulia et Calabria (Regio II)",2,1,5,2,0.00868393299575134
"2877","Samnium (Regio IV)",2,1,5,2,0.038525798816638
"2878","Venetia et Histria (Regio X)",2,1,5,2,0.162276715400504
"2879","Baetica",2,1,5,2,0.187792278734928
"2880","Latium et Campania (Regio I)",2,1,5,2,6.10117858681753
"2881","Lugdunensis",2,1,5,3,-0.43009966268952
"2882","Belgica",2,1,5,3,-0.422118505883694
"2883","Raetia",2,1,5,3,-0.390861133328006
"2884","Germania Inferior",2,1,5,3,-0.377022502541605
"2885","Aquitania",2,1,5,3,-0.350081691506878
"2886","Pannonia Superior",2,1,5,3,-0.32402658843802
"2887","Britannia",2,1,5,3,-0.301387645582804
"2888","Narbonensis",2,1,5,3,-0.271819462230336
"2889","Germania Superior",2,1,5,3,-0.264816083840441
"2890","Dacia",2,1,5,3,-0.253692528725802
"2891","Dalmatia",2,1,5,3,-0.234044651796541
"2892","Pannonia Inferior",2,1,5,3,-0.21101465898163
"2893","Moesia Inferior",2,1,5,3,-0.204042589396015
"2894","Noricum",2,1,5,3,-0.194866798444699
"2895","Transpadana (Regio XI)",2,1,5,3,-0.188793607327379
"2896","Moesia Superior",2,1,5,3,-0.187707387600953
"2897","Asia",2,1,5,3,-0.180271112191632
"2898","Liguria (Regio IX)",2,1,5,3,-0.167713765315838
"2899","Aemilia (Regio VIII)",2,1,5,3,-0.158184027476397
"2900","Picenum (Regio V)",2,1,5,3,-0.156562138810227
"2901","Umbria (Regio VI)",2,1,5,3,-0.148061002998586
"2902","Bruttium et Lucania (Regio III)",2,1,5,3,-0.129699879396851
"2903","Numidia",2,1,5,3,-0.117696608010383
"2904","Mauretania Tingitana",2,1,5,3,-0.104720247099231
"2905","Macedonia",2,1,5,3,-0.103279795367767
"2906","Etruria (Regio VII)",2,1,5,3,-0.101557110884122
"2907","Galatia",2,1,5,3,-0.100212174791057
"2908","Syria",2,1,5,3,-0.0937971963718802
"2909","Sardinia",2,1,5,3,-0.090956492727485
"2910","Sicilia",2,1,5,3,-0.0902485187377613
"2911","Hispania Citerior",2,1,5,3,-0.0809495701563587
"2912","Lusitania",2,1,5,3,-0.0373228719652162
"2913","Mauretania Caesariensis",2,1,5,3,-0.0124930662827805
"2914","Achaia",2,1,5,3,-0.0107636210603743
"2915","Africa Proconsularis",2,1,5,3,-0.0092461473565304
"2916","Apulia et Calabria (Regio II)",2,1,5,3,0.0122783252529121
"2917","Samnium (Regio IV)",2,1,5,3,0.0360397416217086
"2918","Venetia et Histria (Regio X)",2,1,5,3,0.170375252411273
"2919","Baetica",2,1,5,3,0.176904035625429
"2920","Latium et Campania (Regio I)",2,1,5,3,6.10453349040348
"2921","Lugdunensis",2,1,5,4,-0.412211004238738
"2922","Belgica",2,1,5,4,-0.391288387474767
"2923","Raetia",2,1,5,4,-0.374856819493871
"2924","Germania Inferior",2,1,5,4,-0.360575758863897
"2925","Aquitania",2,1,5,4,-0.341922749991877
"2926","Pannonia Superior",2,1,5,4,-0.321513049170396
"2927","Britannia",2,1,5,4,-0.297513193060289
"2928","Dacia",2,1,5,4,-0.2567250136638
"2929","Narbonensis",2,1,5,4,-0.254494020702344
"2930","Germania Superior",2,1,5,4,-0.251101087643748
"2931","Dalmatia",2,1,5,4,-0.224885396780605
"2932","Pannonia Inferior",2,1,5,4,-0.214122784685282
"2933","Moesia Inferior",2,1,5,4,-0.205162756335597
"2934","Noricum",2,1,5,4,-0.197444950316811
"2935","Asia",2,1,5,4,-0.195782381941578
"2936","Moesia Superior",2,1,5,4,-0.184937151779596
"2937","Transpadana (Regio XI)",2,1,5,4,-0.183773692497485
"2938","Liguria (Regio IX)",2,1,5,4,-0.166445676829107
"2939","Aemilia (Regio VIII)",2,1,5,4,-0.162325005099666
"2940","Picenum (Regio V)",2,1,5,4,-0.160432543770525
"2941","Umbria (Regio VI)",2,1,5,4,-0.151982372390913
"2942","Bruttium et Lucania (Regio III)",2,1,5,4,-0.136565017441524
"2943","Numidia",2,1,5,4,-0.125902545307789
"2944","Etruria (Regio VII)",2,1,5,4,-0.10865616416277
"2945","Macedonia",2,1,5,4,-0.108436461893065
"2946","Mauretania Tingitana",2,1,5,4,-0.104530093249438
"2947","Galatia",2,1,5,4,-0.104505783703191
"2948","Sicilia",2,1,5,4,-0.098728470742229
"2949","Syria",2,1,5,4,-0.0959024610158339
"2950","Sardinia",2,1,5,4,-0.0920406711346247
"2951","Hispania Citerior",2,1,5,4,-0.0827123871906633
"2952","Africa Proconsularis",2,1,5,4,-0.0569705403302531
"2953","Lusitania",2,1,5,4,-0.0416607139545811
"2954","Achaia",2,1,5,4,-0.0162228177389322
"2955","Mauretania Caesariensis",2,1,5,4,-0.0139965369561584
"2956","Apulia et Calabria (Regio II)",2,1,5,4,0.014092229917903
"2957","Samnium (Regio IV)",2,1,5,4,0.029323425423452
"2958","Baetica",2,1,5,4,0.16663441828493
"2959","Venetia et Histria (Regio X)",2,1,5,4,0.175803254550375
"2960","Latium et Campania (Regio I)",2,1,5,4,6.11047313337528
"2961","Lugdunensis",2,1,5,5,-0.392898045062465
"2962","Raetia",2,1,5,5,-0.359578622988091
"2963","Germania Inferior",2,1,5,5,-0.338366592318785
"2964","Aquitania",2,1,5,5,-0.332764366248806
"2965","Belgica",2,1,5,5,-0.326432619286348
"2966","Pannonia Superior",2,1,5,5,-0.318864211024207
"2967","Britannia",2,1,5,5,-0.287969906597908
"2968","Dacia",2,1,5,5,-0.262637006555793
"2969","Narbonensis",2,1,5,5,-0.236657218417088
"2970","Germania Superior",2,1,5,5,-0.234951356776082
"2971","Asia",2,1,5,5,-0.220154612033424
"2972","Pannonia Inferior",2,1,5,5,-0.219154427314813
"2973","Dalmatia",2,1,5,5,-0.208970802176296
"2974","Moesia Inferior",2,1,5,5,-0.206622236980344
"2975","Noricum",2,1,5,5,-0.20141103028296
"2976","Moesia Superior",2,1,5,5,-0.184108369526182
"2977","Transpadana (Regio XI)",2,1,5,5,-0.181859287947228
"2978","Liguria (Regio IX)",2,1,5,5,-0.168346389039263
"2979","Picenum (Regio V)",2,1,5,5,-0.166206775165983
"2980","Aemilia (Regio VIII)",2,1,5,5,-0.16428508567423
"2981","Umbria (Regio VI)",2,1,5,5,-0.161586843978206
"2982","Bruttium et Lucania (Regio III)",2,1,5,5,-0.144212836787724
"2983","Numidia",2,1,5,5,-0.141696101963504
"2984","Etruria (Regio VII)",2,1,5,5,-0.120619740396883
"2985","Macedonia",2,1,5,5,-0.115304655159563
"2986","Sicilia",2,1,5,5,-0.111441759642044
"2987","Galatia",2,1,5,5,-0.109887433253802
"2988","Mauretania Tingitana",2,1,5,5,-0.10615054990403
"2989","Syria",2,1,5,5,-0.0995152612980158
"2990","Sardinia",2,1,5,5,-0.0933259972751779
"2991","Africa Proconsularis",2,1,5,5,-0.0879297174459626
"2992","Hispania Citerior",2,1,5,5,-0.0851378512528183
"2993","Lusitania",2,1,5,5,-0.046851857180165
"2994","Achaia",2,1,5,5,-0.0241856830320481
"2995","Mauretania Caesariensis",2,1,5,5,-0.0136298500529603
"2996","Apulia et Calabria (Regio II)",2,1,5,5,0.012935920547882
"2997","Samnium (Regio IV)",2,1,5,5,0.0181801965463903
"2998","Baetica",2,1,5,5,0.149533339454301
"2999","Venetia et Histria (Regio X)",2,1,5,5,0.175416107849679
"3000","Latium et Campania (Regio I)",2,1,5,5,6.11764953564095
"3001","Lugdunensis",2,2,1,1,-0.449035490655763
"3002","Belgica",2,2,1,1,-0.424534737187455
"3003","Raetia",2,2,1,1,-0.396618122558495
"3004","Germania Inferior",2,2,1,1,-0.387274100112935
"3005","Aquitania",2,2,1,1,-0.347095854882603
"3006","Pannonia Superior",2,2,1,1,-0.336058486275911
"3007","Britannia",2,2,1,1,-0.309211329384625
"3008","Germania Superior",2,2,1,1,-0.28331105293111
"3009","Dacia",2,2,1,1,-0.250254284653935
"3010","Narbonensis",2,2,1,1,-0.239671600549787
"3011","Dalmatia",2,2,1,1,-0.234491010334452
"3012","Pannonia Inferior",2,2,1,1,-0.211965183579788
"3013","Transpadana (Regio XI)",2,2,1,1,-0.200906128616548
"3014","Moesia Inferior",2,2,1,1,-0.200702521992683
"3015","Noricum",2,2,1,1,-0.182497589118194
"3016","Moesia Superior",2,2,1,1,-0.181012960268307
"3017","Aemilia (Regio VIII)",2,2,1,1,-0.173773411599457
"3018","Liguria (Regio IX)",2,2,1,1,-0.163730029770537
"3019","Picenum (Regio V)",2,2,1,1,-0.158678530032198
"3020","Asia",2,2,1,1,-0.158071944433292
"3021","Umbria (Regio VI)",2,2,1,1,-0.135088312792988
"3022","Bruttium et Lucania (Regio III)",2,2,1,1,-0.129990193142603
"3023","Mauretania Tingitana",2,2,1,1,-0.107453855420408
"3024","Numidia",2,2,1,1,-0.106598174388651
"3025","Galatia",2,2,1,1,-0.101412576520152
"3026","Etruria (Regio VII)",2,2,1,1,-0.0981919110850311
"3027","Syria",2,2,1,1,-0.095207568093585
"3028","Macedonia",2,2,1,1,-0.0943577798852405
"3029","Sardinia",2,2,1,1,-0.0917722056186771
"3030","Sicilia",2,2,1,1,-0.0880126614910434
"3031","Hispania Citerior",2,2,1,1,-0.0866269304424715
"3032","Lusitania",2,2,1,1,-0.0666823674104889
"3033","Mauretania Caesariensis",2,2,1,1,-0.0133633780278957
"3034","Africa Proconsularis",2,2,1,1,1.82696774189697e-05
"3035","Achaia",2,2,1,1,0.00886015407608915
"3036","Apulia et Calabria (Regio II)",2,2,1,1,0.0176887101690726
"3037","Samnium (Regio IV)",2,2,1,1,0.078545525310086
"3038","Venetia et Histria (Regio X)",2,2,1,1,0.109585960581637
"3039","Baetica",2,2,1,1,0.185642184364434
"3040","Latium et Campania (Regio I)",2,2,1,1,6.10331147907857
"3041","Lugdunensis",2,2,1,2,-0.42478988109179
"3042","Belgica",2,2,1,2,-0.385728930590937
"3043","Raetia",2,2,1,2,-0.373673612893095
"3044","Germania Inferior",2,2,1,2,-0.367214715557203
"3045","Aquitania",2,2,1,2,-0.333561946914127
"3046","Pannonia Superior",2,2,1,2,-0.331156124622505
"3047","Britannia",2,2,1,2,-0.304101645912577
"3048","Dacia",2,2,1,2,-0.263401356451412
"3049","Germania Superior",2,2,1,2,-0.258808460508914
"3050","Dalmatia",2,2,1,2,-0.23112776845405
"3051","Pannonia Inferior",2,2,1,2,-0.222596286608709
"3052","Narbonensis",2,2,1,2,-0.212166600688979
"3053","Moesia Inferior",2,2,1,2,-0.210233292125009
"3054","Noricum",2,2,1,2,-0.193659537335301
"3055","Asia",2,2,1,2,-0.191765314073813
"3056","Transpadana (Regio XI)",2,2,1,2,-0.190739838130555
"3057","Moesia Superior",2,2,1,2,-0.168185519997102
"3058","Liguria (Regio IX)",2,2,1,2,-0.167785204409048
"3059","Aemilia (Regio VIII)",2,2,1,2,-0.167328909798715
"3060","Picenum (Regio V)",2,2,1,2,-0.165381371982121
"3061","Umbria (Regio VI)",2,2,1,2,-0.156748242812486
"3062","Bruttium et Lucania (Regio III)",2,2,1,2,-0.137156394179671
"3063","Numidia",2,2,1,2,-0.130539756367014
"3064","Mauretania Tingitana",2,2,1,2,-0.109707016188353
"3065","Etruria (Regio VII)",2,2,1,2,-0.108923044466423
"3066","Galatia",2,2,1,2,-0.105889812403774
"3067","Macedonia",2,2,1,2,-0.104249180112429
"3068","Syria",2,2,1,2,-0.0973577467289592
"3069","Sicilia",2,2,1,2,-0.0960266316556586
"3070","Sardinia",2,2,1,2,-0.0930315931229636
"3071","Hispania Citerior",2,2,1,2,-0.0849359325629372
"3072","Lusitania",2,2,1,2,-0.0692271310554269
"3073","Africa Proconsularis",2,2,1,2,-0.0257916744878039
"3074","Mauretania Caesariensis",2,2,1,2,-0.0125426408895308
"3075","Achaia",2,2,1,2,-0.00863149791554945
"3076","Apulia et Calabria (Regio II)",2,2,1,2,0.012182815003245
"3077","Samnium (Regio IV)",2,2,1,2,0.0684510446402753
"3078","Venetia et Histria (Regio X)",2,2,1,2,0.125964093355644
"3079","Baetica",2,2,1,2,0.18779905470499
"3080","Latium et Campania (Regio I)",2,2,1,2,6.10976760539079
"3081","Lugdunensis",2,2,1,3,-0.411342845868523
"3082","Belgica",2,2,1,3,-0.373481984397158
"3083","Raetia",2,2,1,3,-0.363431567461747
"3084","Germania Inferior",2,2,1,3,-0.351726935811079
"3085","Aquitania",2,2,1,3,-0.331312634947535
"3086","Pannonia Superior",2,2,1,3,-0.326821067183237
"3087","Britannia",2,2,1,3,-0.29831198444268
"3088","Dacia",2,2,1,3,-0.267370207785264
"3089","Germania Superior",2,2,1,3,-0.240934838575107
"3090","Pannonia Inferior",2,2,1,3,-0.223975580665211
"3091","Dalmatia",2,2,1,3,-0.221305507969767
"3092","Asia",2,2,1,3,-0.2158899240131
"3093","Moesia Inferior",2,2,1,3,-0.211400385054557
"3094","Noricum",2,2,1,3,-0.206423010416457
"3095","Narbonensis",2,2,1,3,-0.196452490231032
"3096","Transpadana (Regio XI)",2,2,1,3,-0.180450234562213
"3097","Moesia Superior",2,2,1,3,-0.168612076394776
"3098","Picenum (Regio V)",2,2,1,3,-0.168257348608832
"3099","Liguria (Regio IX)",2,2,1,3,-0.166354622551841
"3100","Umbria (Regio VI)",2,2,1,3,-0.162969202361284
"3101","Aemilia (Regio VIII)",2,2,1,3,-0.156976548883886
"3102","Bruttium et Lucania (Regio III)",2,2,1,3,-0.143922067044062
"3103","Numidia",2,2,1,3,-0.13939025114054
"3104","Etruria (Regio VII)",2,2,1,3,-0.116311732347316
"3105","Macedonia",2,2,1,3,-0.116105595952112
"3106","Galatia",2,2,1,3,-0.110793974818658
"3107","Mauretania Tingitana",2,2,1,3,-0.11053426513816
"3108","Sicilia",2,2,1,3,-0.107641262635874
"3109","Syria",2,2,1,3,-0.10062792656345
"3110","Sardinia",2,2,1,3,-0.0939632016749052
"3111","Hispania Citerior",2,2,1,3,-0.0831742671542605
"3112","Africa Proconsularis",2,2,1,3,-0.0573472231471782
"3113","Lusitania",2,2,1,3,-0.0493912911041038
"3114","Achaia",2,2,1,3,-0.0216433198693645
"3115","Mauretania Caesariensis",2,2,1,3,-0.00974496370177691
"3116","Apulia et Calabria (Regio II)",2,2,1,3,0.0122211819783893
"3117","Samnium (Regio IV)",2,2,1,3,0.0351623148164335
"3118","Baetica",2,2,1,3,0.167993650274771
"3119","Venetia et Histria (Regio X)",2,2,1,3,0.176366252370038
"3120","Latium et Campania (Regio I)",2,2,1,3,6.11264894103742
"3121","Lugdunensis",2,2,1,4,-0.402509702970834
"3122","Belgica",2,2,1,4,-0.361841903904452
"3123","Raetia",2,2,1,4,-0.354985057051422
"3124","Germania Inferior",2,2,1,4,-0.343824471333136
"3125","Aquitania",2,2,1,4,-0.327506516572072
"3126","Pannonia Superior",2,2,1,4,-0.325323299611092
"3127","Britannia",2,2,1,4,-0.297026018795244
"3128","Dacia",2,2,1,4,-0.268346560522212
"3129","Germania Superior",2,2,1,4,-0.234228527101265
"3130","Pannonia Inferior",2,2,1,4,-0.225369582803101
"3131","Asia",2,2,1,4,-0.222435049797907
"3132","Dalmatia",2,2,1,4,-0.217393615786933
"3133","Moesia Inferior",2,2,1,4,-0.211951286032314
"3134","Noricum",2,2,1,4,-0.207558480870964
"3135","Narbonensis",2,2,1,4,-0.18766170581868
"3136","Transpadana (Regio XI)",2,2,1,4,-0.177138790436207
"3137","Picenum (Regio V)",2,2,1,4,-0.169468514328638
"3138","Moesia Superior",2,2,1,4,-0.167076405287626
"3139","Liguria (Regio IX)",2,2,1,4,-0.16525857598116
"3140","Umbria (Regio VI)",2,2,1,4,-0.163791459323953
"3141","Aemilia (Regio VIII)",2,2,1,4,-0.155424379961805
"3142","Bruttium et Lucania (Regio III)",2,2,1,4,-0.147228120251433
"3143","Numidia",2,2,1,4,-0.143352014839266
"3144","Etruria (Regio VII)",2,2,1,4,-0.118659893000377
"3145","Macedonia",2,2,1,4,-0.118537473529661
"3146","Galatia",2,2,1,4,-0.112471350713517
"3147","Sicilia",2,2,1,4,-0.111370774790833
"3148","Mauretania Tingitana",2,2,1,4,-0.110135412037075
"3149","Syria",2,2,1,4,-0.101634807604255
"3150","Sardinia",2,2,1,4,-0.0947518727281608
"3151","Africa Proconsularis",2,2,1,4,-0.0912412234795449
"3152","Hispania Citerior",2,2,1,4,-0.0841748348506036
"3153","Lusitania",2,2,1,4,-0.0518743914813549
"3154","Achaia",2,2,1,4,-0.0240611379718302
"3155","Mauretania Caesariensis",2,2,1,4,-0.0104193005660396
"3156","Apulia et Calabria (Regio II)",2,2,1,4,0.013522536874646
"3157","Samnium (Regio IV)",2,2,1,4,0.0325514364600406
"3158","Baetica",2,2,1,4,0.165219604911216
"3159","Venetia et Histria (Regio X)",2,2,1,4,0.179918434145824
"3160","Latium et Campania (Regio I)",2,2,1,4,6.11482049974324
"3161","Lugdunensis",2,2,1,5,-0.416523388347416
"3162","Raetia",2,2,1,5,-0.372008687955818
"3163","Belgica",2,2,1,5,-0.369930493862615
"3164","Germania Inferior",2,2,1,5,-0.353712986672102
"3165","Aquitania",2,2,1,5,-0.337848327934998
"3166","Pannonia Superior",2,2,1,5,-0.320430925361841
"3167","Britannia",2,2,1,5,-0.294335489702961
"3168","Dacia",2,2,1,5,-0.259351194833899
"3169","Germania Superior",2,2,1,5,-0.241955088559475
"3170","Pannonia Inferior",2,2,1,5,-0.217545913176151
"3171","Dalmatia",2,2,1,5,-0.216986358731613
"3172","Asia",2,2,1,5,-0.212500488347812
"3173","Narbonensis",2,2,1,5,-0.207356207678319
"3174","Moesia Inferior",2,2,1,5,-0.205483964294507
"3175","Noricum",2,2,1,5,-0.203545478209394
"3176","Transpadana (Regio XI)",2,2,1,5,-0.179640224092965
"3177","Moesia Superior",2,2,1,5,-0.167301065597814
"3178","Picenum (Regio V)",2,2,1,5,-0.166226326433639
"3179","Liguria (Regio IX)",2,2,1,5,-0.165922577987334
"3180","Aemilia (Regio VIII)",2,2,1,5,-0.15557269301478
"3181","Bruttium et Lucania (Regio III)",2,2,1,5,-0.144398720734289
"3182","Umbria (Regio VI)",2,2,1,5,-0.138233404053417
"3183","Numidia",2,2,1,5,-0.137723056077278
"3184","Macedonia",2,2,1,5,-0.112723833449296
"3185","Etruria (Regio VII)",2,2,1,5,-0.110799676488992
"3186","Sicilia",2,2,1,5,-0.107469710157537
"3187","Galatia",2,2,1,5,-0.107038401816551
"3188","Mauretania Tingitana",2,2,1,5,-0.106820602811539
"3189","Africa Proconsularis",2,2,1,5,-0.104506396407232
"3190","Syria",2,2,1,5,-0.100849472362685
"3191","Sardinia",2,2,1,5,-0.0958170199521411
"3192","Hispania Citerior",2,2,1,5,-0.0853675768535932
"3193","Lusitania",2,2,1,5,-0.0503353192797252
"3194","Achaia",2,2,1,5,-0.0193689403651546
"3195","Mauretania Caesariensis",2,2,1,5,-0.00995723398654449
"3196","Apulia et Calabria (Regio II)",2,2,1,5,0.0104424099342086
"3197","Samnium (Regio IV)",2,2,1,5,0.0333714838631684
"3198","Baetica",2,2,1,5,0.165524484632363
"3199","Venetia et Histria (Regio X)",2,2,1,5,0.17284845896332
"3200","Latium et Campania (Regio I)",2,2,1,5,6.11340040819837
"3201","Lugdunensis",2,2,2,1,-0.453125283580666
"3202","Belgica",2,2,2,1,-0.420582501971605
"3203","Raetia",2,2,2,1,-0.396533238846203
"3204","Germania Inferior",2,2,2,1,-0.389132018995024
"3205","Aquitania",2,2,2,1,-0.346177927455539
"3206","Pannonia Superior",2,2,2,1,-0.331087215104242
"3207","Britannia",2,2,2,1,-0.305016567624433
"3208","Germania Superior",2,2,2,1,-0.284438875168818
"3209","Narbonensis",2,2,2,1,-0.281099792706148
"3210","Dacia",2,2,2,1,-0.247440285733163
"3211","Dalmatia",2,2,2,1,-0.232569975324857
"3212","Pannonia Inferior",2,2,2,1,-0.209651733945365
"3213","Transpadana (Regio XI)",2,2,2,1,-0.202427213227623
"3214","Moesia Inferior",2,2,2,1,-0.197535497726782
"3215","Noricum",2,2,2,1,-0.187818221176697
"3216","Moesia Superior",2,2,2,1,-0.180783704069565
"3217","Aemilia (Regio VIII)",2,2,2,1,-0.172077129338204
"3218","Liguria (Regio IX)",2,2,2,1,-0.16931857013373
"3219","Picenum (Regio V)",2,2,2,1,-0.158284263664293
"3220","Umbria (Regio VI)",2,2,2,1,-0.154103305667239
"3221","Asia",2,2,2,1,-0.153889393199076
"3222","Bruttium et Lucania (Regio III)",2,2,2,1,-0.126706069021422
"3223","Mauretania Tingitana",2,2,2,1,-0.105107656190176
"3224","Numidia",2,2,2,1,-0.103566278183659
"3225","Galatia",2,2,2,1,-0.0978033745221626
"3226","Etruria (Regio VII)",2,2,2,1,-0.0951902722637517
"3227","Macedonia",2,2,2,1,-0.0940250386917671
"3228","Syria",2,2,2,1,-0.0926492004515742
"3229","Sardinia",2,2,2,1,-0.0897676527929951
"3230","Hispania Citerior",2,2,2,1,-0.0851435299193118
"3231","Sicilia",2,2,2,1,-0.0834949720617556
"3232","Lusitania",2,2,2,1,-0.0602318000229035
"3233","Mauretania Caesariensis",2,2,2,1,-0.0105980302331453
"3234","Africa Proconsularis",2,2,2,1,0.00755172308635432
"3235","Achaia",2,2,2,1,0.0114975307154257
"3236","Apulia et Calabria (Regio II)",2,2,2,1,0.0140303991736094
"3237","Samnium (Regio IV)",2,2,2,1,0.0810517327968207
"3238","Venetia et Histria (Regio X)",2,2,2,1,0.111455207249302
"3239","Baetica",2,2,2,1,0.189872741149996
"3240","Latium et Campania (Regio I)",2,2,2,1,6.10191725484239
"3241","Lugdunensis",2,2,2,2,-0.442032330622742
"3242","Belgica",2,2,2,2,-0.405109049812241
"3243","Raetia",2,2,2,2,-0.387174270445685
"3244","Germania Inferior",2,2,2,2,-0.376178975069472
"3245","Aquitania",2,2,2,2,-0.34031501568294
"3246","Pannonia Superior",2,2,2,2,-0.32765438705452
"3247","Britannia",2,2,2,2,-0.298528262262188
"3248","Germania Superior",2,2,2,2,-0.270710343557438
"3249","Narbonensis",2,2,2,2,-0.27008255396229
"3250","Dacia",2,2,2,2,-0.256181840947741
"3251","Dalmatia",2,2,2,2,-0.23352599861908
"3252","Pannonia Inferior",2,2,2,2,-0.21539671004805
"3253","Moesia Inferior",2,2,2,2,-0.205306178254097
"3254","Transpadana (Regio XI)",2,2,2,2,-0.195497359722522
"3255","Noricum",2,2,2,2,-0.186420892575901
"3256","Moesia Superior",2,2,2,2,-0.185952142051625
"3257","Asia",2,2,2,2,-0.174081672175064
"3258","Liguria (Regio IX)",2,2,2,2,-0.168770147545588
"3259","Aemilia (Regio VIII)",2,2,2,2,-0.167386839465831
"3260","Picenum (Regio V)",2,2,2,2,-0.158514520984084
"3261","Umbria (Regio VI)",2,2,2,2,-0.154113561268811
"3262","Bruttium et Lucania (Regio III)",2,2,2,2,-0.129238474425503
"3263","Numidia",2,2,2,2,-0.12125173588795
"3264","Mauretania Tingitana",2,2,2,2,-0.104958474746078
"3265","Etruria (Regio VII)",2,2,2,2,-0.100477394916863
"3266","Galatia",2,2,2,2,-0.0992443180851332
"3267","Macedonia",2,2,2,2,-0.0973236976649576
"3268","Syria",2,2,2,2,-0.0927612786418756
"3269","Sardinia",2,2,2,2,-0.0898444941164401
"3270","Sicilia",2,2,2,2,-0.088631044520907
"3271","Hispania Citerior",2,2,2,2,-0.0826783121504543
"3272","Lusitania",2,2,2,2,-0.0592783311685368
"3273","Mauretania Caesariensis",2,2,2,2,-0.010952886218073
"3274","Achaia",2,2,2,2,-0.00313875844397407
"3275","Africa Proconsularis",2,2,2,2,-0.00191076692896268
"3276","Apulia et Calabria (Regio II)",2,2,2,2,0.01467696152612
"3277","Samnium (Regio IV)",2,2,2,2,0.0746561163491945
"3278","Venetia et Histria (Regio X)",2,2,2,2,0.119916275865512
"3279","Baetica",2,2,2,2,0.185880869892746
"3280","Latium et Campania (Regio I)",2,2,2,2,6.10549279641005
"3281","Lugdunensis",2,2,2,3,-0.430317057778269
"3282","Belgica",2,2,2,3,-0.404128716093197
"3283","Raetia",2,2,2,3,-0.382705395001874
"3284","Germania Inferior",2,2,2,3,-0.371384630427005
"3285","Aquitania",2,2,2,3,-0.341434736687858
"3286","Pannonia Superior",2,2,2,3,-0.329392089816663
"3287","Britannia",2,2,2,3,-0.302624882954464
"3288","Dacia",2,2,2,3,-0.261534724548325
"3289","Germania Superior",2,2,2,3,-0.259762458323991
"3290","Dalmatia",2,2,2,3,-0.232893661802108
"3291","Pannonia Inferior",2,2,2,3,-0.220644599774785
"3292","Narbonensis",2,2,2,3,-0.216725048549317
"3293","Moesia Inferior",2,2,2,3,-0.210569676404029
"3294","Noricum",2,2,2,3,-0.202888074401612
"3295","Asia",2,2,2,3,-0.19201315474589
"3296","Transpadana (Regio XI)",2,2,2,3,-0.187428890661046
"3297","Moesia Superior",2,2,2,3,-0.172027677224993
"3298","Liguria (Regio IX)",2,2,2,3,-0.167785106952676
"3299","Aemilia (Regio VIII)",2,2,2,3,-0.163233839469424
"3300","Picenum (Regio V)",2,2,2,3,-0.160809941432572
"3301","Umbria (Regio VI)",2,2,2,3,-0.160499916573772
"3302","Bruttium et Lucania (Regio III)",2,2,2,3,-0.137069939750888
"3303","Numidia",2,2,2,3,-0.129936309461246
"3304","Mauretania Tingitana",2,2,2,3,-0.108931350653276
"3305","Etruria (Regio VII)",2,2,2,3,-0.108564558720561
"3306","Macedonia",2,2,2,3,-0.106366523591807
"3307","Galatia",2,2,2,3,-0.106034966928523
"3308","Sicilia",2,2,2,3,-0.0985180604613269
"3309","Syria",2,2,2,3,-0.0971078482271742
"3310","Sardinia",2,2,2,3,-0.0931896721095033
"3311","Hispania Citerior",2,2,2,3,-0.0827569737576422
"3312","Lusitania",2,2,2,3,-0.0454677822054788
"3313","Africa Proconsularis",2,2,2,3,-0.0270249962076474
"3314","Achaia",2,2,2,3,-0.0133566168960281
"3315","Mauretania Caesariensis",2,2,2,3,-0.0108739878793801
"3316","Apulia et Calabria (Regio II)",2,2,2,3,0.0112995633880297
"3317","Samnium (Regio IV)",2,2,2,3,0.040749094203742
"3318","Venetia et Histria (Regio X)",2,2,2,3,0.16603976884735
"3319","Baetica",2,2,2,3,0.212421913586522
"3320","Latium et Campania (Regio I)",2,2,2,3,6.10549352644871
"3321","Lugdunensis",2,2,2,4,-0.405842904283183
"3322","Belgica",2,2,2,4,-0.369852858712686
"3323","Raetia",2,2,2,4,-0.35883342054278
"3324","Germania Inferior",2,2,2,4,-0.348360383157094
"3325","Aquitania",2,2,2,4,-0.33033349486032
"3326","Pannonia Superior",2,2,2,4,-0.327494111315646
"3327","Britannia",2,2,2,4,-0.299514569701172
"3328","Dacia",2,2,2,4,-0.268241966720246
"3329","Germania Superior",2,2,2,4,-0.236860385583337
"3330","Pannonia Inferior",2,2,2,4,-0.225351958951157
"3331","Dalmatia",2,2,2,4,-0.22198723722272
"3332","Asia",2,2,2,4,-0.21973976660823
"3333","Moesia Inferior",2,2,2,4,-0.212972041100231
"3334","Noricum",2,2,2,4,-0.208279199558076
"3335","Narbonensis",2,2,2,4,-0.188016578707104
"3336","Transpadana (Regio XI)",2,2,2,4,-0.177051869808399
"3337","Picenum (Regio V)",2,2,2,4,-0.168098239014341
"3338","Moesia Superior",2,2,2,4,-0.168019374718951
"3339","Liguria (Regio IX)",2,2,2,4,-0.165105510762341
"3340","Aemilia (Regio VIII)",2,2,2,4,-0.155649890663563
"3341","Bruttium et Lucania (Regio III)",2,2,2,4,-0.146021389362364
"3342","Numidia",2,2,2,4,-0.141943330735887
"3343","Umbria (Regio VI)",2,2,2,4,-0.13747280048281
"3344","Etruria (Regio VII)",2,2,2,4,-0.117730531179628
"3345","Macedonia",2,2,2,4,-0.117650972940149
"3346","Galatia",2,2,2,4,-0.112454156194345
"3347","Mauretania Tingitana",2,2,2,4,-0.110910980858539
"3348","Sicilia",2,2,2,4,-0.110103390305328
"3349","Syria",2,2,2,4,-0.101932264052926
"3350","Sardinia",2,2,2,4,-0.0957575528835087
"3351","Africa Proconsularis",2,2,2,4,-0.0880454759246607
"3352","Hispania Citerior",2,2,2,4,-0.0848610054951422
"3353","Lusitania",2,2,2,4,-0.0529459150432632
"3354","Achaia",2,2,2,4,-0.0228946823123503
"3355","Mauretania Caesariensis",2,2,2,4,-0.0114369178017459
"3356","Apulia et Calabria (Regio II)",2,2,2,4,0.0138621540875877
"3357","Samnium (Regio IV)",2,2,2,4,0.0340649046204581
"3358","Baetica",2,2,2,4,0.16662722634585
"3359","Venetia et Histria (Regio X)",2,2,2,4,0.179453265765097
"3360","Latium et Campania (Regio I)",2,2,2,4,6.11375957674523
"3361","Lugdunensis",2,2,2,5,-0.40207288612975
"3362","Belgica",2,2,2,5,-0.365719351862502
"3363","Raetia",2,2,2,5,-0.35610489334097
"3364","Germania Inferior",2,2,2,5,-0.344277646996989
"3365","Aquitania",2,2,2,5,-0.329102857791383
"3366","Pannonia Superior",2,2,2,5,-0.325778408951878
"3367","Britannia",2,2,2,5,-0.2987051569683
"3368","Dacia",2,2,2,5,-0.266604963585843
"3369","Germania Superior",2,2,2,5,-0.233700398411172
"3370","Pannonia Inferior",2,2,2,5,-0.224496458980928
"3371","Asia",2,2,2,5,-0.220667618113704
"3372","Dalmatia",2,2,2,5,-0.218107922231968
"3373","Moesia Inferior",2,2,2,5,-0.211603072060038
"3374","Noricum",2,2,2,5,-0.207057847505154
"3375","Narbonensis",2,2,2,5,-0.185161688321422
"3376","Transpadana (Regio XI)",2,2,2,5,-0.175132532802647
"3377","Picenum (Regio V)",2,2,2,5,-0.168172221558078
"3378","Moesia Superior",2,2,2,5,-0.166385495249001
"3379","Liguria (Regio IX)",2,2,2,5,-0.164850686697219
"3380","Aemilia (Regio VIII)",2,2,2,5,-0.155087334179457
"3381","Bruttium et Lucania (Regio III)",2,2,2,5,-0.147693767214653
"3382","Numidia",2,2,2,5,-0.143770665598606
"3383","Umbria (Regio VI)",2,2,2,5,-0.138124138199186
"3384","Macedonia",2,2,2,5,-0.118548729597554
"3385","Etruria (Regio VII)",2,2,2,5,-0.116809955152676
"3386","Africa Proconsularis",2,2,2,5,-0.115349329334879
"3387","Galatia",2,2,2,5,-0.112907927590799
"3388","Sicilia",2,2,2,5,-0.111881233604362
"3389","Mauretania Tingitana",2,2,2,5,-0.11086796490194
"3390","Syria",2,2,2,5,-0.102195082553328
"3391","Sardinia",2,2,2,5,-0.0962633829060636
"3392","Hispania Citerior",2,2,2,5,-0.0854898380281411
"3393","Lusitania",2,2,2,5,-0.0537388675268137
"3394","Achaia",2,2,2,5,-0.022676830849622
"3395","Mauretania Caesariensis",2,2,2,5,-0.0121721592540397
"3396","Apulia et Calabria (Regio II)",2,2,2,5,0.0149141484659919
"3397","Samnium (Regio IV)",2,2,2,5,0.0327140617280588
"3398","Baetica",2,2,2,5,0.164652410143265
"3399","Venetia et Histria (Regio X)",2,2,2,5,0.180107603106779
"3400","Latium et Campania (Regio I)",2,2,2,5,6.11489109060697
"3401","Belgica",2,2,3,1,-0.460387486340469
"3402","Lugdunensis",2,2,3,1,-0.454788360497605
"3403","Raetia",2,2,3,1,-0.410614301649199
"3404","Germania Inferior",2,2,3,1,-0.409821340656572
"3405","Aquitania",2,2,3,1,-0.357200606751775
"3406","Pannonia Superior",2,2,3,1,-0.33172547876502
"3407","Britannia",2,2,3,1,-0.31383382055525
"3408","Narbonensis",2,2,3,1,-0.302123918185537
"3409","Germania Superior",2,2,3,1,-0.30074247370957
"3410","Dalmatia",2,2,3,1,-0.244687480989559
"3411","Dacia",2,2,3,1,-0.240895751772567
"3412","Pannonia Inferior",2,2,3,1,-0.203837921470802
"3413","Transpadana (Regio XI)",2,2,3,1,-0.202776574262034
"3414","Moesia Inferior",2,2,3,1,-0.196741373354946
"3415","Noricum",2,2,3,1,-0.184517309642267
"3416","Moesia Superior",2,2,3,1,-0.182105789284832
"3417","Aemilia (Regio VIII)",2,2,3,1,-0.172364779032606
"3418","Liguria (Regio IX)",2,2,3,1,-0.168094693161019
"3419","Picenum (Regio V)",2,2,3,1,-0.15366914985681
"3420","Umbria (Regio VI)",2,2,3,1,-0.152923651405641
"3421","Asia",2,2,3,1,-0.12946828089768
"3422","Bruttium et Lucania (Regio III)",2,2,3,1,-0.120935201893805
"3423","Mauretania Tingitana",2,2,3,1,-0.103308566117941
"3424","Galatia",2,2,3,1,-0.0926385596461706
"3425","Syria",2,2,3,1,-0.0910530572427671
"3426","Sardinia",2,2,3,1,-0.0891854507119849
"3427","Numidia",2,2,3,1,-0.0891789338883151
"3428","Macedonia",2,2,3,1,-0.0877752847788692
"3429","Etruria (Regio VII)",2,2,3,1,-0.0859853130566137
"3430","Hispania Citerior",2,2,3,1,-0.0855393408029245
"3431","Sicilia",2,2,3,1,-0.0696591166692768
"3432","Lusitania",2,2,3,1,-0.0597307540048118
"3433","Mauretania Caesariensis",2,2,3,1,-0.0112185556843162
"3434","Apulia et Calabria (Regio II)",2,2,3,1,0.0113758619380374
"3435","Achaia",2,2,3,1,0.0186469143510303
"3436","Africa Proconsularis",2,2,3,1,0.0275507288891953
"3437","Samnium (Regio IV)",2,2,3,1,0.0913765115674245
"3438","Venetia et Histria (Regio X)",2,2,3,1,0.109560650027001
"3439","Baetica",2,2,3,1,0.206315885957123
"3440","Latium et Campania (Regio I)",2,2,3,1,6.09470212400974
"3441","Lugdunensis",2,2,3,2,-0.423787212931974
"3442","Raetia",2,2,3,2,-0.3861262077583
"3443","Germania Inferior",2,2,3,2,-0.372246059943213
"3444","Belgica",2,2,3,2,-0.366352682794274
"3445","Aquitania",2,2,3,2,-0.342949855590722
"3446","Pannonia Superior",2,2,3,2,-0.323454982458301
"3447","Britannia",2,2,3,2,-0.297399963089189
"3448","Narbonensis",2,2,3,2,-0.274366420595643
"3449","Germania Superior",2,2,3,2,-0.269666376712925
"3450","Dacia",2,2,3,2,-0.244220914800936
"3451","Dalmatia",2,2,3,2,-0.219673522243053
"3452","Pannonia Inferior",2,2,3,2,-0.210688357077154
"3453","Moesia Inferior",2,2,3,2,-0.202137150615841
"3454","Transpadana (Regio XI)",2,2,3,2,-0.192171112269399
"3455","Noricum",2,2,3,2,-0.18524382165919
"3456","Moesia Superior",2,2,3,2,-0.183717631701984
"3457","Asia",2,2,3,2,-0.178021420622224
"3458","Liguria (Regio IX)",2,2,3,2,-0.168649910255228
"3459","Aemilia (Regio VIII)",2,2,3,2,-0.167635394210104
"3460","Umbria (Regio VI)",2,2,3,2,-0.163873954585137
"3461","Picenum (Regio V)",2,2,3,2,-0.160126152015278
"3462","Bruttium et Lucania (Regio III)",2,2,3,2,-0.133272336989752
"3463","Numidia",2,2,3,2,-0.125772304962009
"3464","Mauretania Tingitana",2,2,3,2,-0.104907727834599
"3465","Galatia",2,2,3,2,-0.101411357032469
"3466","Macedonia",2,2,3,2,-0.100717066830377
"3467","Etruria (Regio VII)",2,2,3,2,-0.0999884027595189
"3468","Syria",2,2,3,2,-0.0959312737770174
"3469","Sicilia",2,2,3,2,-0.0926338223694833
"3470","Sardinia",2,2,3,2,-0.0915463439200298
"3471","Hispania Citerior",2,2,3,2,-0.0874139462216469
"3472","Lusitania",2,2,3,2,-0.0622980818989781
"3473","Africa Proconsularis",2,2,3,2,-0.0173593955703765
"3474","Mauretania Caesariensis",2,2,3,2,-0.0122994793399561
"3475","Achaia",2,2,3,2,-0.00379420941901841
"3476","Apulia et Calabria (Regio II)",2,2,3,2,0.0056685661062722
"3477","Samnium (Regio IV)",2,2,3,2,0.0438937052613625
"3478","Venetia et Histria (Regio X)",2,2,3,2,0.123390613317561
"3479","Baetica",2,2,3,2,0.17835278699294
"3480","Latium et Campania (Regio I)",2,2,3,2,6.11054918117717
"3481","Lugdunensis",2,2,3,3,-0.412047061925059
"3482","Raetia",2,2,3,3,-0.376433834622598
"3483","Germania Inferior",2,2,3,3,-0.358724282522734
"3484","Belgica",2,2,3,3,-0.353572294621453
"3485","Aquitania",2,2,3,3,-0.340520838543156
"3486","Pannonia Superior",2,2,3,3,-0.322627567896811
"3487","Britannia",2,2,3,3,-0.29389904686477
"3488","Dacia",2,2,3,3,-0.2606861682188
"3489","Narbonensis",2,2,3,3,-0.258601270734004
"3490","Germania Superior",2,2,3,3,-0.252772783354686
"3491","Dalmatia",2,2,3,3,-0.220210105747445
"3492","Pannonia Inferior",2,2,3,3,-0.217294025914909
"3493","Moesia Inferior",2,2,3,3,-0.207796029226245
"3494","Asia",2,2,3,3,-0.203738560308931
"3495","Noricum",2,2,3,3,-0.199961603211194
"3496","Moesia Superior",2,2,3,3,-0.187315713249686
"3497","Transpadana (Regio XI)",2,2,3,3,-0.182551918401906
"3498","Liguria (Regio IX)",2,2,3,3,-0.168176328368248
"3499","Picenum (Regio V)",2,2,3,3,-0.163737645426442
"3500","Aemilia (Regio VIII)",2,2,3,3,-0.160789095190516
"3501","Umbria (Regio VI)",2,2,3,3,-0.145297695566899
"3502","Bruttium et Lucania (Regio III)",2,2,3,3,-0.138435383353606
"3503","Numidia",2,2,3,3,-0.13412395142972
"3504","Etruria (Regio VII)",2,2,3,3,-0.112827176786497
"3505","Macedonia",2,2,3,3,-0.110919216737965
"3506","Mauretania Tingitana",2,2,3,3,-0.106683286645547
"3507","Galatia",2,2,3,3,-0.105753546971752
"3508","Sicilia",2,2,3,3,-0.101997332823847
"3509","Syria",2,2,3,3,-0.0988861167834038
"3510","Sardinia",2,2,3,3,-0.0927588863022576
"3511","Hispania Citerior",2,2,3,3,-0.0854220793566726
"3512","Africa Proconsularis",2,2,3,3,-0.0436404203886383
"3513","Lusitania",2,2,3,3,-0.043559412245388
"3514","Achaia",2,2,3,3,-0.01810015428369
"3515","Mauretania Caesariensis",2,2,3,3,-0.0125530655310903
"3516","Apulia et Calabria (Regio II)",2,2,3,3,0.0114018734813567
"3517","Samnium (Regio IV)",2,2,3,3,0.0401738533571321
"3518","Baetica",2,2,3,3,0.160135862568573
"3519","Venetia et Histria (Regio X)",2,2,3,3,0.168592423056943
"3520","Latium et Campania (Regio I)",2,2,3,3,6.11210988709256
"3521","Lugdunensis",2,2,3,4,-0.411771613590499
"3522","Raetia",2,2,3,4,-0.363915680780833
"3523","Germania Inferior",2,2,3,4,-0.347540262775343
"3524","Belgica",2,2,3,4,-0.33424316180797
"3525","Aquitania",2,2,3,4,-0.332436902776976
"3526","Pannonia Superior",2,2,3,4,-0.321868674797101
"3527","Britannia",2,2,3,4,-0.290824726742991
"3528","Dacia",2,2,3,4,-0.264542645256832
"3529","Narbonensis",2,2,3,4,-0.24519633969479
"3530","Germania Superior",2,2,3,4,-0.241017882004754
"3531","Pannonia Inferior",2,2,3,4,-0.221051079906181
"3532","Dalmatia",2,2,3,4,-0.21651139541859
"3533","Asia",2,2,3,4,-0.2128382278058
"3534","Moesia Inferior",2,2,3,4,-0.208807847724632
"3535","Noricum",2,2,3,4,-0.203349703489816
"3536","Transpadana (Regio XI)",2,2,3,4,-0.177797656145698
"3537","Moesia Superior",2,2,3,4,-0.168090074413147
"3538","Picenum (Regio V)",2,2,3,4,-0.16723909950084
"3539","Liguria (Regio IX)",2,2,3,4,-0.166636256962428
"3540","Aemilia (Regio VIII)",2,2,3,4,-0.161071177747029
"3541","Umbria (Regio VI)",2,2,3,4,-0.148603155936691
"3542","Bruttium et Lucania (Regio III)",2,2,3,4,-0.143148440350662
"3543","Numidia",2,2,3,4,-0.139107350198255
"3544","Etruria (Regio VII)",2,2,3,4,-0.118493022535151
"3545","Macedonia",2,2,3,4,-0.113126530202103
"3546","Galatia",2,2,3,4,-0.108634268001493
"3547","Sicilia",2,2,3,4,-0.107009889366225
"3548","Mauretania Tingitana",2,2,3,4,-0.106440897899689
"3549","Syria",2,2,3,4,-0.10069704428173
"3550","Sardinia",2,2,3,4,-0.0935164671992858
"3551","Hispania Citerior",2,2,3,4,-0.0865831022853376
"3552","Africa Proconsularis",2,2,3,4,-0.082921689548846
"3553","Lusitania",2,2,3,4,-0.047070470555537
"3554","Achaia",2,2,3,4,-0.0217385959715582
"3555","Mauretania Caesariensis",2,2,3,4,-0.0133263528377137
"3556","Apulia et Calabria (Regio II)",2,2,3,4,0.0121991394425409
"3557","Samnium (Regio IV)",2,2,3,4,0.0352200269749826
"3558","Baetica",2,2,3,4,0.15359707106737
"3559","Venetia et Histria (Regio X)",2,2,3,4,0.170805525365758
"3560","Latium et Campania (Regio I)",2,2,3,4,6.11534592366188
"3561","Lugdunensis",2,2,3,5,-0.411345260925504
"3562","Raetia",2,2,3,5,-0.363902123718508
"3563","Germania Inferior",2,2,3,5,-0.344057768128726
"3564","Aquitania",2,2,3,5,-0.334842290522826
"3565","Belgica",2,2,3,5,-0.333057678820925
"3566","Pannonia Superior",2,2,3,5,-0.313641371073393
"3567","Britannia",2,2,3,5,-0.296373504655397
"3568","Dacia",2,2,3,5,-0.262950932693456
"3569","Narbonensis",2,2,3,5,-0.242153814124968
"3570","Germania Superior",2,2,3,5,-0.241428200275404
"3571","Pannonia Inferior",2,2,3,5,-0.221497686004873
"3572","Asia",2,2,3,5,-0.218272384459945
"3573","Dalmatia",2,2,3,5,-0.215127671583122
"3574","Moesia Inferior",2,2,3,5,-0.208412533512152
"3575","Noricum",2,2,3,5,-0.202129710292568
"3576","Transpadana (Regio XI)",2,2,3,5,-0.183424908255545
"3577","Picenum (Regio V)",2,2,3,5,-0.170925928528604
"3578","Liguria (Regio IX)",2,2,3,5,-0.169392096247386
"3579","Moesia Superior",2,2,3,5,-0.168161427984484
"3580","Aemilia (Regio VIII)",2,2,3,5,-0.161672047244554
"3581","Umbria (Regio VI)",2,2,3,5,-0.14911009840928
"3582","Bruttium et Lucania (Regio III)",2,2,3,5,-0.145716025990803
"3583","Numidia",2,2,3,5,-0.140136095746561
"3584","Etruria (Regio VII)",2,2,3,5,-0.118828815354808
"3585","Macedonia",2,2,3,5,-0.116328572497326
"3586","Galatia",2,2,3,5,-0.110235377954814
"3587","Sicilia",2,2,3,5,-0.109233588929184
"3588","Mauretania Tingitana",2,2,3,5,-0.108939802308963
"3589","Africa Proconsularis",2,2,3,5,-0.105654751209376
"3590","Syria",2,2,3,5,-0.102573289148581
"3591","Sardinia",2,2,3,5,-0.0932741984822846
"3592","Hispania Citerior",2,2,3,5,-0.0855170143203733
"3593","Lusitania",2,2,3,5,-0.0439216720447999
"3594","Achaia",2,2,3,5,-0.0200335423546846
"3595","Mauretania Caesariensis",2,2,3,5,-0.0131195081908041
"3596","Apulia et Calabria (Regio II)",2,2,3,5,0.0101739210238833
"3597","Samnium (Regio IV)",2,2,3,5,0.0363470217929785
"3598","Venetia et Histria (Regio X)",2,2,3,5,0.171674469357323
"3599","Baetica",2,2,3,5,0.193593460369656
"3600","Latium et Campania (Regio I)",2,2,3,5,6.11360281945114
"3601","Belgica",2,2,4,1,-0.467540058083454
"3602","Lugdunensis",2,2,4,1,-0.466958144455572
"3603","Raetia",2,2,4,1,-0.425081168752575
"3604","Germania Inferior",2,2,4,1,-0.415662172101175
"3605","Aquitania",2,2,4,1,-0.359451614661713
"3606","Pannonia Superior",2,2,4,1,-0.327695805666148
"3607","Britannia",2,2,4,1,-0.318017487971365
"3608","Germania Superior",2,2,4,1,-0.312770523286784
"3609","Narbonensis",2,2,4,1,-0.312569680613714
"3610","Dalmatia",2,2,4,1,-0.252172428912478
"3611","Dacia",2,2,4,1,-0.242389126732023
"3612","Transpadana (Regio XI)",2,2,4,1,-0.211090441950021
"3613","Pannonia Inferior",2,2,4,1,-0.202594473886493
"3614","Moesia Inferior",2,2,4,1,-0.197064489915682
"3615","Noricum",2,2,4,1,-0.18398955656297
"3616","Moesia Superior",2,2,4,1,-0.177746866084731
"3617","Aemilia (Regio VIII)",2,2,4,1,-0.173278787083647
"3618","Liguria (Regio IX)",2,2,4,1,-0.171975175375439
"3619","Umbria (Regio VI)",2,2,4,1,-0.154024383261588
"3620","Picenum (Regio V)",2,2,4,1,-0.153641123599804
"3621","Asia",2,2,4,1,-0.118030379388179
"3622","Bruttium et Lucania (Regio III)",2,2,4,1,-0.112717114711812
"3623","Mauretania Tingitana",2,2,4,1,-0.103088991332718
"3624","Syria",2,2,4,1,-0.0915710658136235
"3625","Galatia",2,2,4,1,-0.0914674390300963
"3626","Macedonia",2,2,4,1,-0.0869597305343258
"3627","Hispania Citerior",2,2,4,1,-0.0841496656314993
"3628","Sardinia",2,2,4,1,-0.0821500001573462
"3629","Etruria (Regio VII)",2,2,4,1,-0.081727187956333
"3630","Numidia",2,2,4,1,-0.0774529994978867
"3631","Sicilia",2,2,4,1,-0.0678410689765124
"3632","Lusitania",2,2,4,1,-0.0427564984367372
"3633","Mauretania Caesariensis",2,2,4,1,-0.0116054281291584
"3634","Apulia et Calabria (Regio II)",2,2,4,1,0.00316906124377654
"3635","Achaia",2,2,4,1,0.0183637267937215
"3636","Africa Proconsularis",2,2,4,1,0.0508840059303178
"3637","Samnium (Regio IV)",2,2,4,1,0.0901350367574422
"3638","Venetia et Histria (Regio X)",2,2,4,1,0.107200460606594
"3639","Baetica",2,2,4,1,0.217063405352284
"3640","Latium et Campania (Regio I)",2,2,4,1,6.09041538186947
"3641","Belgica",2,2,4,2,-0.460632749095534
"3642","Lugdunensis",2,2,4,2,-0.451578923310197
"3643","Raetia",2,2,4,2,-0.409410227652173
"3644","Germania Inferior",2,2,4,2,-0.405384165305238
"3645","Aquitania",2,2,4,2,-0.359268871041482
"3646","Pannonia Superior",2,2,4,2,-0.328683309259071
"3647","Britannia",2,2,4,2,-0.313290456418976
"3648","Narbonensis",2,2,4,2,-0.298617067047316
"3649","Germania Superior",2,2,4,2,-0.293614415752538
"3650","Dalmatia",2,2,4,2,-0.239684171471449
"3651","Dacia",2,2,4,2,-0.237257772133034
"3652","Pannonia Inferior",2,2,4,2,-0.200802468733231
"3653","Transpadana (Regio XI)",2,2,4,2,-0.198409097175102
"3654","Moesia Inferior",2,2,4,2,-0.195452413577319
"3655","Noricum",2,2,4,2,-0.182482366129924
"3656","Moesia Superior",2,2,4,2,-0.182195256739561
"3657","Aemilia (Regio VIII)",2,2,4,2,-0.167647996292345
"3658","Liguria (Regio IX)",2,2,4,2,-0.166755744459204
"3659","Picenum (Regio V)",2,2,4,2,-0.150839729904952
"3660","Asia",2,2,4,2,-0.138208834875422
"3661","Umbria (Regio VI)",2,2,4,2,-0.127186445413659
"3662","Bruttium et Lucania (Regio III)",2,2,4,2,-0.121963225030049
"3663","Mauretania Tingitana",2,2,4,2,-0.103690545381598
"3664","Numidia",2,2,4,2,-0.100867435983222
"3665","Galatia",2,2,4,2,-0.0943637884470911
"3666","Syria",2,2,4,2,-0.0914825823681414
"3667","Macedonia",2,2,4,2,-0.0908546900430619
"3668","Sardinia",2,2,4,2,-0.0906661760075773
"3669","Hispania Citerior",2,2,4,2,-0.0858708837522427
"3670","Etruria (Regio VII)",2,2,4,2,-0.0803767462633599
"3671","Sicilia",2,2,4,2,-0.0762078035551155
"3672","Lusitania",2,2,4,2,-0.0612916739840628
"3673","Mauretania Caesariensis",2,2,4,2,-0.012916691406849
"3674","Apulia et Calabria (Regio II)",2,2,4,2,0.00737591418375886
"3675","Achaia",2,2,4,2,0.0117590989075371
"3676","Africa Proconsularis",2,2,4,2,0.0181259091898726
"3677","Samnium (Regio IV)",2,2,4,2,0.0607122997053355
"3678","Venetia et Histria (Regio X)",2,2,4,2,0.121401370219342
"3679","Baetica",2,2,4,2,0.201314728236897
"3680","Latium et Campania (Regio I)",2,2,4,2,6.09726540356736
"3681","Lugdunensis",2,2,4,3,-0.432948240079289
"3682","Belgica",2,2,4,3,-0.427972414775128
"3683","Raetia",2,2,4,3,-0.393291405364013
"3684","Germania Inferior",2,2,4,3,-0.382558174451028
"3685","Aquitania",2,2,4,3,-0.351928819968076
"3686","Pannonia Superior",2,2,4,3,-0.324966041700895
"3687","Britannia",2,2,4,3,-0.303970217408678
"3688","Narbonensis",2,2,4,3,-0.277426503566724
"3689","Germania Superior",2,2,4,3,-0.269634323982802
"3690","Dacia",2,2,4,3,-0.253689382641816
"3691","Dalmatia",2,2,4,3,-0.237204121142396
"3692","Pannonia Inferior",2,2,4,3,-0.210988763408193
"3693","Moesia Inferior",2,2,4,3,-0.205654996549052
"3694","Noricum",2,2,4,3,-0.195071862512048
"3695","Transpadana (Regio XI)",2,2,4,3,-0.189728319705658
"3696","Moesia Superior",2,2,4,3,-0.188052791083946
"3697","Asia",2,2,4,3,-0.178159947470464
"3698","Liguria (Regio IX)",2,2,4,3,-0.167338743680035
"3699","Aemilia (Regio VIII)",2,2,4,3,-0.159365498175419
"3700","Picenum (Regio V)",2,2,4,3,-0.156988647237102
"3701","Umbria (Regio VI)",2,2,4,3,-0.135073710466644
"3702","Bruttium et Lucania (Regio III)",2,2,4,3,-0.129585942297424
"3703","Numidia",2,2,4,3,-0.115693343153309
"3704","Mauretania Tingitana",2,2,4,3,-0.104886832477255
"3705","Macedonia",2,2,4,3,-0.10316591877136
"3706","Etruria (Regio VII)",2,2,4,3,-0.100359389207189
"3707","Galatia",2,2,4,3,-0.0995127940564476
"3708","Syria",2,2,4,3,-0.0947025823119321
"3709","Sardinia",2,2,4,3,-0.0909330130767081
"3710","Sicilia",2,2,4,3,-0.0889466877680867
"3711","Hispania Citerior",2,2,4,3,-0.0822696233013601
"3712","Lusitania",2,2,4,3,-0.0369860124657611
"3713","Mauretania Caesariensis",2,2,4,3,-0.0125649817136359
"3714","Achaia",2,2,4,3,-0.00933005394496825
"3715","Africa Proconsularis",2,2,4,3,-0.00615963592154537
"3716","Apulia et Calabria (Regio II)",2,2,4,3,0.0134725529314903
"3717","Samnium (Regio IV)",2,2,4,3,0.0531956786437864
"3718","Venetia et Histria (Regio X)",2,2,4,3,0.169584005721472
"3719","Baetica",2,2,4,3,0.178145467717926
"3720","Latium et Campania (Regio I)",2,2,4,3,6.10271203082171
"3721","Lugdunensis",2,2,4,4,-0.397684586396494
"3722","Raetia",2,2,4,4,-0.363627335617769
"3723","Germania Inferior",2,2,4,4,-0.345714162340731
"3724","Aquitania",2,2,4,4,-0.335610947149727
"3725","Belgica",2,2,4,4,-0.333612045048659
"3726","Pannonia Superior",2,2,4,4,-0.320267869523986
"3727","Britannia",2,2,4,4,-0.290624619397293
"3728","Dacia",2,2,4,4,-0.262698470031308
"3729","Narbonensis",2,2,4,4,-0.244349092770231
"3730","Germania Superior",2,2,4,4,-0.241517415754899
"3731","Pannonia Inferior",2,2,4,4,-0.219339011421624
"3732","Asia",2,2,4,4,-0.216245413020858
"3733","Dalmatia",2,2,4,4,-0.213453570024377
"3734","Moesia Inferior",2,2,4,4,-0.208446124349763
"3735","Noricum",2,2,4,4,-0.201699716470256
"3736","Moesia Superior",2,2,4,4,-0.184867921139427
"3737","Transpadana (Regio XI)",2,2,4,4,-0.18309186648731
"3738","Liguria (Regio IX)",2,2,4,4,-0.168023882193357
"3739","Picenum (Regio V)",2,2,4,4,-0.165879086957329
"3740","Aemilia (Regio VIII)",2,2,4,4,-0.158483828698766
"3741","Umbria (Regio VI)",2,2,4,4,-0.147122976234952
"3742","Bruttium et Lucania (Regio III)",2,2,4,4,-0.143306031622406
"3743","Numidia",2,2,4,4,-0.139646280451716
"3744","Etruria (Regio VII)",2,2,4,4,-0.118433080407543
"3745","Macedonia",2,2,4,4,-0.114934339199623
"3746","Sicilia",2,2,4,4,-0.108908657163293
"3747","Galatia",2,2,4,4,-0.108499918604599
"3748","Mauretania Tingitana",2,2,4,4,-0.106341573598393
"3749","Syria",2,2,4,4,-0.100571058412251
"3750","Sardinia",2,2,4,4,-0.0935469177202673
"3751","Hispania Citerior",2,2,4,4,-0.086494257500328
"3752","Africa Proconsularis",2,2,4,4,-0.0863878349278924
"3753","Lusitania",2,2,4,4,-0.0467056371081213
"3754","Achaia",2,2,4,4,-0.02231220523696
"3755","Mauretania Caesariensis",2,2,4,4,-0.0134351692419367
"3756","Apulia et Calabria (Regio II)",2,2,4,4,0.0136007218690493
"3757","Samnium (Regio IV)",2,2,4,4,0.0364622985962795
"3758","Baetica",2,2,4,4,0.151959750134419
"3759","Venetia et Histria (Regio X)",2,2,4,4,0.174016660275948
"3760","Latium et Campania (Regio I)",2,2,4,4,6.11584347134875
"3761","Lugdunensis",2,2,4,5,-0.423870965678301
"3762","Raetia",2,2,4,5,-0.386286650116171
"3763","Belgica",2,2,4,5,-0.372396354089058
"3764","Germania Inferior",2,2,4,5,-0.370311913018349
"3765","Aquitania",2,2,4,5,-0.347159324949634
"3766","Pannonia Superior",2,2,4,5,-0.317073601009228
"3767","Britannia",2,2,4,5,-0.297151120047159
"3768","Narbonensis",2,2,4,5,-0.27009084858265
"3769","Germania Superior",2,2,4,5,-0.265959412791159
"3770","Dacia",2,2,4,5,-0.262288567253775
"3771","Dalmatia",2,2,4,5,-0.230929420537324
"3772","Pannonia Inferior",2,2,4,5,-0.217728458262404
"3773","Moesia Inferior",2,2,4,5,-0.209409726163104
"3774","Asia",2,2,4,5,-0.200106528766364
"3775","Noricum",2,2,4,5,-0.197755887362628
"3776","Transpadana (Regio XI)",2,2,4,5,-0.194104360464114
"3777","Moesia Superior",2,2,4,5,-0.187894132000689
"3778","Liguria (Regio IX)",2,2,4,5,-0.168773206324785
"3779","Picenum (Regio V)",2,2,4,5,-0.1630218001196
"3780","Aemilia (Regio VIII)",2,2,4,5,-0.158780833226712
"3781","Bruttium et Lucania (Regio III)",2,2,4,5,-0.135609910954166
"3782","Umbria (Regio VI)",2,2,4,5,-0.132537200186109
"3783","Numidia",2,2,4,5,-0.115202140826316
"3784","Etruria (Regio VII)",2,2,4,5,-0.111484682905864
"3785","Macedonia",2,2,4,5,-0.108766733952016
"3786","Galatia",2,2,4,5,-0.104051437563363
"3787","Mauretania Tingitana",2,2,4,5,-0.103560778201173
"3788","Syria",2,2,4,5,-0.0989306417772825
"3789","Sardinia",2,2,4,5,-0.0902404245845054
"3790","Sicilia",2,2,4,5,-0.0885721293077311
"3791","Hispania Citerior",2,2,4,5,-0.0711188737789394
"3792","Africa Proconsularis",2,2,4,5,-0.0403459320376886
"3793","Lusitania",2,2,4,5,-0.0358002035049914
"3794","Achaia",2,2,4,5,-0.0148162363243347
"3795","Mauretania Caesariensis",2,2,4,5,-0.0130441071041979
"3796","Apulia et Calabria (Regio II)",2,2,4,5,0.0104849656263625
"3797","Samnium (Regio IV)",2,2,4,5,0.0586926947700129
"3798","Baetica",2,2,4,5,0.161049593791083
"3799","Venetia et Histria (Regio X)",2,2,4,5,0.166754895641269
"3800","Latium et Campania (Regio I)",2,2,4,5,6.10819239394316
"3801","Lugdunensis",2,2,5,1,-0.450498815285752
"3802","Raetia",2,2,5,1,-0.41110569696432
"3803","Belgica",2,2,5,1,-0.370643428021738
"3804","Germania Inferior",2,2,5,1,-0.368888787103017
"3805","Aquitania",2,2,5,1,-0.335528355333417
"3806","Pannonia Superior",2,2,5,1,-0.33065295615775
"3807","Britannia",2,2,5,1,-0.311035412854559
"3808","Germania Superior",2,2,5,1,-0.2956679010294
"3809","Narbonensis",2,2,5,1,-0.273343724215711
"3810","Dacia",2,2,5,1,-0.249343419372302
"3811","Pannonia Inferior",2,2,5,1,-0.210315456084662
"3812","Dalmatia",2,2,5,1,-0.20885438260091
"3813","Transpadana (Regio XI)",2,2,5,1,-0.203887130738784
"3814","Moesia Inferior",2,2,5,1,-0.200989158513997
"3815","Noricum",2,2,5,1,-0.191010779878243
"3816","Moesia Superior",2,2,5,1,-0.180798743816844
"3817","Liguria (Regio IX)",2,2,5,1,-0.1753463731447
"3818","Aemilia (Regio VIII)",2,2,5,1,-0.175245975961657
"3819","Picenum (Regio V)",2,2,5,1,-0.164017169140297
"3820","Umbria (Regio VI)",2,2,5,1,-0.157594635090929
"3821","Asia",2,2,5,1,-0.148569678112167
"3822","Bruttium et Lucania (Regio III)",2,2,5,1,-0.126725412079738
"3823","Mauretania Tingitana",2,2,5,1,-0.107744868937833
"3824","Galatia",2,2,5,1,-0.102112946346565
"3825","Macedonia",2,2,5,1,-0.0999028718713697
"3826","Etruria (Regio VII)",2,2,5,1,-0.0995491638928528
"3827","Numidia",2,2,5,1,-0.0978979346029359
"3828","Syria",2,2,5,1,-0.0977928389029795
"3829","Hispania Citerior",2,2,5,1,-0.0914667054742998
"3830","Sardinia",2,2,5,1,-0.0878123034411798
"3831","Sicilia",2,2,5,1,-0.0833071442870242
"3832","Lusitania",2,2,5,1,-0.053969595782099
"3833","Mauretania Caesariensis",2,2,5,1,-0.012953943999393
"3834","Apulia et Calabria (Regio II)",2,2,5,1,-0.00677347282693125
"3835","Achaia",2,2,5,1,0.00588282676835452
"3836","Africa Proconsularis",2,2,5,1,0.00721365112684492
"3837","Samnium (Regio IV)",2,2,5,1,0.0520516766807776
"3838","Venetia et Histria (Regio X)",2,2,5,1,0.111104427602309
"3839","Baetica",2,2,5,1,0.199427060948261
"3840","Latium et Campania (Regio I)",2,2,5,1,6.10566753873981
"3841","Belgica",2,2,5,2,-0.471331115042656
"3842","Lugdunensis",2,2,5,2,-0.466123626343991
"3843","Raetia",2,2,5,2,-0.425481313176322
"3844","Germania Inferior",2,2,5,2,-0.411757946831068
"3845","Aquitania",2,2,5,2,-0.360003770602574
"3846","Pannonia Superior",2,2,5,2,-0.325603618535358
"3847","Britannia",2,2,5,2,-0.317808263831963
"3848","Germania Superior",2,2,5,2,-0.306671089812025
"3849","Narbonensis",2,2,5,2,-0.304800015525274
"3850","Dalmatia",2,2,5,2,-0.248379476501504
"3851","Dacia",2,2,5,2,-0.238511421007743
"3852","Transpadana (Regio XI)",2,2,5,2,-0.206412737084701
"3853","Pannonia Inferior",2,2,5,2,-0.199305396105259
"3854","Moesia Inferior",2,2,5,2,-0.194827764547903
"3855","Noricum",2,2,5,2,-0.18180968774383
"3856","Moesia Superior",2,2,5,2,-0.178105916900281
"3857","Liguria (Regio IX)",2,2,5,2,-0.169621211514722
"3858","Aemilia (Regio VIII)",2,2,5,2,-0.168738014407102
"3859","Picenum (Regio V)",2,2,5,2,-0.149804295313007
"3860","Umbria (Regio VI)",2,2,5,2,-0.139478724632799
"3861","Asia",2,2,5,2,-0.123023362807912
"3862","Bruttium et Lucania (Regio III)",2,2,5,2,-0.112440376315509
"3863","Mauretania Tingitana",2,2,5,2,-0.103325622218659
"3864","Galatia",2,2,5,2,-0.092981495060886
"3865","Syria",2,2,5,2,-0.0904351312938499
"3866","Macedonia",2,2,5,2,-0.0887145127638312
"3867","Hispania Citerior",2,2,5,2,-0.0835732200472124
"3868","Sardinia",2,2,5,2,-0.0835515899644196
"3869","Numidia",2,2,5,2,-0.0824904657075761
"3870","Etruria (Regio VII)",2,2,5,2,-0.0786532566872395
"3871","Sicilia",2,2,5,2,-0.0719826183277122
"3872","Lusitania",2,2,5,2,-0.044201692988166
"3873","Mauretania Caesariensis",2,2,5,2,-0.0130532446627677
"3874","Apulia et Calabria (Regio II)",2,2,5,2,0.00110667540650023
"3875","Achaia",2,2,5,2,0.0150010173949086
"3876","Samnium (Regio IV)",2,2,5,2,0.0466628234886235
"3877","Africa Proconsularis",2,2,5,2,0.0467074244138867
"3878","Venetia et Histria (Regio X)",2,2,5,2,0.115867965518257
"3879","Baetica",2,2,5,2,0.214869228716845
"3880","Latium et Campania (Regio I)",2,2,5,2,6.0927868593668
"3881","Lugdunensis",2,2,5,3,-0.451190107007832
"3882","Belgica",2,2,5,3,-0.445210266963905
"3883","Raetia",2,2,5,3,-0.412365719053766
"3884","Germania Inferior",2,2,5,3,-0.392515013406421
"3885","Aquitania",2,2,5,3,-0.354540796168095
"3886","Pannonia Superior",2,2,5,3,-0.321977423590243
"3887","Britannia",2,2,5,3,-0.30978041992171
"3888","Narbonensis",2,2,5,3,-0.288963165318746
"3889","Germania Superior",2,2,5,3,-0.286414347140809
"3890","Dacia",2,2,5,3,-0.251667417318685
"3891","Dalmatia",2,2,5,3,-0.245375883859005
"3892","Pannonia Inferior",2,2,5,3,-0.207476039950607
"3893","Moesia Inferior",2,2,5,3,-0.202760625385972
"3894","Transpadana (Regio XI)",2,2,5,3,-0.198839344862352
"3895","Moesia Superior",2,2,5,3,-0.182973628210981
"3896","Noricum",2,2,5,3,-0.18190094890697
"3897","Liguria (Regio IX)",2,2,5,3,-0.170125616957779
"3898","Aemilia (Regio VIII)",2,2,5,3,-0.161167460185664
"3899","Asia",2,2,5,3,-0.158416768603211
"3900","Picenum (Regio V)",2,2,5,3,-0.155518822008366
"3901","Umbria (Regio VI)",2,2,5,3,-0.147284035933477
"3902","Bruttium et Lucania (Regio III)",2,2,5,3,-0.119491420391152
"3903","Mauretania Tingitana",2,2,5,3,-0.104290659622344
"3904","Numidia",2,2,5,3,-0.102289744424951
"3905","Macedonia",2,2,5,3,-0.099872549907531
"3906","Galatia",2,2,5,3,-0.0972962465563107
"3907","Etruria (Regio VII)",2,2,5,3,-0.0957632147448496
"3908","Syria",2,2,5,3,-0.0930634492423029
"3909","Sardinia",2,2,5,3,-0.0842458167308828
"3910","Sicilia",2,2,5,3,-0.0837602983155924
"3911","Hispania Citerior",2,2,5,3,-0.0806273144126854
"3912","Lusitania",2,2,5,3,-0.019466235670792
"3913","Mauretania Caesariensis",2,2,5,3,-0.0133852151085353
"3914","Achaia",2,2,5,3,-0.0032664595801401
"3915","Apulia et Calabria (Regio II)",2,2,5,3,0.0059677974838825
"3916","Africa Proconsularis",2,2,5,3,0.0235167846779923
"3917","Samnium (Regio IV)",2,2,5,3,0.0391417389702369
"3918","Venetia et Histria (Regio X)",2,2,5,3,0.163499113460659
"3919","Baetica",2,2,5,3,0.193352115898343
"3920","Latium et Campania (Regio I)",2,2,5,3,6.09780492497155
"3921","Belgica",2,2,5,4,-0.465583379808256
"3922","Lugdunensis",2,2,5,4,-0.461037473171178
"3923","Raetia",2,2,5,4,-0.419835250847567
"3924","Germania Inferior",2,2,5,4,-0.403008718610581
"3925","Aquitania",2,2,5,4,-0.358406108600225
"3926","Pannonia Superior",2,2,5,4,-0.317543407230399
"3927","Britannia",2,2,5,4,-0.313007017805467
"3928","Germania Superior",2,2,5,4,-0.297945612062255
"3929","Narbonensis",2,2,5,4,-0.296048018611015
"3930","Dalmatia",2,2,5,4,-0.25913185107403
"3931","Dacia",2,2,5,4,-0.255576455383624
"3932","Pannonia Inferior",2,2,5,4,-0.210138205755568
"3933","Moesia Inferior",2,2,5,4,-0.20656386633297
"3934","Transpadana (Regio XI)",2,2,5,4,-0.203713237678438
"3935","Noricum",2,2,5,4,-0.191680268164526
"3936","Moesia Superior",2,2,5,4,-0.184729068817512
"3937","Liguria (Regio IX)",2,2,5,4,-0.168577416405055
"3938","Aemilia (Regio VIII)",2,2,5,4,-0.158177326695981
"3939","Asia",2,2,5,4,-0.154902359103182
"3940","Picenum (Regio V)",2,2,5,4,-0.154438428546851
"3941","Umbria (Regio VI)",2,2,5,4,-0.133567492547071
"3942","Bruttium et Lucania (Regio III)",2,2,5,4,-0.116630900411029
"3943","Mauretania Tingitana",2,2,5,4,-0.100934341561591
"3944","Macedonia",2,2,5,4,-0.097689566547607
"3945","Galatia",2,2,5,4,-0.0958024478400442
"3946","Etruria (Regio VII)",2,2,5,4,-0.0944356922374372
"3947","Syria",2,2,5,4,-0.0927098271327197
"3948","Numidia",2,2,5,4,-0.0847181110005272
"3949","Sardinia",2,2,5,4,-0.0817085032289085
"3950","Sicilia",2,2,5,4,-0.0692068046315897
"3951","Hispania Citerior",2,2,5,4,-0.0658634691044494
"3952","Mauretania Caesariensis",2,2,5,4,-0.0136806202243932
"3953","Lusitania",2,2,5,4,-0.0122731242152965
"3954","Achaia",2,2,5,4,-0.00156355712553272
"3955","Apulia et Calabria (Regio II)",2,2,5,4,0.00632130644291617
"3956","Africa Proconsularis",2,2,5,4,0.0240153325631954
"3957","Samnium (Regio IV)",2,2,5,4,0.0579704049026624
"3958","Venetia et Histria (Regio X)",2,2,5,4,0.163393369043215
"3959","Baetica",2,2,5,4,0.196093640533281
"3960","Latium et Campania (Regio I)",2,2,5,4,6.09303387502761
"3961","Belgica",2,2,5,5,-0.465583379808257
"3962","Lugdunensis",2,2,5,5,-0.461037473171174
"3963","Raetia",2,2,5,5,-0.419835250847567
"3964","Germania Inferior",2,2,5,5,-0.403008718610582
"3965","Aquitania",2,2,5,5,-0.358406108600226
"3966","Pannonia Superior",2,2,5,5,-0.3175434072304
"3967","Britannia",2,2,5,5,-0.313007017805468
"3968","Germania Superior",2,2,5,5,-0.297945612062255
"3969","Narbonensis",2,2,5,5,-0.296048018611016
"3970","Dalmatia",2,2,5,5,-0.259131851074031
"3971","Dacia",2,2,5,5,-0.255576455383624
"3972","Pannonia Inferior",2,2,5,5,-0.210138205755567
"3973","Moesia Inferior",2,2,5,5,-0.20656386633297
"3974","Transpadana (Regio XI)",2,2,5,5,-0.203713237678438
"3975","Noricum",2,2,5,5,-0.191680268164527
"3976","Moesia Superior",2,2,5,5,-0.184729068817512
"3977","Liguria (Regio IX)",2,2,5,5,-0.168577416405054
"3978","Aemilia (Regio VIII)",2,2,5,5,-0.158177326695982
"3979","Asia",2,2,5,5,-0.154902359103182
"3980","Picenum (Regio V)",2,2,5,5,-0.154438428546851
"3981","Umbria (Regio VI)",2,2,5,5,-0.13356749254707
"3982","Bruttium et Lucania (Regio III)",2,2,5,5,-0.116630900411029
"3983","Mauretania Tingitana",2,2,5,5,-0.10093434156159
"3984","Macedonia",2,2,5,5,-0.0976895665476064
"3985","Galatia",2,2,5,5,-0.0958024478400448
"3986","Etruria (Regio VII)",2,2,5,5,-0.0944356922374388
"3987","Syria",2,2,5,5,-0.0927098271327204
"3988","Numidia",2,2,5,5,-0.0847181110005252
"3989","Sardinia",2,2,5,5,-0.0817085032289086
"3990","Sicilia",2,2,5,5,-0.0692068046315901
"3991","Hispania Citerior",2,2,5,5,-0.0658634691044536
"3992","Mauretania Caesariensis",2,2,5,5,-0.0136806202243935
"3993","Lusitania",2,2,5,5,-0.0122731242152947
"3994","Achaia",2,2,5,5,-0.00156355712553201
"3995","Apulia et Calabria (Regio II)",2,2,5,5,0.00632130644291683
"3996","Africa Proconsularis",2,2,5,5,0.0240153325631944
"3997","Samnium (Regio IV)",2,2,5,5,0.0579704049026614
"3998","Venetia et Histria (Regio X)",2,2,5,5,0.163393369043218
"3999","Baetica",2,2,5,5,0.196093640533281
"4000","Latium et Campania (Regio I)",2,2,5,5,6.09303387502761
