"","province","s_it","g_it","a_it","r_it","eci"
"1","Germania Superior",1,1,1,1,-1.64298574706472
"2","Lusitania",1,1,1,1,-1.42946850372029
"3","Germania Inferior",1,1,1,1,-1.34369822762521
"4","Aquitania",1,1,1,1,-1.15445986866935
"5","Transpadana (Regio XI)",1,1,1,1,-1.1493541371992
"6","Pannonia Superior",1,1,1,1,-1.0249913465712
"7","Narbonensis",1,1,1,1,-0.939087819529861
"8","Belgica",1,1,1,1,-0.937380442274728
"9","Britannia",1,1,1,1,-0.792725917575426
"10","Lugdunensis",1,1,1,1,-0.763463656283459
"11","Venetia et Histria (Regio X)",1,1,1,1,-0.736649143240458
"12","Moesia Superior",1,1,1,1,-0.591927378228178
"13","Dalmatia",1,1,1,1,-0.574481261431944
"14","Hispania Citerior",1,1,1,1,-0.51436929702245
"15","Sardinia",1,1,1,1,-0.456373064927235
"16","Aemilia (Regio VIII)",1,1,1,1,-0.450852601163916
"17","Moesia Inferior",1,1,1,1,-0.37390912073085
"18","Raetia",1,1,1,1,-0.300382765950874
"19","Noricum",1,1,1,1,-0.24966827394918
"20","Apulia et Calabria (Regio II)",1,1,1,1,-0.239512236693461
"21","Pannonia Inferior",1,1,1,1,-0.18481450099899
"22","Umbria (Regio VI)",1,1,1,1,-0.0350920242563806
"23","Mauretania Tingitana",1,1,1,1,-0.0205289177655436
"24","Galatia",1,1,1,1,0.191964638399559
"25","Liguria (Regio IX)",1,1,1,1,0.19541926894928
"26","Samnium (Regio IV)",1,1,1,1,0.246878271850163
"27","Syria",1,1,1,1,0.378703437442944
"28","Etruria (Regio VII)",1,1,1,1,0.445528427617398
"29","Bruttium et Lucania (Regio III)",1,1,1,1,0.552264233535597
"30","Numidia",1,1,1,1,0.592855160936801
"31","Picenum (Regio V)",1,1,1,1,0.611040565081143
"32","Mauretania Caesariensis",1,1,1,1,0.671366076976261
"33","Achaia",1,1,1,1,0.774656276694594
"34","Asia",1,1,1,1,1.05741636798531
"35","Dacia",1,1,1,1,1.10800601961825
"36","Sicilia",1,1,1,1,1.14148470973269
"37","Macedonia",1,1,1,1,1.15293664198116
"38","Baetica",1,1,1,1,1.64473925334333
"39","Latium et Campania (Regio I)",1,1,1,1,2.43930649342471
"40","Africa Proconsularis",1,1,1,1,2.70161040930372
"41","Germania Superior",1,1,1,2,-1.83408826628101
"42","Lusitania",1,1,1,2,-1.44881995917978
"43","Germania Inferior",1,1,1,2,-1.4293578129436
"44","Aquitania",1,1,1,2,-1.2248990740767
"45","Transpadana (Regio XI)",1,1,1,2,-1.193841717273
"46","Belgica",1,1,1,2,-1.11439611092924
"47","Pannonia Superior",1,1,1,2,-1.06528040087802
"48","Narbonensis",1,1,1,2,-0.922577464151515
"49","Lugdunensis",1,1,1,2,-0.908210753404655
"50","Britannia",1,1,1,2,-0.867790483561355
"51","Moesia Superior",1,1,1,2,-0.620349627935478
"52","Venetia et Histria (Regio X)",1,1,1,2,-0.599911145371579
"53","Sardinia",1,1,1,2,-0.558095945385513
"54","Dalmatia",1,1,1,2,-0.427166548937222
"55","Hispania Citerior",1,1,1,2,-0.419853540645881
"56","Raetia",1,1,1,2,-0.33038394717023
"57","Moesia Inferior",1,1,1,2,-0.286160245589284
"58","Apulia et Calabria (Regio II)",1,1,1,2,-0.236982233450895
"59","Noricum",1,1,1,2,-0.207045022513295
"60","Aemilia (Regio VIII)",1,1,1,2,-0.185726770130797
"61","Pannonia Inferior",1,1,1,2,-0.156190543371922
"62","Mauretania Tingitana",1,1,1,2,-0.0101818204702436
"63","Umbria (Regio VI)",1,1,1,2,0.0372881893844252
"64","Samnium (Regio IV)",1,1,1,2,0.157403728197385
"65","Liguria (Regio IX)",1,1,1,2,0.255543050723505
"66","Galatia",1,1,1,2,0.340453873581747
"67","Numidia",1,1,1,2,0.413561992436001
"68","Syria",1,1,1,2,0.413649468289831
"69","Bruttium et Lucania (Regio III)",1,1,1,2,0.503188985779563
"70","Mauretania Caesariensis",1,1,1,2,0.581177020715205
"71","Picenum (Regio V)",1,1,1,2,0.630715043315429
"72","Achaia",1,1,1,2,0.702400423496264
"73","Asia",1,1,1,2,1.05348342822975
"74","Macedonia",1,1,1,2,1.09232163954859
"75","Sicilia",1,1,1,2,1.10266368661728
"76","Etruria (Regio VII)",1,1,1,2,1.11156521550531
"77","Dacia",1,1,1,2,1.48141358026352
"78","Latium et Campania (Regio I)",1,1,1,2,1.81626605909609
"79","Baetica",1,1,1,2,1.83106712405164
"80","Africa Proconsularis",1,1,1,2,2.52314692441967
"81","Lusitania",1,1,1,3,-1.82634707925979
"82","Germania Superior",1,1,1,3,-1.69300889129785
"83","Germania Inferior",1,1,1,3,-1.30889150301992
"84","Aquitania",1,1,1,3,-1.15120006979068
"85","Transpadana (Regio XI)",1,1,1,3,-1.11758380334416
"86","Pannonia Superior",1,1,1,3,-1.03233903900757
"87","Belgica",1,1,1,3,-0.944594225942744
"88","Venetia et Histria (Regio X)",1,1,1,3,-0.928740474479481
"89","Narbonensis",1,1,1,3,-0.779895979566923
"90","Britannia",1,1,1,3,-0.769524283970209
"91","Lugdunensis",1,1,1,3,-0.743490837466868
"92","Hispania Citerior",1,1,1,3,-0.683123931552047
"93","Moesia Superior",1,1,1,3,-0.554200508954929
"94","Sardinia",1,1,1,3,-0.553011844040018
"95","Dalmatia",1,1,1,3,-0.348431077464647
"96","Aemilia (Regio VIII)",1,1,1,3,-0.347850135586375
"97","Moesia Inferior",1,1,1,3,-0.280865674809386
"98","Raetia",1,1,1,3,-0.265150716293706
"99","Noricum",1,1,1,3,-0.245737773069723
"100","Apulia et Calabria (Regio II)",1,1,1,3,-0.211906528997683
"101","Pannonia Inferior",1,1,1,3,-0.192169921835193
"102","Umbria (Regio VI)",1,1,1,3,-0.160012695052718
"103","Mauretania Tingitana",1,1,1,3,-0.00828146150528507
"104","Samnium (Regio IV)",1,1,1,3,0.126199084217627
"105","Liguria (Regio IX)",1,1,1,3,0.158021221003977
"106","Galatia",1,1,1,3,0.350876706512727
"107","Bruttium et Lucania (Regio III)",1,1,1,3,0.364179613869932
"108","Numidia",1,1,1,3,0.456597505903063
"109","Syria",1,1,1,3,0.462538867679009
"110","Picenum (Regio V)",1,1,1,3,0.557252091604855
"111","Mauretania Caesariensis",1,1,1,3,0.681910956364087
"112","Achaia",1,1,1,3,0.739089852199909
"113","Etruria (Regio VII)",1,1,1,3,1.06809897067108
"114","Sicilia",1,1,1,3,1.12341964100055
"115","Asia",1,1,1,3,1.12725776908449
"116","Macedonia",1,1,1,3,1.1495522615386
"117","Dacia",1,1,1,3,1.67838118860085
"118","Baetica",1,1,1,3,1.96164919187076
"119","Latium et Campania (Regio I)",1,1,1,3,1.96673022465691
"120","Africa Proconsularis",1,1,1,3,2.17460330952947
"121","Germania Superior",1,1,1,4,-1.8216742660949
"122","Lusitania",1,1,1,4,-1.60696683536318
"123","Germania Inferior",1,1,1,4,-1.39955743874419
"124","Aquitania",1,1,1,4,-1.27680399390407
"125","Transpadana (Regio XI)",1,1,1,4,-1.16912696012463
"126","Belgica",1,1,1,4,-1.10351707998834
"127","Pannonia Superior",1,1,1,4,-1.04763310928636
"128","Narbonensis",1,1,1,4,-0.891895616298456
"129","Britannia",1,1,1,4,-0.866484828640209
"130","Lugdunensis",1,1,1,4,-0.847534054542362
"131","Venetia et Histria (Regio X)",1,1,1,4,-0.757205244976696
"132","Sardinia",1,1,1,4,-0.590761944470844
"133","Moesia Superior",1,1,1,4,-0.579637111192008
"134","Hispania Citerior",1,1,1,4,-0.431399164618959
"135","Dalmatia",1,1,1,4,-0.397033824062456
"136","Raetia",1,1,1,4,-0.293762021289511
"137","Moesia Inferior",1,1,1,4,-0.251623805709043
"138","Aemilia (Regio VIII)",1,1,1,4,-0.216151502654799
"139","Noricum",1,1,1,4,-0.201502894323812
"140","Apulia et Calabria (Regio II)",1,1,1,4,-0.180854299237684
"141","Pannonia Inferior",1,1,1,4,-0.176143430185798
"142","Umbria (Regio VI)",1,1,1,4,-0.0539900147064177
"143","Mauretania Tingitana",1,1,1,4,0.0169498724893747
"144","Samnium (Regio IV)",1,1,1,4,0.147121017719197
"145","Liguria (Regio IX)",1,1,1,4,0.271133889374936
"146","Numidia",1,1,1,4,0.353170070031386
"147","Galatia",1,1,1,4,0.365976214491702
"148","Bruttium et Lucania (Regio III)",1,1,1,4,0.422428281462323
"149","Syria",1,1,1,4,0.482999051782284
"150","Mauretania Caesariensis",1,1,1,4,0.623095864486888
"151","Picenum (Regio V)",1,1,1,4,0.674307592767253
"152","Achaia",1,1,1,4,0.762251168225095
"153","Asia",1,1,1,4,1.03912584285826
"154","Sicilia",1,1,1,4,1.10490940307427
"155","Etruria (Regio VII)",1,1,1,4,1.13488253424398
"156","Macedonia",1,1,1,4,1.14855022957236
"157","Dacia",1,1,1,4,1.72595943199744
"158","Latium et Campania (Regio I)",1,1,1,4,1.86837420465114
"159","Baetica",1,1,1,4,1.93869827243613
"160","Africa Proconsularis",1,1,1,4,2.0813264987507
"161","Germania Superior",1,1,1,5,-1.86835254565116
"162","Lusitania",1,1,1,5,-1.48054807445226
"163","Germania Inferior",1,1,1,5,-1.44837905808825
"164","Aquitania",1,1,1,5,-1.30844583848318
"165","Belgica",1,1,1,5,-1.17773533423998
"166","Transpadana (Regio XI)",1,1,1,5,-1.17146928322293
"167","Pannonia Superior",1,1,1,5,-1.08445134389379
"168","Britannia",1,1,1,5,-0.91844034913738
"169","Narbonensis",1,1,1,5,-0.918193867283203
"170","Lugdunensis",1,1,1,5,-0.915759011965869
"171","Sardinia",1,1,1,5,-0.613048580621963
"172","Moesia Superior",1,1,1,5,-0.602608592632491
"173","Venetia et Histria (Regio X)",1,1,1,5,-0.59602536093798
"174","Dalmatia",1,1,1,5,-0.438326315836513
"175","Hispania Citerior",1,1,1,5,-0.36077892540652
"176","Raetia",1,1,1,5,-0.308880506792021
"177","Moesia Inferior",1,1,1,5,-0.268435669460507
"178","Noricum",1,1,1,5,-0.201634676289327
"179","Aemilia (Regio VIII)",1,1,1,5,-0.179639126999945
"180","Apulia et Calabria (Regio II)",1,1,1,5,-0.178109255429643
"181","Pannonia Inferior",1,1,1,5,-0.164937833467009
"182","Mauretania Tingitana",1,1,1,5,0.00283457171336423
"183","Samnium (Regio IV)",1,1,1,5,0.150802886551525
"184","Umbria (Regio VI)",1,1,1,5,0.166201666766052
"185","Liguria (Regio IX)",1,1,1,5,0.29797038158726
"186","Numidia",1,1,1,5,0.341159846072083
"187","Galatia",1,1,1,5,0.347836146169098
"188","Bruttium et Lucania (Regio III)",1,1,1,5,0.450534464239146
"189","Syria",1,1,1,5,0.454733120877775
"190","Mauretania Caesariensis",1,1,1,5,0.596479642167885
"191","Picenum (Regio V)",1,1,1,5,0.697848517442192
"192","Achaia",1,1,1,5,0.771712668694069
"193","Asia",1,1,1,5,1.04222551552969
"194","Sicilia",1,1,1,5,1.09331274352735
"195","Macedonia",1,1,1,5,1.10921838119962
"196","Etruria (Regio VII)",1,1,1,5,1.16181347791489
"197","Dacia",1,1,1,5,1.64681691042756
"198","Latium et Campania (Regio I)",1,1,1,5,1.8615469714829
"199","Baetica",1,1,1,5,1.89946090437545
"200","Africa Proconsularis",1,1,1,5,2.11169073355399
"201","Germania Superior",1,1,2,1,-1.80520393004779
"202","Germania Inferior",1,1,2,1,-1.44242231163218
"203","Aquitania",1,1,2,1,-1.31040235344008
"204","Lusitania",1,1,2,1,-1.23786263046838
"205","Pannonia Superior",1,1,2,1,-1.22031877923387
"206","Belgica",1,1,2,1,-1.19789790250268
"207","Transpadana (Regio XI)",1,1,2,1,-1.18433619710548
"208","Narbonensis",1,1,2,1,-1.08114050220419
"209","Britannia",1,1,2,1,-0.913669563147299
"210","Lugdunensis",1,1,2,1,-0.899221309416206
"211","Dalmatia",1,1,2,1,-0.676393672886321
"212","Moesia Superior",1,1,2,1,-0.639121968501542
"213","Sardinia",1,1,2,1,-0.542232415385365
"214","Venetia et Histria (Regio X)",1,1,2,1,-0.51524318120007
"215","Hispania Citerior",1,1,2,1,-0.423245573124876
"216","Raetia",1,1,2,1,-0.332573299662797
"217","Moesia Inferior",1,1,2,1,-0.323049214986231
"218","Noricum",1,1,2,1,-0.216877606805188
"219","Aemilia (Regio VIII)",1,1,2,1,-0.138621866396674
"220","Pannonia Inferior",1,1,2,1,-0.119068504469776
"221","Apulia et Calabria (Regio II)",1,1,2,1,-0.0821557325577874
"222","Mauretania Tingitana",1,1,2,1,0.041545937130856
"223","Umbria (Regio VI)",1,1,2,1,0.123704252883809
"224","Liguria (Regio IX)",1,1,2,1,0.311553619191982
"225","Samnium (Regio IV)",1,1,2,1,0.329101920342967
"226","Galatia",1,1,2,1,0.409803960389295
"227","Syria",1,1,2,1,0.413534371480326
"228","Numidia",1,1,2,1,0.503868732099492
"229","Mauretania Caesariensis",1,1,2,1,0.585138163789833
"230","Bruttium et Lucania (Regio III)",1,1,2,1,0.643598007746129
"231","Picenum (Regio V)",1,1,2,1,0.73186875534214
"232","Etruria (Regio VII)",1,1,2,1,0.783535973761065
"233","Achaia",1,1,2,1,0.79598295281398
"234","Asia",1,1,2,1,1.03247882250508
"235","Sicilia",1,1,2,1,1.13705264152215
"236","Macedonia",1,1,2,1,1.16167035884129
"237","Dacia",1,1,2,1,1.27030492675693
"238","Baetica",1,1,2,1,1.57011627297937
"239","Latium et Campania (Regio I)",1,1,2,1,1.84454292057692
"240","Africa Proconsularis",1,1,2,1,2.61165592502117
"241","Lusitania",1,1,2,2,-1.8753341977651
"242","Germania Superior",1,1,2,2,-1.71569641947638
"243","Germania Inferior",1,1,2,2,-1.18860854149909
"244","Narbonensis",1,1,2,2,-1.18306510088731
"245","Venetia et Histria (Regio X)",1,1,2,2,-1.15823269569797
"246","Aquitania",1,1,2,2,-1.15770463679374
"247","Transpadana (Regio XI)",1,1,2,2,-1.11699402381402
"248","Pannonia Superior",1,1,2,2,-0.94562206079738
"249","Belgica",1,1,2,2,-0.824628467307402
"250","Hispania Citerior",1,1,2,2,-0.819351751995741
"251","Lugdunensis",1,1,2,2,-0.704853759939416
"252","Britannia",1,1,2,2,-0.666348939745412
"253","Sardinia",1,1,2,2,-0.559041201643761
"254","Moesia Superior",1,1,2,2,-0.488058676817268
"255","Aemilia (Regio VIII)",1,1,2,2,-0.433214416090242
"256","Apulia et Calabria (Regio II)",1,1,2,2,-0.263443376982755
"257","Raetia",1,1,2,2,-0.234937693534399
"258","Umbria (Regio VI)",1,1,2,2,-0.17811888890073
"259","Dalmatia",1,1,2,2,-0.170143878698907
"260","Moesia Inferior",1,1,2,2,-0.148381776248721
"261","Noricum",1,1,2,2,-0.143045296814458
"262","Pannonia Inferior",1,1,2,2,-0.0931643558735258
"263","Mauretania Tingitana",1,1,2,2,0.0633888058554705
"264","Liguria (Regio IX)",1,1,2,2,0.105457141229644
"265","Samnium (Regio IV)",1,1,2,2,0.116389984047929
"266","Bruttium et Lucania (Regio III)",1,1,2,2,0.33492145318126
"267","Galatia",1,1,2,2,0.45557682095851
"268","Syria",1,1,2,2,0.496451704540836
"269","Picenum (Regio V)",1,1,2,2,0.535476049955031
"270","Numidia",1,1,2,2,0.58613422720227
"271","Mauretania Caesariensis",1,1,2,2,0.648833589919374
"272","Achaia",1,1,2,2,0.736888040049394
"273","Etruria (Regio VII)",1,1,2,2,1.01368825031623
"274","Asia",1,1,2,2,1.17026195714099
"275","Macedonia",1,1,2,2,1.19461367045827
"276","Sicilia",1,1,2,2,1.20194177542816
"277","Latium et Campania (Regio I)",1,1,2,2,1.29811986777422
"278","Baetica",1,1,2,2,1.90262582409715
"279","Dacia",1,1,2,2,1.99650536947857
"280","Africa Proconsularis",1,1,2,2,2.21071562569042
"281","Lusitania",1,1,2,3,-1.87612522912602
"282","Germania Superior",1,1,2,3,-1.68398491275449
"283","Germania Inferior",1,1,2,3,-1.19312017820924
"284","Aquitania",1,1,2,3,-1.15279506899428
"285","Venetia et Histria (Regio X)",1,1,2,3,-1.14562515673098
"286","Narbonensis",1,1,2,3,-1.14169469206585
"287","Transpadana (Regio XI)",1,1,2,3,-1.11860479588649
"288","Pannonia Superior",1,1,2,3,-0.949045283130841
"289","Hispania Citerior",1,1,2,3,-0.815534384777637
"290","Belgica",1,1,2,3,-0.805223747504938
"291","Lugdunensis",1,1,2,3,-0.695316932318332
"292","Britannia",1,1,2,3,-0.669867438297265
"293","Sardinia",1,1,2,3,-0.555698793811185
"294","Moesia Superior",1,1,2,3,-0.487681572754661
"295","Aemilia (Regio VIII)",1,1,2,3,-0.457815772218365
"296","Apulia et Calabria (Regio II)",1,1,2,3,-0.287686486353736
"297","Raetia",1,1,2,3,-0.234476023873037
"298","Umbria (Regio VI)",1,1,2,3,-0.193283309612528
"299","Dalmatia",1,1,2,3,-0.183111930690975
"300","Moesia Inferior",1,1,2,3,-0.177626464494543
"301","Noricum",1,1,2,3,-0.164073142461905
"302","Pannonia Inferior",1,1,2,3,-0.115387476151163
"303","Mauretania Tingitana",1,1,2,3,0.0468332518218452
"304","Liguria (Regio IX)",1,1,2,3,0.0953713340776147
"305","Samnium (Regio IV)",1,1,2,3,0.110571284615926
"306","Bruttium et Lucania (Regio III)",1,1,2,3,0.316222899207039
"307","Galatia",1,1,2,3,0.431634374431434
"308","Syria",1,1,2,3,0.477098412579804
"309","Picenum (Regio V)",1,1,2,3,0.524650016280711
"310","Numidia",1,1,2,3,0.582550197344205
"311","Achaia",1,1,2,3,0.720994028214624
"312","Mauretania Caesariensis",1,1,2,3,0.732568964211863
"313","Etruria (Regio VII)",1,1,2,3,0.981190461715922
"314","Asia",1,1,2,3,1.14513294770326
"315","Macedonia",1,1,2,3,1.172955334645
"316","Sicilia",1,1,2,3,1.18967857037246
"317","Latium et Campania (Regio I)",1,1,2,3,1.56259502833311
"318","Baetica",1,1,2,3,1.88860341786263
"319","Dacia",1,1,2,3,1.90283439272287
"320","Africa Proconsularis",1,1,2,3,2.22229387607814
"321","Germania Superior",1,1,2,4,-1.72928708471733
"322","Lusitania",1,1,2,4,-1.70535268812916
"323","Aquitania",1,1,2,4,-1.30359053049933
"324","Germania Inferior",1,1,2,4,-1.30277709224993
"325","Transpadana (Regio XI)",1,1,2,4,-1.13958692803104
"326","Pannonia Superior",1,1,2,4,-1.00465887362136
"327","Belgica",1,1,2,4,-0.967408902894151
"328","Narbonensis",1,1,2,4,-0.96387262783671
"329","Venetia et Histria (Regio X)",1,1,2,4,-0.866779148748781
"330","Lugdunensis",1,1,2,4,-0.792643547592904
"331","Britannia",1,1,2,4,-0.774187790102935
"332","Hispania Citerior",1,1,2,4,-0.605994667992559
"333","Sardinia",1,1,2,4,-0.594420512711716
"334","Moesia Superior",1,1,2,4,-0.529914288602038
"335","Aemilia (Regio VIII)",1,1,2,4,-0.4055173654605
"336","Dalmatia",1,1,2,4,-0.293164899067218
"337","Raetia",1,1,2,4,-0.269811775555826
"338","Apulia et Calabria (Regio II)",1,1,2,4,-0.25286360378971
"339","Moesia Inferior",1,1,2,4,-0.227113237333545
"340","Noricum",1,1,2,4,-0.178734112026659
"341","Pannonia Inferior",1,1,2,4,-0.135916655640907
"342","Mauretania Tingitana",1,1,2,4,0.00587660412491124
"343","Samnium (Regio IV)",1,1,2,4,0.0251512160611196
"344","Umbria (Regio VI)",1,1,2,4,0.0670180569375555
"345","Liguria (Regio IX)",1,1,2,4,0.134005783597108
"346","Syria",1,1,2,4,0.3266870078955
"347","Bruttium et Lucania (Regio III)",1,1,2,4,0.350734704999009
"348","Galatia",1,1,2,4,0.373390341350404
"349","Numidia",1,1,2,4,0.59031298016902
"350","Picenum (Regio V)",1,1,2,4,0.592877004925335
"351","Mauretania Caesariensis",1,1,2,4,0.690011622627496
"352","Achaia",1,1,2,4,0.750950701601464
"353","Etruria (Regio VII)",1,1,2,4,1.02468340419817
"354","Asia",1,1,2,4,1.11513949875095
"355","Macedonia",1,1,2,4,1.15379824791286
"356","Sicilia",1,1,2,4,1.16801300922093
"357","Latium et Campania (Regio I)",1,1,2,4,1.67382920873558
"358","Dacia",1,1,2,4,1.74308737062434
"359","Baetica",1,1,2,4,1.99559677003073
"360","Africa Proconsularis",1,1,2,4,2.26243279884184
"361","Germania Superior",1,1,2,5,-1.77097844042283
"362","Lusitania",1,1,2,5,-1.64623912872818
"363","Germania Inferior",1,1,2,5,-1.34289610129088
"364","Aquitania",1,1,2,5,-1.309892330898
"365","Transpadana (Regio XI)",1,1,2,5,-1.17587492004987
"366","Pannonia Superior",1,1,2,5,-1.02836999693046
"367","Belgica",1,1,2,5,-1.01631479811771
"368","Narbonensis",1,1,2,5,-1.00670059616644
"369","Lugdunensis",1,1,2,5,-0.828197380024713
"370","Britannia",1,1,2,5,-0.823220445317751
"371","Venetia et Histria (Regio X)",1,1,2,5,-0.76467572882541
"372","Sardinia",1,1,2,5,-0.596331885950404
"373","Moesia Superior",1,1,2,5,-0.541083155092998
"374","Hispania Citerior",1,1,2,5,-0.540092643244568
"375","Dalmatia",1,1,2,5,-0.316071035318044
"376","Raetia",1,1,2,5,-0.279615014426883
"377","Moesia Inferior",1,1,2,5,-0.247452102635887
"378","Apulia et Calabria (Regio II)",1,1,2,5,-0.245622553355758
"379","Aemilia (Regio VIII)",1,1,2,5,-0.242892647883673
"380","Noricum",1,1,2,5,-0.175699392849741
"381","Pannonia Inferior",1,1,2,5,-0.133601906576847
"382","Mauretania Tingitana",1,1,2,5,-0.0115330027952599
"383","Samnium (Regio IV)",1,1,2,5,0.053765349571802
"384","Umbria (Regio VI)",1,1,2,5,0.103890909082822
"385","Liguria (Regio IX)",1,1,2,5,0.153504793495364
"386","Syria",1,1,2,5,0.299792163111028
"387","Galatia",1,1,2,5,0.378120098475983
"388","Bruttium et Lucania (Regio III)",1,1,2,5,0.389344854945088
"389","Numidia",1,1,2,5,0.589421417733777
"390","Picenum (Regio V)",1,1,2,5,0.605392200811514
"391","Mauretania Caesariensis",1,1,2,5,0.694765623690242
"392","Achaia",1,1,2,5,0.737184605527579
"393","Etruria (Regio VII)",1,1,2,5,1.03299089185227
"394","Asia",1,1,2,5,1.10710557714322
"395","Macedonia",1,1,2,5,1.12500117634052
"396","Sicilia",1,1,2,5,1.17170710309288
"397","Latium et Campania (Regio I)",1,1,2,5,1.62025362812251
"398","Dacia",1,1,2,5,1.67853971538286
"399","Baetica",1,1,2,5,1.97801563236026
"400","Africa Proconsularis",1,1,2,5,2.32455946616259
"401","Germania Superior",1,1,3,1,-1.96315208134795
"402","Narbonensis",1,1,3,1,-1.73537113653938
"403","Germania Inferior",1,1,3,1,-1.39494486494012
"404","Transpadana (Regio XI)",1,1,3,1,-1.2317845244199
"405","Pannonia Superior",1,1,3,1,-1.18466317652324
"406","Belgica",1,1,3,1,-1.07299784980173
"407","Aquitania",1,1,3,1,-1.06343820686288
"408","Lusitania",1,1,3,1,-1.03862290551028
"409","Lugdunensis",1,1,3,1,-0.977122918517907
"410","Britannia",1,1,3,1,-0.848118908385556
"411","Moesia Superior",1,1,3,1,-0.57067859188811
"412","Dalmatia",1,1,3,1,-0.556444787722858
"413","Sardinia",1,1,3,1,-0.496557903030761
"414","Venetia et Histria (Regio X)",1,1,3,1,-0.45403511939599
"415","Raetia",1,1,3,1,-0.319611990407857
"416","Apulia et Calabria (Regio II)",1,1,3,1,-0.295395808358953
"417","Moesia Inferior",1,1,3,1,-0.268468327482051
"418","Hispania Citerior",1,1,3,1,-0.256566429317223
"419","Aemilia (Regio VIII)",1,1,3,1,-0.12598028416412
"420","Noricum",1,1,3,1,-0.0826615554581023
"421","Pannonia Inferior",1,1,3,1,-0.0697887523692314
"422","Mauretania Tingitana",1,1,3,1,0.109398843431287
"423","Umbria (Regio VI)",1,1,3,1,0.201426322146886
"424","Samnium (Regio IV)",1,1,3,1,0.227171017507965
"425","Syria",1,1,3,1,0.230103568999347
"426","Liguria (Regio IX)",1,1,3,1,0.318896238013034
"427","Galatia",1,1,3,1,0.434533192899311
"428","Numidia",1,1,3,1,0.594348074470809
"429","Picenum (Regio V)",1,1,3,1,0.648237727691288
"430","Mauretania Caesariensis",1,1,3,1,0.656734102587997
"431","Bruttium et Lucania (Regio III)",1,1,3,1,0.699903544649822
"432","Achaia",1,1,3,1,0.81045722804874
"433","Etruria (Regio VII)",1,1,3,1,0.901408949306182
"434","Latium et Campania (Regio I)",1,1,3,1,0.947544402012303
"435","Macedonia",1,1,3,1,1.12287541459117
"436","Asia",1,1,3,1,1.1861603383721
"437","Sicilia",1,1,3,1,1.24714210134981
"438","Dacia",1,1,3,1,1.28016706921212
"439","Baetica",1,1,3,1,1.5692855279007
"440","Africa Proconsularis",1,1,3,1,2.82061245925333
"441","Germania Superior",1,1,3,2,-1.76572239403852
"442","Lusitania",1,1,3,2,-1.71967626364318
"443","Narbonensis",1,1,3,2,-1.48706425037344
"444","Germania Inferior",1,1,3,2,-1.18619952988096
"445","Transpadana (Regio XI)",1,1,3,2,-1.11937796968166
"446","Venetia et Histria (Regio X)",1,1,3,2,-1.0852561358887
"447","Aquitania",1,1,3,2,-1.05751233401971
"448","Pannonia Superior",1,1,3,2,-0.937958076724565
"449","Belgica",1,1,3,2,-0.822895361288988
"450","Hispania Citerior",1,1,3,2,-0.736023883303212
"451","Lugdunensis",1,1,3,2,-0.721009972296538
"452","Britannia",1,1,3,2,-0.668431630189436
"453","Sardinia",1,1,3,2,-0.527584334201427
"454","Moesia Superior",1,1,3,2,-0.45072245701241
"455","Aemilia (Regio VIII)",1,1,3,2,-0.419987489672888
"456","Dalmatia",1,1,3,2,-0.375329531165517
"457","Apulia et Calabria (Regio II)",1,1,3,2,-0.281225225254513
"458","Raetia",1,1,3,2,-0.222092476575256
"459","Moesia Inferior",1,1,3,2,-0.179023342880094
"460","Umbria (Regio VI)",1,1,3,2,-0.0963533822765237
"461","Noricum",1,1,3,2,-0.0953784515473013
"462","Pannonia Inferior",1,1,3,2,-0.0770235523295833
"463","Mauretania Tingitana",1,1,3,2,0.0599158688205735
"464","Liguria (Regio IX)",1,1,3,2,0.07788450738946
"465","Samnium (Regio IV)",1,1,3,2,0.0911843411687995
"466","Syria",1,1,3,2,0.347535077643767
"467","Bruttium et Lucania (Regio III)",1,1,3,2,0.452326160636146
"468","Galatia",1,1,3,2,0.48461479283979
"469","Picenum (Regio V)",1,1,3,2,0.531636874605935
"470","Mauretania Caesariensis",1,1,3,2,0.624416309011319
"471","Numidia",1,1,3,2,0.665402889576448
"472","Achaia",1,1,3,2,0.807574977522565
"473","Latium et Campania (Regio I)",1,1,3,2,0.940091664167835
"474","Etruria (Regio VII)",1,1,3,2,1.07350739621821
"475","Macedonia",1,1,3,2,1.21453112134743
"476","Sicilia",1,1,3,2,1.27248730333291
"477","Asia",1,1,3,2,1.29761955220856
"478","Dacia",1,1,3,2,1.8531836233666
"479","Baetica",1,1,3,2,1.8599150326011
"480","Africa Proconsularis",1,1,3,2,2.37802055178696
"481","Lusitania",1,1,3,3,-1.81491681140785
"482","Germania Superior",1,1,3,3,-1.71413494704963
"483","Narbonensis",1,1,3,3,-1.55362839558512
"484","Germania Inferior",1,1,3,3,-1.13798789260226
"485","Transpadana (Regio XI)",1,1,3,3,-1.13729086747661
"486","Venetia et Histria (Regio X)",1,1,3,3,-1.0933752168198
"487","Aquitania",1,1,3,3,-1.01211307382738
"488","Pannonia Superior",1,1,3,3,-0.948672338070679
"489","Hispania Citerior",1,1,3,3,-0.799097268851475
"490","Lugdunensis",1,1,3,3,-0.71534292761786
"491","Belgica",1,1,3,3,-0.705594928175983
"492","Britannia",1,1,3,3,-0.638845749395655
"493","Sardinia",1,1,3,3,-0.524010992667974
"494","Moesia Superior",1,1,3,3,-0.440150428170657
"495","Apulia et Calabria (Regio II)",1,1,3,3,-0.370432109830728
"496","Aemilia (Regio VIII)",1,1,3,3,-0.366064645007423
"497","Raetia",1,1,3,3,-0.211388223271047
"498","Moesia Inferior",1,1,3,3,-0.168620258917972
"499","Noricum",1,1,3,3,-0.129401385747634
"500","Dalmatia",1,1,3,3,-0.0923104154534041
"501","Pannonia Inferior",1,1,3,3,-0.0646801947957332
"502","Umbria (Regio VI)",1,1,3,3,-0.0430984570432391
"503","Liguria (Regio IX)",1,1,3,3,0.0016355426683288
"504","Mauretania Tingitana",1,1,3,3,0.020850443385777
"505","Samnium (Regio IV)",1,1,3,3,0.0465636100003451
"506","Syria",1,1,3,3,0.284538044488504
"507","Bruttium et Lucania (Regio III)",1,1,3,3,0.378211824453193
"508","Picenum (Regio V)",1,1,3,3,0.429906760740279
"509","Galatia",1,1,3,3,0.45214303661182
"510","Mauretania Caesariensis",1,1,3,3,0.701022881581075
"511","Achaia",1,1,3,3,0.717599801319185
"512","Numidia",1,1,3,3,0.755373970076684
"513","Etruria (Regio VII)",1,1,3,3,0.973157002234038
"514","Macedonia",1,1,3,3,1.12369105787784
"515","Latium et Campania (Regio I)",1,1,3,3,1.148814779208
"516","Asia",1,1,3,3,1.20506948504774
"517","Sicilia",1,1,3,3,1.26684125177742
"518","Dacia",1,1,3,3,1.83671810474716
"519","Baetica",1,1,3,3,1.87028391329199
"520","Africa Proconsularis",1,1,3,3,2.46873601827673
"521","Germania Superior",1,1,3,4,-1.88160767090364
"522","Narbonensis",1,1,3,4,-1.70046225500655
"523","Lusitania",1,1,3,4,-1.55124661506366
"524","Germania Inferior",1,1,3,4,-1.24473455168825
"525","Transpadana (Regio XI)",1,1,3,4,-1.20784334566484
"526","Aquitania",1,1,3,4,-1.13338660020755
"527","Pannonia Superior",1,1,3,4,-0.955264578794504
"528","Venetia et Histria (Regio X)",1,1,3,4,-0.882613614493766
"529","Belgica",1,1,3,4,-0.879640405330707
"530","Lugdunensis",1,1,3,4,-0.845790500433594
"531","Britannia",1,1,3,4,-0.743953784824257
"532","Sardinia",1,1,3,4,-0.550361822803463
"533","Hispania Citerior",1,1,3,4,-0.507323943998921
"534","Moesia Superior",1,1,3,4,-0.456885494192703
"535","Apulia et Calabria (Regio II)",1,1,3,4,-0.38127537559672
"536","Raetia",1,1,3,4,-0.244154823895192
"537","Aemilia (Regio VIII)",1,1,3,4,-0.209033472063446
"538","Dalmatia",1,1,3,4,-0.135849192519698
"539","Moesia Inferior",1,1,3,4,-0.133907787966687
"540","Noricum",1,1,3,4,-0.0734703521137207
"541","Pannonia Inferior",1,1,3,4,-0.0458717301604991
"542","Mauretania Tingitana",1,1,3,4,0.0550370132459513
"543","Samnium (Regio IV)",1,1,3,4,0.0642866436733053
"544","Umbria (Regio VI)",1,1,3,4,0.0878218193287667
"545","Liguria (Regio IX)",1,1,3,4,0.134682208677766
"546","Syria",1,1,3,4,0.301640398884256
"547","Bruttium et Lucania (Regio III)",1,1,3,4,0.447779785329604
"548","Galatia",1,1,3,4,0.468431632900974
"549","Picenum (Regio V)",1,1,3,4,0.574752031308044
"550","Numidia",1,1,3,4,0.656863529375161
"551","Mauretania Caesariensis",1,1,3,4,0.731629184514115
"552","Achaia",1,1,3,4,0.747289514285045
"553","Latium et Campania (Regio I)",1,1,3,4,0.759572195868074
"554","Etruria (Regio VII)",1,1,3,4,1.06119595076714
"555","Asia",1,1,3,4,1.11784662525871
"556","Macedonia",1,1,3,4,1.12447510005354
"557","Sicilia",1,1,3,4,1.27014348889407
"558","Baetica",1,1,3,4,1.87161494608475
"559","Dacia",1,1,3,4,1.880335551713
"560","Africa Proconsularis",1,1,3,4,2.4092802975601
"561","Germania Superior",1,1,3,5,-1.96706888542888
"562","Narbonensis",1,1,3,5,-1.63984840821074
"563","Lusitania",1,1,3,5,-1.37790632035999
"564","Germania Inferior",1,1,3,5,-1.3193249492318
"565","Aquitania",1,1,3,5,-1.29581863704687
"566","Transpadana (Regio XI)",1,1,3,5,-1.23212134532726
"567","Belgica",1,1,3,5,-1.03327230809911
"568","Pannonia Superior",1,1,3,5,-0.967552042720775
"569","Lugdunensis",1,1,3,5,-0.936342479081709
"570","Britannia",1,1,3,5,-0.819160577031384
"571","Venetia et Histria (Regio X)",1,1,3,5,-0.716998609121848
"572","Sardinia",1,1,3,5,-0.570214646384375
"573","Moesia Superior",1,1,3,5,-0.493058591463224
"574","Hispania Citerior",1,1,3,5,-0.387015118085491
"575","Apulia et Calabria (Regio II)",1,1,3,5,-0.314742946109155
"576","Raetia",1,1,3,5,-0.278292318346067
"577","Dalmatia",1,1,3,5,-0.195752104590224
"578","Moesia Inferior",1,1,3,5,-0.1090394425166
"579","Aemilia (Regio VIII)",1,1,3,5,-0.0908946651699188
"580","Noricum",1,1,3,5,-0.0527956983500408
"581","Pannonia Inferior",1,1,3,5,-0.0190349055450571
"582","Samnium (Regio IV)",1,1,3,5,0.073685810398953
"583","Mauretania Tingitana",1,1,3,5,0.0787598818698197
"584","Umbria (Regio VI)",1,1,3,5,0.180773560071193
"585","Liguria (Regio IX)",1,1,3,5,0.229445928718535
"586","Syria",1,1,3,5,0.330714289030795
"587","Galatia",1,1,3,5,0.482880733677116
"588","Bruttium et Lucania (Regio III)",1,1,3,5,0.49515309488954
"589","Numidia",1,1,3,5,0.555641990187318
"590","Latium et Campania (Regio I)",1,1,3,5,0.638106992965425
"591","Picenum (Regio V)",1,1,3,5,0.67391183953721
"592","Mauretania Caesariensis",1,1,3,5,0.679184373974589
"593","Achaia",1,1,3,5,0.751374692981165
"594","Asia",1,1,3,5,1.06191381474917
"595","Macedonia",1,1,3,5,1.11174202031746
"596","Etruria (Regio VII)",1,1,3,5,1.14386354727758
"597","Sicilia",1,1,3,5,1.2307437337705
"598","Baetica",1,1,3,5,1.85190720105716
"599","Dacia",1,1,3,5,1.9360441274593
"600","Africa Proconsularis",1,1,3,5,2.31040736528769
"601","Germania Superior",1,1,4,1,-1.96999759660502
"602","Narbonensis",1,1,4,1,-1.74489559874832
"603","Germania Inferior",1,1,4,1,-1.37637037470439
"604","Transpadana (Regio XI)",1,1,4,1,-1.2224543854241
"605","Pannonia Superior",1,1,4,1,-1.13638150221555
"606","Lusitania",1,1,4,1,-1.08859991242551
"607","Aquitania",1,1,4,1,-1.0535672119374
"608","Belgica",1,1,4,1,-1.02794723997464
"609","Lugdunensis",1,1,4,1,-0.9586288053118
"610","Britannia",1,1,4,1,-0.786605667076767
"611","Moesia Superior",1,1,4,1,-0.571200551310001
"612","Dalmatia",1,1,4,1,-0.534692928143875
"613","Venetia et Histria (Regio X)",1,1,4,1,-0.525036914886019
"614","Sardinia",1,1,4,1,-0.493993918233247
"615","Apulia et Calabria (Regio II)",1,1,4,1,-0.367408304830103
"616","Raetia",1,1,4,1,-0.315957591696977
"617","Pannonia Inferior",1,1,4,1,-0.262118851424227
"618","Moesia Inferior",1,1,4,1,-0.249162975474737
"619","Hispania Citerior",1,1,4,1,-0.23834340880416
"620","Aemilia (Regio VIII)",1,1,4,1,-0.10736141256257
"621","Noricum",1,1,4,1,-0.0603807686505487
"622","Umbria (Regio VI)",1,1,4,1,0.116908932393263
"623","Mauretania Tingitana",1,1,4,1,0.142020518070058
"624","Samnium (Regio IV)",1,1,4,1,0.223974677664635
"625","Syria",1,1,4,1,0.245264012438171
"626","Liguria (Regio IX)",1,1,4,1,0.318280206695035
"627","Galatia",1,1,4,1,0.456377770753699
"628","Numidia",1,1,4,1,0.517944420754248
"629","Picenum (Regio V)",1,1,4,1,0.661544138536863
"630","Bruttium et Lucania (Regio III)",1,1,4,1,0.670724396242101
"631","Mauretania Caesariensis",1,1,4,1,0.681646139591972
"632","Latium et Campania (Regio I)",1,1,4,1,0.757722888145468
"633","Achaia",1,1,4,1,0.815484096388047
"634","Macedonia",1,1,4,1,1.14858494888619
"635","Etruria (Regio VII)",1,1,4,1,1.189318845537
"636","Asia",1,1,4,1,1.22528161828574
"637","Sicilia",1,1,4,1,1.27407021809154
"638","Dacia",1,1,4,1,1.31438976125334
"639","Baetica",1,1,4,1,1.59354062805105
"640","Africa Proconsularis",1,1,4,1,2.73802770266156
"641","Germania Superior",1,1,4,2,-1.90929799299391
"642","Narbonensis",1,1,4,2,-1.85541256979643
"643","Lusitania",1,1,4,2,-1.39250307949245
"644","Germania Inferior",1,1,4,2,-1.25198579646583
"645","Transpadana (Regio XI)",1,1,4,2,-1.20277400240278
"646","Aquitania",1,1,4,2,-1.0774118173356
"647","Pannonia Superior",1,1,4,2,-0.977001260150318
"648","Belgica",1,1,4,2,-0.931901467048622
"649","Lugdunensis",1,1,4,2,-0.875027566218132
"650","Venetia et Histria (Regio X)",1,1,4,2,-0.792383687924083
"651","Britannia",1,1,4,2,-0.755396471698438
"652","Sardinia",1,1,4,2,-0.533579707307297
"653","Hispania Citerior",1,1,4,2,-0.487522618786977
"654","Moesia Superior",1,1,4,2,-0.476386738499234
"655","Dalmatia",1,1,4,2,-0.396337240586335
"656","Apulia et Calabria (Regio II)",1,1,4,2,-0.339411768431823
"657","Raetia",1,1,4,2,-0.253566499313601
"658","Aemilia (Regio VIII)",1,1,4,2,-0.188290819806202
"659","Moesia Inferior",1,1,4,2,-0.166321535853908
"660","Noricum",1,1,4,2,-0.0879923783171557
"661","Pannonia Inferior",1,1,4,2,-0.0268048514885935
"662","Mauretania Tingitana",1,1,4,2,0.107843539962548
"663","Samnium (Regio IV)",1,1,4,2,0.121667934788463
"664","Umbria (Regio VI)",1,1,4,2,0.128326589290627
"665","Liguria (Regio IX)",1,1,4,2,0.204282662610136
"666","Syria",1,1,4,2,0.283748234842297
"667","Galatia",1,1,4,2,0.50250112647834
"668","Bruttium et Lucania (Regio III)",1,1,4,2,0.521420236537256
"669","Picenum (Regio V)",1,1,4,2,0.550059676117879
"670","Numidia",1,1,4,2,0.626811501315797
"671","Mauretania Caesariensis",1,1,4,2,0.654331182487455
"672","Latium et Campania (Regio I)",1,1,4,2,0.756107582514293
"673","Achaia",1,1,4,2,0.792889634724275
"674","Macedonia",1,1,4,2,1.1280882358908
"675","Etruria (Regio VII)",1,1,4,2,1.16029909884378
"676","Asia",1,1,4,2,1.22056133367112
"677","Sicilia",1,1,4,2,1.25256086942057
"678","Baetica",1,1,4,2,1.76422231270179
"679","Dacia",1,1,4,2,1.76675573052212
"680","Africa Proconsularis",1,1,4,2,2.43483238719817
"681","Germania Superior",1,1,4,3,-1.91563538530916
"682","Narbonensis",1,1,4,3,-1.90973675297987
"683","Lusitania",1,1,4,3,-1.43697539831004
"684","Germania Inferior",1,1,4,3,-1.22457004940423
"685","Transpadana (Regio XI)",1,1,4,3,-1.19800336650636
"686","Aquitania",1,1,4,3,-1.02960922390752
"687","Pannonia Superior",1,1,4,3,-0.966959448284233
"688","Lugdunensis",1,1,4,3,-0.858666958693118
"689","Venetia et Histria (Regio X)",1,1,4,3,-0.812977004609603
"690","Belgica",1,1,4,3,-0.811684413934207
"691","Britannia",1,1,4,3,-0.71891745376021
"692","Sardinia",1,1,4,3,-0.521849666237434
"693","Hispania Citerior",1,1,4,3,-0.50691167900041
"694","Apulia et Calabria (Regio II)",1,1,4,3,-0.459797254853103
"695","Moesia Superior",1,1,4,3,-0.450781738267116
"696","Aemilia (Regio VIII)",1,1,4,3,-0.237525831822622
"697","Raetia",1,1,4,3,-0.236980400431885
"698","Moesia Inferior",1,1,4,3,-0.15565767243729
"699","Dalmatia",1,1,4,3,-0.127891062575749
"700","Noricum",1,1,4,3,-0.0682668226205782
"701","Pannonia Inferior",1,1,4,3,-0.0480797061242326
"702","Samnium (Regio IV)",1,1,4,3,0.0715244737733085
"703","Mauretania Tingitana",1,1,4,3,0.0917492303744683
"704","Umbria (Regio VI)",1,1,4,3,0.104592076695974
"705","Liguria (Regio IX)",1,1,4,3,0.166870866478091
"706","Syria",1,1,4,3,0.263780757456485
"707","Galatia",1,1,4,3,0.450077296016167
"708","Bruttium et Lucania (Regio III)",1,1,4,3,0.451183813808157
"709","Picenum (Regio V)",1,1,4,3,0.485808547466337
"710","Numidia",1,1,4,3,0.665602415655012
"711","Mauretania Caesariensis",1,1,4,3,0.695092360091019
"712","Latium et Campania (Regio I)",1,1,4,3,0.717931653953674
"713","Achaia",1,1,4,3,0.751621356484883
"714","Macedonia",1,1,4,3,1.07029069752249
"715","Etruria (Regio VII)",1,1,4,3,1.12591994808217
"716","Asia",1,1,4,3,1.22437711796419
"717","Sicilia",1,1,4,3,1.27090067164598
"718","Dacia",1,1,4,3,1.76977212445115
"719","Baetica",1,1,4,3,1.80843161521335
"720","Africa Proconsularis",1,1,4,3,2.51195026693609
"721","Germania Superior",1,1,4,4,-1.88160767090364
"722","Narbonensis",1,1,4,4,-1.70046225500655
"723","Lusitania",1,1,4,4,-1.55124661506366
"724","Germania Inferior",1,1,4,4,-1.24473455168825
"725","Transpadana (Regio XI)",1,1,4,4,-1.20784334566484
"726","Aquitania",1,1,4,4,-1.13338660020755
"727","Pannonia Superior",1,1,4,4,-0.955264578794504
"728","Venetia et Histria (Regio X)",1,1,4,4,-0.882613614493766
"729","Belgica",1,1,4,4,-0.879640405330707
"730","Lugdunensis",1,1,4,4,-0.845790500433594
"731","Britannia",1,1,4,4,-0.743953784824257
"732","Sardinia",1,1,4,4,-0.550361822803463
"733","Hispania Citerior",1,1,4,4,-0.507323943998921
"734","Moesia Superior",1,1,4,4,-0.456885494192703
"735","Apulia et Calabria (Regio II)",1,1,4,4,-0.38127537559672
"736","Raetia",1,1,4,4,-0.244154823895192
"737","Aemilia (Regio VIII)",1,1,4,4,-0.209033472063446
"738","Dalmatia",1,1,4,4,-0.135849192519698
"739","Moesia Inferior",1,1,4,4,-0.133907787966687
"740","Noricum",1,1,4,4,-0.0734703521137207
"741","Pannonia Inferior",1,1,4,4,-0.0458717301604991
"742","Mauretania Tingitana",1,1,4,4,0.0550370132459513
"743","Samnium (Regio IV)",1,1,4,4,0.0642866436733053
"744","Umbria (Regio VI)",1,1,4,4,0.0878218193287667
"745","Liguria (Regio IX)",1,1,4,4,0.134682208677766
"746","Syria",1,1,4,4,0.301640398884256
"747","Bruttium et Lucania (Regio III)",1,1,4,4,0.447779785329604
"748","Galatia",1,1,4,4,0.468431632900974
"749","Picenum (Regio V)",1,1,4,4,0.574752031308044
"750","Numidia",1,1,4,4,0.656863529375161
"751","Mauretania Caesariensis",1,1,4,4,0.731629184514115
"752","Achaia",1,1,4,4,0.747289514285045
"753","Latium et Campania (Regio I)",1,1,4,4,0.759572195868074
"754","Etruria (Regio VII)",1,1,4,4,1.06119595076714
"755","Asia",1,1,4,4,1.11784662525871
"756","Macedonia",1,1,4,4,1.12447510005354
"757","Sicilia",1,1,4,4,1.27014348889407
"758","Baetica",1,1,4,4,1.87161494608475
"759","Dacia",1,1,4,4,1.880335551713
"760","Africa Proconsularis",1,1,4,4,2.4092802975601
"761","Germania Superior",1,1,4,5,-1.88160767090375
"762","Narbonensis",1,1,4,5,-1.70046225500663
"763","Lusitania",1,1,4,5,-1.55124661506345
"764","Germania Inferior",1,1,4,5,-1.24473455168833
"765","Transpadana (Regio XI)",1,1,4,5,-1.20784334566486
"766","Aquitania",1,1,4,5,-1.13338660020757
"767","Pannonia Superior",1,1,4,5,-0.955264578794534
"768","Venetia et Histria (Regio X)",1,1,4,5,-0.88261361449357
"769","Belgica",1,1,4,5,-0.879640405330816
"770","Lugdunensis",1,1,4,5,-0.845790500433685
"771","Britannia",1,1,4,5,-0.743953784824322
"772","Sardinia",1,1,4,5,-0.550361822803476
"773","Hispania Citerior",1,1,4,5,-0.507323943998781
"774","Moesia Superior",1,1,4,5,-0.456885494192723
"775","Apulia et Calabria (Regio II)",1,1,4,5,-0.381275375596725
"776","Raetia",1,1,4,5,-0.244154823895212
"777","Aemilia (Regio VIII)",1,1,4,5,-0.209033472063364
"778","Dalmatia",1,1,4,5,-0.135849192519744
"779","Moesia Inferior",1,1,4,5,-0.13390778796669
"780","Noricum",1,1,4,5,-0.0734703521137019
"781","Pannonia Inferior",1,1,4,5,-0.0458717301604876
"782","Mauretania Tingitana",1,1,4,5,0.055037013245961
"783","Samnium (Regio IV)",1,1,4,5,0.0642866436733196
"784","Umbria (Regio VI)",1,1,4,5,0.0878218193288744
"785","Liguria (Regio IX)",1,1,4,5,0.134682208677841
"786","Syria",1,1,4,5,0.301640398884251
"787","Bruttium et Lucania (Regio III)",1,1,4,5,0.447779785329654
"788","Galatia",1,1,4,5,0.468431632900969
"789","Picenum (Regio V)",1,1,4,5,0.574752031308104
"790","Numidia",1,1,4,5,0.656863529375102
"791","Mauretania Caesariensis",1,1,4,5,0.73162918451408
"792","Achaia",1,1,4,5,0.747289514285067
"793","Latium et Campania (Regio I)",1,1,4,5,0.759572195867919
"794","Etruria (Regio VII)",1,1,4,5,1.06119595076722
"795","Asia",1,1,4,5,1.1178466252587
"796","Macedonia",1,1,4,5,1.12447510005352
"797","Sicilia",1,1,4,5,1.27014348889406
"798","Baetica",1,1,4,5,1.87161494608472
"799","Dacia",1,1,4,5,1.88033555171295
"800","Africa Proconsularis",1,1,4,5,2.40928029756011
"801","Germania Superior",1,1,5,1,-1.97081982137499
"802","Narbonensis",1,1,5,1,-1.74123914633248
"803","Germania Inferior",1,1,5,1,-1.34197742700261
"804","Lusitania",1,1,5,1,-1.32556386648139
"805","Transpadana (Regio XI)",1,1,5,1,-1.18896234765863
"806","Pannonia Superior",1,1,5,1,-1.11225105611864
"807","Aquitania",1,1,5,1,-1.08495651438513
"808","Belgica",1,1,5,1,-0.935192745553024
"809","Lugdunensis",1,1,5,1,-0.85092217380496
"810","Venetia et Histria (Regio X)",1,1,5,1,-0.696768064150649
"811","Britannia",1,1,5,1,-0.634578165688041
"812","Sardinia",1,1,5,1,-0.530650984015726
"813","Dalmatia",1,1,5,1,-0.522331683235231
"814","Moesia Superior",1,1,5,1,-0.510977909585378
"815","Apulia et Calabria (Regio II)",1,1,5,1,-0.393109841131937
"816","Hispania Citerior",1,1,5,1,-0.385618250220902
"817","Pannonia Inferior",1,1,5,1,-0.321025638346768
"818","Moesia Inferior",1,1,5,1,-0.27339119102404
"819","Raetia",1,1,5,1,-0.256464672134621
"820","Aemilia (Regio VIII)",1,1,5,1,-0.0844276417223826
"821","Noricum",1,1,5,1,-0.0794867008640124
"822","Umbria (Regio VI)",1,1,5,1,0.113712007718939
"823","Mauretania Tingitana",1,1,5,1,0.119971753939517
"824","Samnium (Regio IV)",1,1,5,1,0.255541164248002
"825","Liguria (Regio IX)",1,1,5,1,0.273598434406985
"826","Syria",1,1,5,1,0.327773682660639
"827","Galatia",1,1,5,1,0.456816500994108
"828","Numidia",1,1,5,1,0.516613851852838
"829","Bruttium et Lucania (Regio III)",1,1,5,1,0.602707782888493
"830","Picenum (Regio V)",1,1,5,1,0.639710571998601
"831","Mauretania Caesariensis",1,1,5,1,0.655929041673276
"832","Latium et Campania (Regio I)",1,1,5,1,0.722773966392556
"833","Achaia",1,1,5,1,0.891941054794436
"834","Macedonia",1,1,5,1,1.18205548368045
"835","Etruria (Regio VII)",1,1,5,1,1.18892452038597
"836","Sicilia",1,1,5,1,1.3391239004718
"837","Asia",1,1,5,1,1.34122038704805
"838","Dacia",1,1,5,1,1.40069387690143
"839","Baetica",1,1,5,1,1.69923362730932
"840","Africa Proconsularis",1,1,5,1,2.51237423146613
"841","Germania Superior",1,1,5,2,-1.93725530706129
"842","Narbonensis",1,1,5,2,-1.72845523105935
"843","Lusitania",1,1,5,2,-1.38356623965922
"844","Germania Inferior",1,1,5,2,-1.32262650977228
"845","Transpadana (Regio XI)",1,1,5,2,-1.19642129839263
"846","Pannonia Superior",1,1,5,2,-1.09999908280167
"847","Aquitania",1,1,5,2,-1.09228380629452
"848","Belgica",1,1,5,2,-0.936795072024675
"849","Lugdunensis",1,1,5,2,-0.87114838531433
"850","Venetia et Histria (Regio X)",1,1,5,2,-0.764875784908113
"851","Britannia",1,1,5,2,-0.60671806732803
"852","Sardinia",1,1,5,2,-0.545706475714615
"853","Moesia Superior",1,1,5,2,-0.538175141766429
"854","Dalmatia",1,1,5,2,-0.507224753123821
"855","Hispania Citerior",1,1,5,2,-0.432100227481553
"856","Apulia et Calabria (Regio II)",1,1,5,2,-0.347586072759612
"857","Pannonia Inferior",1,1,5,2,-0.290629107348191
"858","Raetia",1,1,5,2,-0.27120848416
"859","Moesia Inferior",1,1,5,2,-0.243279125742837
"860","Noricum",1,1,5,2,-0.128176046013037
"861","Aemilia (Regio VIII)",1,1,5,2,-0.0898446402681784
"862","Umbria (Regio VI)",1,1,5,2,0.0740302871589376
"863","Mauretania Tingitana",1,1,5,2,0.135591713729719
"864","Samnium (Regio IV)",1,1,5,2,0.232755832784339
"865","Liguria (Regio IX)",1,1,5,2,0.265314322457921
"866","Syria",1,1,5,2,0.337872980876071
"867","Galatia",1,1,5,2,0.481783405494432
"868","Numidia",1,1,5,2,0.503728592315372
"869","Bruttium et Lucania (Regio III)",1,1,5,2,0.581268978223383
"870","Picenum (Regio V)",1,1,5,2,0.634059640859902
"871","Mauretania Caesariensis",1,1,5,2,0.677924932972355
"872","Achaia",1,1,5,2,0.875631183163605
"873","Latium et Campania (Regio I)",1,1,5,2,0.966693987890787
"874","Etruria (Regio VII)",1,1,5,2,1.18481168833607
"875","Macedonia",1,1,5,2,1.20592355045621
"876","Asia",1,1,5,2,1.24404237940761
"877","Sicilia",1,1,5,2,1.32084621415526
"878","Dacia",1,1,5,2,1.50066159130163
"879","Baetica",1,1,5,2,1.68431590660912
"880","Africa Proconsularis",1,1,5,2,2.42681767080166
"881","Germania Superior",1,1,5,3,-1.90941763329345
"882","Narbonensis",1,1,5,3,-1.84244720880754
"883","Lusitania",1,1,5,3,-1.54091060712371
"884","Germania Inferior",1,1,5,3,-1.21310708485999
"885","Transpadana (Regio XI)",1,1,5,3,-1.20595031790222
"886","Aquitania",1,1,5,3,-1.05756269908644
"887","Venetia et Histria (Regio X)",1,1,5,3,-0.988972818792181
"888","Pannonia Superior",1,1,5,3,-0.870247286391656
"889","Belgica",1,1,5,3,-0.854293593957344
"890","Lugdunensis",1,1,5,3,-0.838277436437225
"891","Hispania Citerior",1,1,5,3,-0.559256263690859
"892","Sardinia",1,1,5,3,-0.548088556590613
"893","Britannia",1,1,5,3,-0.539673213292191
"894","Moesia Superior",1,1,5,3,-0.468929474849633
"895","Apulia et Calabria (Regio II)",1,1,5,3,-0.379784063024236
"896","Dalmatia",1,1,5,3,-0.374343812618311
"897","Raetia",1,1,5,3,-0.255503046732489
"898","Aemilia (Regio VIII)",1,1,5,3,-0.204271957513984
"899","Moesia Inferior",1,1,5,3,-0.13190842309571
"900","Noricum",1,1,5,3,-0.0854706825258014
"901","Pannonia Inferior",1,1,5,3,-0.0377136249596688
"902","Umbria (Regio VI)",1,1,5,3,0.0264377520012302
"903","Mauretania Tingitana",1,1,5,3,0.126223990031892
"904","Samnium (Regio IV)",1,1,5,3,0.137591899204753
"905","Liguria (Regio IX)",1,1,5,3,0.18575945882742
"906","Syria",1,1,5,3,0.393385847697118
"907","Bruttium et Lucania (Regio III)",1,1,5,3,0.481793054874461
"908","Galatia",1,1,5,3,0.519263103388949
"909","Picenum (Regio V)",1,1,5,3,0.544400434937766
"910","Numidia",1,1,5,3,0.563197270173742
"911","Mauretania Caesariensis",1,1,5,3,0.648566947426191
"912","Latium et Campania (Regio I)",1,1,5,3,0.658593470123494
"913","Achaia",1,1,5,3,0.787364410357436
"914","Etruria (Regio VII)",1,1,5,3,1.15344187602149
"915","Macedonia",1,1,5,3,1.18407529194283
"916","Asia",1,1,5,3,1.21509472433302
"917","Sicilia",1,1,5,3,1.29152980746494
"918","Baetica",1,1,5,3,1.77938252178036
"919","Dacia",1,1,5,3,1.86924353221796
"920","Africa Proconsularis",1,1,5,3,2.3407844127402
"921","Narbonensis",1,1,5,4,-2.05478754215998
"922","Germania Superior",1,1,5,4,-1.98944136004301
"923","Lusitania",1,1,5,4,-1.42127301842986
"924","Transpadana (Regio XI)",1,1,5,4,-1.2446974139415
"925","Germania Inferior",1,1,5,4,-1.18854684361096
"926","Aquitania",1,1,5,4,-1.07771480295343
"927","Venetia et Histria (Regio X)",1,1,5,4,-0.95678009442316
"928","Lugdunensis",1,1,5,4,-0.894528755892174
"929","Belgica",1,1,5,4,-0.811153838427924
"930","Pannonia Superior",1,1,5,4,-0.79335486627236
"931","Sardinia",1,1,5,4,-0.543265411031241
"932","Britannia",1,1,5,4,-0.53349902539282
"933","Apulia et Calabria (Regio II)",1,1,5,4,-0.524924070593075
"934","Moesia Superior",1,1,5,4,-0.430788158926018
"935","Hispania Citerior",1,1,5,4,-0.369217820943667
"936","Raetia",1,1,5,4,-0.255579586124228
"937","Aemilia (Regio VIII)",1,1,5,4,-0.141882571453337
"938","Dalmatia",1,1,5,4,-0.0802599419212542
"939","Moesia Inferior",1,1,5,4,-0.0375655270317638
"940","Pannonia Inferior",1,1,5,4,-0.0104947576690844
"941","Noricum",1,1,5,4,-0.00542511689280048
"942","Umbria (Regio VI)",1,1,5,4,0.0400001287671304
"943","Samnium (Regio IV)",1,1,5,4,0.0980781593249794
"944","Latium et Campania (Regio I)",1,1,5,4,0.102343691886709
"945","Mauretania Tingitana",1,1,5,4,0.17129098859674
"946","Liguria (Regio IX)",1,1,5,4,0.229799989225117
"947","Syria",1,1,5,4,0.403017101146968
"948","Bruttium et Lucania (Regio III)",1,1,5,4,0.438054212165637
"949","Galatia",1,1,5,4,0.513855041265713
"950","Numidia",1,1,5,4,0.527667081523995
"951","Picenum (Regio V)",1,1,5,4,0.56434827571695
"952","Achaia",1,1,5,4,0.739591502271433
"953","Mauretania Caesariensis",1,1,5,4,0.747147293140729
"954","Asia",1,1,5,4,1.10588886794765
"955","Macedonia",1,1,5,4,1.13678753568192
"956","Etruria (Regio VII)",1,1,5,4,1.17932257405753
"957","Sicilia",1,1,5,4,1.29904731606883
"958","Baetica",1,1,5,4,1.80361848332037
"959","Dacia",1,1,5,4,1.99952346362418
"960","Africa Proconsularis",1,1,5,4,2.26579881840105
"961","Germania Superior",1,1,5,5,-2.03821200695781
"962","Narbonensis",1,1,5,5,-1.9979556175272
"963","Lusitania",1,1,5,5,-1.42827204291487
"964","Germania Inferior",1,1,5,5,-1.243643201948
"965","Transpadana (Regio XI)",1,1,5,5,-1.11540527829133
"966","Aquitania",1,1,5,5,-1.09361948831732
"967","Lugdunensis",1,1,5,5,-0.92697201324525
"968","Venetia et Histria (Regio X)",1,1,5,5,-0.915906980479503
"969","Belgica",1,1,5,5,-0.846334338043945
"970","Pannonia Superior",1,1,5,5,-0.807539959949979
"971","Sardinia",1,1,5,5,-0.570961673065614
"972","Apulia et Calabria (Regio II)",1,1,5,5,-0.548451503201162
"973","Britannia",1,1,5,5,-0.528434413005684
"974","Moesia Superior",1,1,5,5,-0.509150769229487
"975","Hispania Citerior",1,1,5,5,-0.331493822545426
"976","Raetia",1,1,5,5,-0.27700602080017
"977","Dalmatia",1,1,5,5,-0.161319943021098
"978","Aemilia (Regio VIII)",1,1,5,5,-0.0984562154906412
"979","Pannonia Inferior",1,1,5,5,-0.0850046892051321
"980","Moesia Inferior",1,1,5,5,-0.0665181162652128
"981","Noricum",1,1,5,5,-0.00235950058652249
"982","Latium et Campania (Regio I)",1,1,5,5,0.089656962987559
"983","Umbria (Regio VI)",1,1,5,5,0.0978112881677347
"984","Samnium (Regio IV)",1,1,5,5,0.129030062086539
"985","Mauretania Tingitana",1,1,5,5,0.184626062642118
"986","Liguria (Regio IX)",1,1,5,5,0.281432545414684
"987","Syria",1,1,5,5,0.421937399596314
"988","Numidia",1,1,5,5,0.44614910895815
"989","Bruttium et Lucania (Regio III)",1,1,5,5,0.461021513381577
"990","Galatia",1,1,5,5,0.507123611841011
"991","Picenum (Regio V)",1,1,5,5,0.611928705740394
"992","Mauretania Caesariensis",1,1,5,5,0.751708681976962
"993","Achaia",1,1,5,5,0.794377088245448
"994","Macedonia",1,1,5,5,1.14505443790197
"995","Asia",1,1,5,5,1.18702691054668
"996","Etruria (Regio VII)",1,1,5,5,1.25058100351392
"997","Sicilia",1,1,5,5,1.34547316421139
"998","Baetica",1,1,5,5,1.73961455337514
"999","Dacia",1,1,5,5,1.88605601652637
"1000","Africa Proconsularis",1,1,5,5,2.2624084769774
"1001","Germania Superior",1,2,1,1,-1.63331348054611
"1002","Germania Inferior",1,2,1,1,-1.48904202590868
"1003","Aquitania",1,2,1,1,-1.23150580396407
"1004","Pannonia Superior",1,2,1,1,-1.22593772393092
"1005","Lusitania",1,2,1,1,-1.22369602350028
"1006","Belgica",1,2,1,1,-1.1599482105842
"1007","Transpadana (Regio XI)",1,2,1,1,-1.13491748758875
"1008","Britannia",1,2,1,1,-0.939984446333624
"1009","Lugdunensis",1,2,1,1,-0.8569651973671
"1010","Dalmatia",1,2,1,1,-0.734665539734571
"1011","Moesia Superior",1,2,1,1,-0.684543418380818
"1012","Sardinia",1,2,1,1,-0.522422102372637
"1013","Narbonensis",1,2,1,1,-0.49734141801688
"1014","Moesia Inferior",1,2,1,1,-0.458203858055611
"1015","Venetia et Histria (Regio X)",1,2,1,1,-0.374298234002198
"1016","Raetia",1,2,1,1,-0.348729127346648
"1017","Noricum",1,2,1,1,-0.320262753423283
"1018","Hispania Citerior",1,2,1,1,-0.294074935057986
"1019","Pannonia Inferior",1,2,1,1,-0.24800035966744
"1020","Apulia et Calabria (Regio II)",1,2,1,1,-0.104164655100682
"1021","Aemilia (Regio VIII)",1,2,1,1,-0.103436036881595
"1022","Mauretania Tingitana",1,2,1,1,-0.0073722591820549
"1023","Umbria (Regio VI)",1,2,1,1,0.0786691567420184
"1024","Galatia",1,2,1,1,0.102524494052265
"1025","Samnium (Regio IV)",1,2,1,1,0.275210257082776
"1026","Liguria (Regio IX)",1,2,1,1,0.358283206863334
"1027","Syria",1,2,1,1,0.383973205536094
"1028","Numidia",1,2,1,1,0.400935435040837
"1029","Etruria (Regio VII)",1,2,1,1,0.525663476497696
"1030","Bruttium et Lucania (Regio III)",1,2,1,1,0.626542516074552
"1031","Mauretania Caesariensis",1,2,1,1,0.736022477477327
"1032","Achaia",1,2,1,1,0.753644644605109
"1033","Picenum (Regio V)",1,2,1,1,0.802412006500165
"1034","Dacia",1,2,1,1,0.804741172756568
"1035","Asia",1,2,1,1,0.875765628104044
"1036","Sicilia",1,2,1,1,1.05761126929431
"1037","Macedonia",1,2,1,1,1.09976012758979
"1038","Baetica",1,2,1,1,1.28407289046496
"1039","Africa Proconsularis",1,2,1,1,2.66263164535681
"1040","Latium et Campania (Regio I)",1,2,1,1,2.7643614869075
"1041","Lusitania",1,2,1,2,-1.79860470738586
"1042","Germania Superior",1,2,1,2,-1.62059589941691
"1043","Germania Inferior",1,2,1,2,-1.35805588861345
"1044","Aquitania",1,2,1,2,-1.16064667921206
"1045","Transpadana (Regio XI)",1,2,1,2,-1.11808714622513
"1046","Pannonia Superior",1,2,1,2,-1.07274866315757
"1047","Belgica",1,2,1,2,-1.00647965495271
"1048","Britannia",1,2,1,2,-0.826759455431565
"1049","Venetia et Histria (Regio X)",1,2,1,2,-0.815988529326733
"1050","Lugdunensis",1,2,1,2,-0.709247720356626
"1051","Hispania Citerior",1,2,1,2,-0.629856760458064
"1052","Moesia Superior",1,2,1,2,-0.583438969017698
"1053","Narbonensis",1,2,1,2,-0.576305782236173
"1054","Dalmatia",1,2,1,2,-0.570420744930976
"1055","Sardinia",1,2,1,2,-0.556050145911377
"1056","Moesia Inferior",1,2,1,2,-0.357269272409508
"1057","Noricum",1,2,1,2,-0.289999151769628
"1058","Raetia",1,2,1,2,-0.276171482294045
"1059","Pannonia Inferior",1,2,1,2,-0.236752378686084
"1060","Umbria (Regio VI)",1,2,1,2,-0.151197174865531
"1061","Apulia et Calabria (Regio II)",1,2,1,2,-0.129750636945275
"1062","Aemilia (Regio VIII)",1,2,1,2,-0.110021491043958
"1063","Mauretania Tingitana",1,2,1,2,-0.0443642728949517
"1064","Samnium (Regio IV)",1,2,1,2,0.18894420846353
"1065","Liguria (Regio IX)",1,2,1,2,0.212860835681538
"1066","Galatia",1,2,1,2,0.323517962233138
"1067","Bruttium et Lucania (Regio III)",1,2,1,2,0.389655148291834
"1068","Numidia",1,2,1,2,0.444710617563124
"1069","Syria",1,2,1,2,0.466908573526917
"1070","Picenum (Regio V)",1,2,1,2,0.605567970572005
"1071","Mauretania Caesariensis",1,2,1,2,0.688215902381833
"1072","Achaia",1,2,1,2,0.717669825069352
"1073","Etruria (Regio VII)",1,2,1,2,0.754211339144978
"1074","Sicilia",1,2,1,2,1.0835678362444
"1075","Asia",1,2,1,2,1.08361588676019
"1076","Macedonia",1,2,1,2,1.13624698923498
"1077","Dacia",1,2,1,2,1.44350810568256
"1078","Baetica",1,2,1,2,1.7601311830654
"1079","Africa Proconsularis",1,2,1,2,2.21178777676777
"1080","Latium et Campania (Regio I)",1,2,1,2,2.48769244685833
"1081","Germania Superior",1,2,1,3,-1.89983017909326
"1082","Germania Inferior",1,2,1,3,-1.51758452432934
"1083","Lusitania",1,2,1,3,-1.42794293769524
"1084","Aquitania",1,2,1,3,-1.32102163057633
"1085","Belgica",1,2,1,3,-1.28710215176683
"1086","Transpadana (Regio XI)",1,2,1,3,-1.19202229387529
"1087","Pannonia Superior",1,2,1,3,-1.09198789498269
"1088","Britannia",1,2,1,3,-0.983465160787643
"1089","Lugdunensis",1,2,1,3,-0.914456363565469
"1090","Narbonensis",1,2,1,3,-0.832575965709459
"1091","Dalmatia",1,2,1,3,-0.646630333232289
"1092","Sardinia",1,2,1,3,-0.634559713050637
"1093","Moesia Superior",1,2,1,3,-0.619993731963655
"1094","Venetia et Histria (Regio X)",1,2,1,3,-0.482239560128141
"1095","Raetia",1,2,1,3,-0.320320393541212
"1096","Moesia Inferior",1,2,1,3,-0.299035296446651
"1097","Hispania Citerior",1,2,1,3,-0.243896842824917
"1098","Noricum",1,2,1,3,-0.22597395240517
"1099","Pannonia Inferior",1,2,1,3,-0.200627804689589
"1100","Apulia et Calabria (Regio II)",1,2,1,3,-0.0781823203720041
"1101","Mauretania Tingitana",1,2,1,3,0.0157587880133943
"1102","Umbria (Regio VI)",1,2,1,3,0.0488485881776845
"1103","Aemilia (Regio VIII)",1,2,1,3,0.128274297609862
"1104","Samnium (Regio IV)",1,2,1,3,0.194941038576277
"1105","Numidia",1,2,1,3,0.217776734565751
"1106","Galatia",1,2,1,3,0.354483727679911
"1107","Liguria (Regio IX)",1,2,1,3,0.409612916005708
"1108","Bruttium et Lucania (Regio III)",1,2,1,3,0.496747675121839
"1109","Syria",1,2,1,3,0.507363313050259
"1110","Mauretania Caesariensis",1,2,1,3,0.579840352569815
"1111","Achaia",1,2,1,3,0.780108849877209
"1112","Picenum (Regio V)",1,2,1,3,0.783769403695493
"1113","Asia",1,2,1,3,0.993297458410569
"1114","Sicilia",1,2,1,3,1.06425518549664
"1115","Macedonia",1,2,1,3,1.1238742578754
"1116","Etruria (Regio VII)",1,2,1,3,1.21753174372699
"1117","Dacia",1,2,1,3,1.61936401149995
"1118","Baetica",1,2,1,3,1.76987767206771
"1119","Latium et Campania (Regio I)",1,2,1,3,1.88343111357668
"1120","Africa Proconsularis",1,2,1,3,2.03029192343868
"1121","Germania Superior",1,2,1,4,-1.80245089894126
"1122","Germania Inferior",1,2,1,4,-1.49863184211278
"1123","Lusitania",1,2,1,4,-1.48647816943246
"1124","Aquitania",1,2,1,4,-1.30689968333339
"1125","Belgica",1,2,1,4,-1.2339485604624
"1126","Transpadana (Regio XI)",1,2,1,4,-1.17838088797358
"1127","Pannonia Superior",1,2,1,4,-1.09677678209494
"1128","Britannia",1,2,1,4,-0.972606381836473
"1129","Lugdunensis",1,2,1,4,-0.861493854910849
"1130","Dalmatia",1,2,1,4,-0.654915362819741
"1131","Narbonensis",1,2,1,4,-0.643037304720442
"1132","Sardinia",1,2,1,4,-0.620791835180969
"1133","Moesia Superior",1,2,1,4,-0.619833482052321
"1134","Venetia et Histria (Regio X)",1,2,1,4,-0.503096347729506
"1135","Moesia Inferior",1,2,1,4,-0.344021661013009
"1136","Raetia",1,2,1,4,-0.30958047501588
"1137","Hispania Citerior",1,2,1,4,-0.292536574819432
"1138","Noricum",1,2,1,4,-0.259624552810814
"1139","Pannonia Inferior",1,2,1,4,-0.242302179217032
"1140","Apulia et Calabria (Regio II)",1,2,1,4,-0.127171555272135
"1141","Umbria (Regio VI)",1,2,1,4,-0.0157643991453172
"1142","Mauretania Tingitana",1,2,1,4,-0.0155578663384398
"1143","Aemilia (Regio VIII)",1,2,1,4,0.071680085669087
"1144","Samnium (Regio IV)",1,2,1,4,0.172199251523434
"1145","Numidia",1,2,1,4,0.225708222526902
"1146","Galatia",1,2,1,4,0.311543561422357
"1147","Liguria (Regio IX)",1,2,1,4,0.376796848676413
"1148","Bruttium et Lucania (Regio III)",1,2,1,4,0.456228884869543
"1149","Syria",1,2,1,4,0.481119973701671
"1150","Mauretania Caesariensis",1,2,1,4,0.664863335209836
"1151","Achaia",1,2,1,4,0.743775160374827
"1152","Picenum (Regio V)",1,2,1,4,0.808326852346144
"1153","Asia",1,2,1,4,0.963961735341859
"1154","Sicilia",1,2,1,4,1.01937824164484
"1155","Macedonia",1,2,1,4,1.0915788554681
"1156","Etruria (Regio VII)",1,2,1,4,1.12044130721745
"1157","Dacia",1,2,1,4,1.45609575202411
"1158","Baetica",1,2,1,4,1.88986292868128
"1159","Africa Proconsularis",1,2,1,4,2.09065061060028
"1160","Latium et Campania (Regio I)",1,2,1,4,2.14168904993502
"1161","Germania Superior",1,2,1,5,-1.8313957479378
"1162","Germania Inferior",1,2,1,5,-1.53557896464705
"1163","Lusitania",1,2,1,5,-1.37404362304994
"1164","Aquitania",1,2,1,5,-1.33095153151049
"1165","Belgica",1,2,1,5,-1.29236079525546
"1166","Transpadana (Regio XI)",1,2,1,5,-1.17358869547176
"1167","Pannonia Superior",1,2,1,5,-1.12804877471668
"1168","Britannia",1,2,1,5,-1.01409178193296
"1169","Lugdunensis",1,2,1,5,-0.91838069702133
"1170","Dalmatia",1,2,1,5,-0.688124088627167
"1171","Narbonensis",1,2,1,5,-0.654231095702429
"1172","Moesia Superior",1,2,1,5,-0.639176740369231
"1173","Sardinia",1,2,1,5,-0.638640694785785
"1174","Moesia Inferior",1,2,1,5,-0.36102846907111
"1175","Venetia et Histria (Regio X)",1,2,1,5,-0.358217028263755
"1176","Raetia",1,2,1,5,-0.322028960182376
"1177","Noricum",1,2,1,5,-0.261583783626323
"1178","Hispania Citerior",1,2,1,5,-0.235159618329641
"1179","Pannonia Inferior",1,2,1,5,-0.232244412752957
"1180","Apulia et Calabria (Regio II)",1,2,1,5,-0.127469517247615
"1181","Mauretania Tingitana",1,2,1,5,-0.0319277593605762
"1182","Aemilia (Regio VIII)",1,2,1,5,0.0942468378965714
"1183","Samnium (Regio IV)",1,2,1,5,0.172575649045141
"1184","Umbria (Regio VI)",1,2,1,5,0.20188691991019
"1185","Numidia",1,2,1,5,0.220660010567829
"1186","Galatia",1,2,1,5,0.290591955682663
"1187","Liguria (Regio IX)",1,2,1,5,0.393123080721244
"1188","Syria",1,2,1,5,0.44936170177817
"1189","Bruttium et Lucania (Regio III)",1,2,1,5,0.476854331027324
"1190","Mauretania Caesariensis",1,2,1,5,0.640950481860498
"1191","Achaia",1,2,1,5,0.747853920458018
"1192","Picenum (Regio V)",1,2,1,5,0.824002678829552
"1193","Asia",1,2,1,5,0.965577570903442
"1194","Sicilia",1,2,1,5,1.00513205566356
"1195","Macedonia",1,2,1,5,1.04977019025985
"1196","Etruria (Regio VII)",1,2,1,5,1.13329301307963
"1197","Dacia",1,2,1,5,1.36884579705966
"1198","Baetica",1,2,1,5,1.84749210786289
"1199","Africa Proconsularis",1,2,1,5,2.11826770296377
"1200","Latium et Campania (Regio I)",1,2,1,5,2.14778677429243
"1201","Germania Superior",1,2,2,1,-1.49323708031529
"1202","Lusitania",1,2,2,1,-1.46525339311098
"1203","Germania Inferior",1,2,2,1,-1.33455172863522
"1204","Pannonia Superior",1,2,2,1,-1.18768544669212
"1205","Transpadana (Regio XI)",1,2,2,1,-1.02500919282992
"1206","Aquitania",1,2,2,1,-1.01600928564031
"1207","Belgica",1,2,2,1,-0.887051923547925
"1208","Dalmatia",1,2,2,1,-0.851249714115184
"1209","Britannia",1,2,2,1,-0.786505725317049
"1210","Venetia et Histria (Regio X)",1,2,2,1,-0.733773017537731
"1211","Narbonensis",1,2,2,1,-0.633095523829194
"1212","Lugdunensis",1,2,2,1,-0.620730438782186
"1213","Moesia Superior",1,2,2,1,-0.582846937654888
"1214","Hispania Citerior",1,2,2,1,-0.552334076753285
"1215","Moesia Inferior",1,2,2,1,-0.528776181878275
"1216","Aemilia (Regio VIII)",1,2,2,1,-0.489420502166758
"1217","Sardinia",1,2,2,1,-0.458981614262129
"1218","Pannonia Inferior",1,2,2,1,-0.454461132806376
"1219","Noricum",1,2,2,1,-0.340395348351732
"1220","Raetia",1,2,2,1,-0.243179105544373
"1221","Umbria (Regio VI)",1,2,2,1,-0.148531952066977
"1222","Apulia et Calabria (Regio II)",1,2,2,1,-0.14278085899267
"1223","Mauretania Tingitana",1,2,2,1,-0.0100316588547094
"1224","Galatia",1,2,2,1,0.137039728274532
"1225","Liguria (Regio IX)",1,2,2,1,0.216646299611748
"1226","Samnium (Regio IV)",1,2,2,1,0.363751380799626
"1227","Syria",1,2,2,1,0.38455355149522
"1228","Etruria (Regio VII)",1,2,2,1,0.442181548397925
"1229","Numidia",1,2,2,1,0.503699668789573
"1230","Bruttium et Lucania (Regio III)",1,2,2,1,0.565756538308394
"1231","Picenum (Regio V)",1,2,2,1,0.698948653641652
"1232","Dacia",1,2,2,1,0.734525146535918
"1233","Mauretania Caesariensis",1,2,2,1,0.766959396217603
"1234","Achaia",1,2,2,1,0.914829896631424
"1235","Asia",1,2,2,1,1.12402095394403
"1236","Sicilia",1,2,2,1,1.16727608315803
"1237","Macedonia",1,2,2,1,1.19674107577118
"1238","Baetica",1,2,2,1,1.41363381491124
"1239","Africa Proconsularis",1,2,2,1,2.42199028693774
"1240","Latium et Campania (Regio I)",1,2,2,1,2.93333781625945
"1241","Lusitania",1,2,2,2,-1.89389230265822
"1242","Germania Superior",1,2,2,2,-1.60188518979189
"1243","Germania Inferior",1,2,2,2,-1.22386077328171
"1244","Venetia et Histria (Regio X)",1,2,2,2,-1.12779006987047
"1245","Transpadana (Regio XI)",1,2,2,2,-1.11589796550856
"1246","Narbonensis",1,2,2,2,-1.00750726617791
"1247","Pannonia Superior",1,2,2,2,-0.999987304863632
"1248","Aquitania",1,2,2,2,-0.998223512777715
"1249","Belgica",1,2,2,2,-0.796043617879896
"1250","Hispania Citerior",1,2,2,2,-0.758593513970068
"1251","Britannia",1,2,2,2,-0.693232434813625
"1252","Lugdunensis",1,2,2,2,-0.651547582189568
"1253","Moesia Superior",1,2,2,2,-0.515197599272106
"1254","Sardinia",1,2,2,2,-0.476221247126446
"1255","Dalmatia",1,2,2,2,-0.431931712987293
"1256","Aemilia (Regio VIII)",1,2,2,2,-0.409839832111499
"1257","Moesia Inferior",1,2,2,2,-0.291415786914598
"1258","Apulia et Calabria (Regio II)",1,2,2,2,-0.276736814534754
"1259","Raetia",1,2,2,2,-0.237768635369003
"1260","Noricum",1,2,2,2,-0.220380876561125
"1261","Umbria (Regio VI)",1,2,2,2,-0.214594587999994
"1262","Pannonia Inferior",1,2,2,2,-0.173437247976554
"1263","Mauretania Tingitana",1,2,2,2,-0.00387703723271025
"1264","Liguria (Regio IX)",1,2,2,2,0.0950357089961659
"1265","Samnium (Regio IV)",1,2,2,2,0.164269534303161
"1266","Galatia",1,2,2,2,0.384857798598803
"1267","Bruttium et Lucania (Regio III)",1,2,2,2,0.399922467478727
"1268","Syria",1,2,2,2,0.445953078950663
"1269","Picenum (Regio V)",1,2,2,2,0.515354073852447
"1270","Numidia",1,2,2,2,0.635586892045362
"1271","Etruria (Regio VII)",1,2,2,2,0.681962079372784
"1272","Achaia",1,2,2,2,0.719206049615882
"1273","Mauretania Caesariensis",1,2,2,2,0.779207203788938
"1274","Asia",1,2,2,2,1.16841484214387
"1275","Macedonia",1,2,2,2,1.18679553750718
"1276","Sicilia",1,2,2,2,1.20695971308942
"1277","Dacia",1,2,2,2,1.56111117161876
"1278","Baetica",1,2,2,2,1.610910228025
"1279","Latium et Campania (Regio I)",1,2,2,2,2.14816443774331
"1280","Africa Proconsularis",1,2,2,2,2.41615209473888
"1281","Germania Superior",1,2,2,3,-1.9143080781393
"1282","Germania Inferior",1,2,2,3,-1.52301478615935
"1283","Lusitania",1,2,2,3,-1.42309403968273
"1284","Aquitania",1,2,2,3,-1.38127817270869
"1285","Belgica",1,2,2,3,-1.38068475111292
"1286","Transpadana (Regio XI)",1,2,2,3,-1.16651245643803
"1287","Pannonia Superior",1,2,2,3,-1.09266738666387
"1288","Britannia",1,2,2,3,-0.993474802503648
"1289","Lugdunensis",1,2,2,3,-0.954613056827173
"1290","Narbonensis",1,2,2,3,-0.664628641712567
"1291","Dalmatia",1,2,2,3,-0.660497431323625
"1292","Moesia Superior",1,2,2,3,-0.648721173023413
"1293","Sardinia",1,2,2,3,-0.647303219481762
"1294","Venetia et Histria (Regio X)",1,2,2,3,-0.565366789278498
"1295","Raetia",1,2,2,3,-0.339040437220944
"1296","Hispania Citerior",1,2,2,3,-0.244924148273492
"1297","Moesia Inferior",1,2,2,3,-0.244623796893556
"1298","Noricum",1,2,2,3,-0.193536537947739
"1299","Pannonia Inferior",1,2,2,3,-0.150138436566273
"1300","Aemilia (Regio VIII)",1,2,2,3,-0.0103942364796154
"1301","Apulia et Calabria (Regio II)",1,2,2,3,0.00382215178647276
"1302","Mauretania Tingitana",1,2,2,3,0.0641905520874908
"1303","Umbria (Regio VI)",1,2,2,3,0.0859230537742925
"1304","Numidia",1,2,2,3,0.173174839697512
"1305","Samnium (Regio IV)",1,2,2,3,0.173912182399077
"1306","Galatia",1,2,2,3,0.394320186889173
"1307","Liguria (Regio IX)",1,2,2,3,0.443396721004819
"1308","Mauretania Caesariensis",1,2,2,3,0.518823363042923
"1309","Bruttium et Lucania (Regio III)",1,2,2,3,0.534179359714938
"1310","Syria",1,2,2,3,0.576275243970095
"1311","Achaia",1,2,2,3,0.794952754335779
"1312","Picenum (Regio V)",1,2,2,3,0.83028448458661
"1313","Asia",1,2,2,3,0.993055006403164
"1314","Sicilia",1,2,2,3,1.06335666988755
"1315","Macedonia",1,2,2,3,1.18392457303829
"1316","Etruria (Regio VII)",1,2,2,3,1.28498456236411
"1317","Baetica",1,2,2,3,1.60197546228029
"1318","Latium et Campania (Regio I)",1,2,2,3,1.74728484009753
"1319","Dacia",1,2,2,3,1.79428581957013
"1320","Africa Proconsularis",1,2,2,3,1.93670055150695
"1321","Germania Superior",1,2,2,4,-1.77129009328321
"1322","Germania Inferior",1,2,2,4,-1.51323687322381
"1323","Lusitania",1,2,2,4,-1.43074349207769
"1324","Aquitania",1,2,2,4,-1.34366441605155
"1325","Belgica",1,2,2,4,-1.30277394379118
"1326","Pannonia Superior",1,2,2,4,-1.13751786858689
"1327","Transpadana (Regio XI)",1,2,2,4,-1.12649390262521
"1328","Britannia",1,2,2,4,-0.985460804932565
"1329","Lugdunensis",1,2,2,4,-0.904238628387904
"1330","Dalmatia",1,2,2,4,-0.692186094491102
"1331","Moesia Superior",1,2,2,4,-0.657515515814555
"1332","Sardinia",1,2,2,4,-0.639450538395667
"1333","Venetia et Histria (Regio X)",1,2,2,4,-0.444139431212579
"1334","Narbonensis",1,2,2,4,-0.417043968147145
"1335","Moesia Inferior",1,2,2,4,-0.356081244941456
"1336","Raetia",1,2,2,4,-0.329733220859494
"1337","Hispania Citerior",1,2,2,4,-0.30025291988994
"1338","Noricum",1,2,2,4,-0.265028885751663
"1339","Pannonia Inferior",1,2,2,4,-0.219407862522903
"1340","Aemilia (Regio VIII)",1,2,2,4,-0.128977589623343
"1341","Apulia et Calabria (Regio II)",1,2,2,4,-0.0617838382040068
"1342","Mauretania Tingitana",1,2,2,4,-0.0305365400523573
"1343","Samnium (Regio IV)",1,2,2,4,0.162185152878131
"1344","Umbria (Regio VI)",1,2,2,4,0.203822932650973
"1345","Numidia",1,2,2,4,0.24510843481506
"1346","Galatia",1,2,2,4,0.283131598713899
"1347","Liguria (Regio IX)",1,2,2,4,0.35855658850413
"1348","Bruttium et Lucania (Regio III)",1,2,2,4,0.453094309705011
"1349","Syria",1,2,2,4,0.46840112292685
"1350","Mauretania Caesariensis",1,2,2,4,0.581457841017505
"1351","Achaia",1,2,2,4,0.754331563913899
"1352","Picenum (Regio V)",1,2,2,4,0.768752929744998
"1353","Asia",1,2,2,4,0.999068912680382
"1354","Sicilia",1,2,2,4,0.999640005810242
"1355","Macedonia",1,2,2,4,1.08529042271547
"1356","Etruria (Regio VII)",1,2,2,4,1.1414531284366
"1357","Dacia",1,2,2,4,1.41892616944656
"1358","Baetica",1,2,2,4,1.71386927796464
"1359","Africa Proconsularis",1,2,2,4,2.04336206067938
"1360","Latium et Campania (Regio I)",1,2,2,4,2.37710522026249
"1361","Lusitania",1,2,2,5,-1.64817711771892
"1362","Germania Superior",1,2,2,5,-1.55795037570402
"1363","Germania Inferior",1,2,2,5,-1.36910082860594
"1364","Aquitania",1,2,2,5,-1.32652500662374
"1365","Pannonia Superior",1,2,2,5,-1.08777212424371
"1366","Belgica",1,2,2,5,-1.08143350837591
"1367","Transpadana (Regio XI)",1,2,2,5,-1.08045313598631
"1368","Britannia",1,2,2,5,-0.865283197931472
"1369","Lugdunensis",1,2,2,5,-0.723364236549815
"1370","Venetia et Histria (Regio X)",1,2,2,5,-0.682372322512002
"1371","Sardinia",1,2,2,5,-0.600847036598762
"1372","Dalmatia",1,2,2,5,-0.595223873167429
"1373","Moesia Superior",1,2,2,5,-0.592063099437957
"1374","Hispania Citerior",1,2,2,5,-0.580875692634859
"1375","Aemilia (Regio VIII)",1,2,2,5,-0.386036071544585
"1376","Moesia Inferior",1,2,2,5,-0.364445217003195
"1377","Narbonensis",1,2,2,5,-0.356530809499229
"1378","Noricum",1,2,2,5,-0.288092863019192
"1379","Raetia",1,2,2,5,-0.27686121715281
"1380","Pannonia Inferior",1,2,2,5,-0.239240088023585
"1381","Apulia et Calabria (Regio II)",1,2,2,5,-0.150588066781441
"1382","Mauretania Tingitana",1,2,2,5,-0.0554505373224536
"1383","Umbria (Regio VI)",1,2,2,5,0.0480254009037122
"1384","Samnium (Regio IV)",1,2,2,5,0.126629326353045
"1385","Liguria (Regio IX)",1,2,2,5,0.215491114171498
"1386","Galatia",1,2,2,5,0.264139634660392
"1387","Bruttium et Lucania (Regio III)",1,2,2,5,0.29120670662033
"1388","Syria",1,2,2,5,0.438712903424928
"1389","Numidia",1,2,2,5,0.440841737141983
"1390","Picenum (Regio V)",1,2,2,5,0.687204374257604
"1391","Achaia",1,2,2,5,0.699980237340656
"1392","Mauretania Caesariensis",1,2,2,5,0.708722703732874
"1393","Etruria (Regio VII)",1,2,2,5,0.891807510974145
"1394","Sicilia",1,2,2,5,0.990267686364374
"1395","Asia",1,2,2,5,1.00649021707993
"1396","Macedonia",1,2,2,5,1.06993784694328
"1397","Dacia",1,2,2,5,1.36997160556669
"1398","Baetica",1,2,2,5,1.91988267464815
"1399","Africa Proconsularis",1,2,2,5,2.13347607758402
"1400","Latium et Campania (Regio I)",1,2,2,5,2.60589866866974
"1401","Germania Superior",1,2,3,1,-1.68824590243795
"1402","Lusitania",1,2,3,1,-1.37227000715905
"1403","Germania Inferior",1,2,3,1,-1.34080062727038
"1404","Narbonensis",1,2,3,1,-1.17776102353242
"1405","Pannonia Superior",1,2,3,1,-1.1679649062062
"1406","Transpadana (Regio XI)",1,2,3,1,-1.09580568600434
"1407","Aquitania",1,2,3,1,-1.08681612237864
"1408","Belgica",1,2,3,1,-0.915332534666352
"1409","Dalmatia",1,2,3,1,-0.800617282857081
"1410","Britannia",1,2,3,1,-0.782102835718722
"1411","Venetia et Histria (Regio X)",1,2,3,1,-0.76729676637913
"1412","Lugdunensis",1,2,3,1,-0.710672277274087
"1413","Moesia Superior",1,2,3,1,-0.560059929133201
"1414","Aemilia (Regio VIII)",1,2,3,1,-0.511942761105509
"1415","Hispania Citerior",1,2,3,1,-0.50806601870621
"1416","Sardinia",1,2,3,1,-0.499654843685762
"1417","Moesia Inferior",1,2,3,1,-0.441120292764694
"1418","Pannonia Inferior",1,2,3,1,-0.399332664422147
"1419","Raetia",1,2,3,1,-0.247958304760454
"1420","Apulia et Calabria (Regio II)",1,2,3,1,-0.238961790754523
"1421","Noricum",1,2,3,1,-0.227335557298918
"1422","Umbria (Regio VI)",1,2,3,1,-0.0901117486869557
"1423","Mauretania Tingitana",1,2,3,1,0.0815039965480497
"1424","Liguria (Regio IX)",1,2,3,1,0.250998313366418
"1425","Galatia",1,2,3,1,0.362541068697603
"1426","Samnium (Regio IV)",1,2,3,1,0.370961309018891
"1427","Syria",1,2,3,1,0.381165956264262
"1428","Numidia",1,2,3,1,0.53201481761096
"1429","Bruttium et Lucania (Regio III)",1,2,3,1,0.571893073289498
"1430","Picenum (Regio V)",1,2,3,1,0.694685165220462
"1431","Etruria (Regio VII)",1,2,3,1,0.782161429649459
"1432","Mauretania Caesariensis",1,2,3,1,0.788859957089163
"1433","Achaia",1,2,3,1,0.912299788852704
"1434","Dacia",1,2,3,1,0.998587481366476
"1435","Macedonia",1,2,3,1,1.22315011926689
"1436","Sicilia",1,2,3,1,1.25747796750429
"1437","Asia",1,2,3,1,1.26047050336996
"1438","Baetica",1,2,3,1,1.44813769467352
"1439","Latium et Campania (Regio I)",1,2,3,1,2.24643418176729
"1440","Africa Proconsularis",1,2,3,1,2.46688705964683
"1441","Lusitania",1,2,3,2,-1.87531014190771
"1442","Germania Superior",1,2,3,2,-1.63479910125754
"1443","Germania Inferior",1,2,3,2,-1.19939135665768
"1444","Narbonensis",1,2,3,2,-1.14698900606972
"1445","Venetia et Histria (Regio X)",1,2,3,2,-1.1287180549386
"1446","Transpadana (Regio XI)",1,2,3,2,-1.09576123845641
"1447","Aquitania",1,2,3,2,-1.04963210299353
"1448","Pannonia Superior",1,2,3,2,-0.976121257362228
"1449","Hispania Citerior",1,2,3,2,-0.815730888834718
"1450","Belgica",1,2,3,2,-0.802057230715207
"1451","Britannia",1,2,3,2,-0.675875096149549
"1452","Lugdunensis",1,2,3,2,-0.653681065194073
"1453","Sardinia",1,2,3,2,-0.541937974893319
"1454","Moesia Superior",1,2,3,2,-0.486553474297735
"1455","Aemilia (Regio VIII)",1,2,3,2,-0.471447377568333
"1456","Dalmatia",1,2,3,2,-0.393734778616475
"1457","Apulia et Calabria (Regio II)",1,2,3,2,-0.263857384070379
"1458","Moesia Inferior",1,2,3,2,-0.241502140215499
"1459","Raetia",1,2,3,2,-0.222814963462574
"1460","Noricum",1,2,3,2,-0.194050062427581
"1461","Umbria (Regio VI)",1,2,3,2,-0.191025963833564
"1462","Pannonia Inferior",1,2,3,2,-0.145120448174242
"1463","Mauretania Tingitana",1,2,3,2,0.0258411605069422
"1464","Liguria (Regio IX)",1,2,3,2,0.0894214002105554
"1465","Samnium (Regio IV)",1,2,3,2,0.130934796294053
"1466","Bruttium et Lucania (Regio III)",1,2,3,2,0.328706700804537
"1467","Galatia",1,2,3,2,0.404361125139777
"1468","Syria",1,2,3,2,0.462819684631236
"1469","Picenum (Regio V)",1,2,3,2,0.503077585117349
"1470","Numidia",1,2,3,2,0.625406330949813
"1471","Achaia",1,2,3,2,0.738128091483853
"1472","Mauretania Caesariensis",1,2,3,2,0.752487261336911
"1473","Etruria (Regio VII)",1,2,3,2,0.965063881481964
"1474","Macedonia",1,2,3,2,1.17643088570048
"1475","Asia",1,2,3,2,1.18798008125477
"1476","Sicilia",1,2,3,2,1.2033449276803
"1477","Baetica",1,2,3,2,1.69922961630398
"1478","Dacia",1,2,3,2,1.76093929722285
"1479","Latium et Campania (Regio I)",1,2,3,2,1.84702314322621
"1480","Africa Proconsularis",1,2,3,2,2.3049151387511
"1481","Germania Superior",1,2,3,3,-1.82445679231072
"1482","Lusitania",1,2,3,3,-1.57311675685317
"1483","Germania Inferior",1,2,3,3,-1.34299618996504
"1484","Narbonensis",1,2,3,3,-1.27687217307843
"1485","Aquitania",1,2,3,3,-1.2040926986098
"1486","Transpadana (Regio XI)",1,2,3,3,-1.16698346904468
"1487","Belgica",1,2,3,3,-1.04026267674739
"1488","Pannonia Superior",1,2,3,3,-1.02808729665518
"1489","Venetia et Histria (Regio X)",1,2,3,3,-0.836096872131914
"1490","Britannia",1,2,3,3,-0.825862803381213
"1491","Lugdunensis",1,2,3,3,-0.819537672127025
"1492","Sardinia",1,2,3,3,-0.58512449635451
"1493","Moesia Superior",1,2,3,3,-0.533323647085175
"1494","Hispania Citerior",1,2,3,3,-0.520520866630863
"1495","Dalmatia",1,2,3,3,-0.470951453272224
"1496","Aemilia (Regio VIII)",1,2,3,3,-0.312396479874602
"1497","Raetia",1,2,3,3,-0.266125547468347
"1498","Apulia et Calabria (Regio II)",1,2,3,3,-0.23465640468927
"1499","Moesia Inferior",1,2,3,3,-0.221919319384469
"1500","Noricum",1,2,3,3,-0.15805594889286
"1501","Pannonia Inferior",1,2,3,3,-0.116139139633353
"1502","Mauretania Tingitana",1,2,3,3,0.0460875545403162
"1503","Umbria (Regio VI)",1,2,3,3,0.092719011255377
"1504","Samnium (Regio IV)",1,2,3,3,0.154428713028762
"1505","Liguria (Regio IX)",1,2,3,3,0.233705719072569
"1506","Galatia",1,2,3,3,0.414459330362225
"1507","Bruttium et Lucania (Regio III)",1,2,3,3,0.415588212600432
"1508","Syria",1,2,3,3,0.472955723565483
"1509","Numidia",1,2,3,3,0.537250356570001
"1510","Picenum (Regio V)",1,2,3,3,0.662343214819141
"1511","Mauretania Caesariensis",1,2,3,3,0.692296262194568
"1512","Achaia",1,2,3,3,0.779238610316579
"1513","Etruria (Regio VII)",1,2,3,3,1.05798703001028
"1514","Asia",1,2,3,3,1.10009633188283
"1515","Macedonia",1,2,3,3,1.16388416645853
"1516","Sicilia",1,2,3,3,1.19332668803585
"1517","Latium et Campania (Regio I)",1,2,3,3,1.59552906812354
"1518","Baetica",1,2,3,3,1.68355560965112
"1519","Dacia",1,2,3,3,1.78772187472256
"1520","Africa Proconsularis",1,2,3,3,2.27440522698006
"1521","Germania Superior",1,2,3,4,-1.87761201204983
"1522","Lusitania",1,2,3,4,-1.49158382329271
"1523","Germania Inferior",1,2,3,4,-1.39202205445807
"1524","Narbonensis",1,2,3,4,-1.32418948061146
"1525","Transpadana (Regio XI)",1,2,3,4,-1.20649165811376
"1526","Aquitania",1,2,3,4,-1.20330346556896
"1527","Belgica",1,2,3,4,-1.10251906682873
"1528","Pannonia Superior",1,2,3,4,-1.04741217907249
"1529","Britannia",1,2,3,4,-0.882448476212581
"1530","Lugdunensis",1,2,3,4,-0.866573631500293
"1531","Venetia et Histria (Regio X)",1,2,3,4,-0.711295264063511
"1532","Sardinia",1,2,3,4,-0.58907335938225
"1533","Moesia Superior",1,2,3,4,-0.549002460084452
"1534","Dalmatia",1,2,3,4,-0.501064301841555
"1535","Hispania Citerior",1,2,3,4,-0.436611219244399
"1536","Raetia",1,2,3,4,-0.280524274111045
"1537","Moesia Inferior",1,2,3,4,-0.242260431474991
"1538","Apulia et Calabria (Regio II)",1,2,3,4,-0.226593826849633
"1539","Noricum",1,2,3,4,-0.153281390332837
"1540","Aemilia (Regio VIII)",1,2,3,4,-0.120096574595129
"1541","Pannonia Inferior",1,2,3,4,-0.114131319826083
"1542","Mauretania Tingitana",1,2,3,4,0.0304559424492893
"1543","Umbria (Regio VI)",1,2,3,4,0.13907867544563
"1544","Samnium (Regio IV)",1,2,3,4,0.185542714433579
"1545","Liguria (Regio IX)",1,2,3,4,0.265579330346991
"1546","Galatia",1,2,3,4,0.417987250986786
"1547","Syria",1,2,3,4,0.447896529179491
"1548","Bruttium et Lucania (Regio III)",1,2,3,4,0.45935672367986
"1549","Numidia",1,2,3,4,0.521744478031018
"1550","Picenum (Regio V)",1,2,3,4,0.688781089099552
"1551","Mauretania Caesariensis",1,2,3,4,0.695797862927228
"1552","Achaia",1,2,3,4,0.765220168350041
"1553","Etruria (Regio VII)",1,2,3,4,1.07259978084868
"1554","Asia",1,2,3,4,1.08435035100758
"1555","Macedonia",1,2,3,4,1.13121859618387
"1556","Sicilia",1,2,3,4,1.19348283392722
"1557","Latium et Campania (Regio I)",1,2,3,4,1.51716578502956
"1558","Baetica",1,2,3,4,1.65529266961947
"1559","Dacia",1,2,3,4,1.71527974921684
"1560","Africa Proconsularis",1,2,3,4,2.33125973875209
"1561","Germania Superior",1,2,3,5,-1.71212191771267
"1562","Lusitania",1,2,3,5,-1.64859024105745
"1563","Germania Inferior",1,2,3,5,-1.31082687184013
"1564","Aquitania",1,2,3,5,-1.16277999284906
"1565","Transpadana (Regio XI)",1,2,3,5,-1.14700356147263
"1566","Narbonensis",1,2,3,5,-1.12127351761596
"1567","Pannonia Superior",1,2,3,5,-1.04412706886022
"1568","Belgica",1,2,3,5,-0.962100024146855
"1569","Britannia",1,2,3,5,-0.806712624874522
"1570","Venetia et Histria (Regio X)",1,2,3,5,-0.778140389792022
"1571","Lugdunensis",1,2,3,5,-0.766895957880387
"1572","Sardinia",1,2,3,5,-0.573096703947301
"1573","Hispania Citerior",1,2,3,5,-0.572173607043685
"1574","Moesia Superior",1,2,3,5,-0.515573297865614
"1575","Dalmatia",1,2,3,5,-0.454747177676617
"1576","Aemilia (Regio VIII)",1,2,3,5,-0.298162301949028
"1577","Moesia Inferior",1,2,3,5,-0.290770849289321
"1578","Raetia",1,2,3,5,-0.2522724045694
"1579","Apulia et Calabria (Regio II)",1,2,3,5,-0.229438364869347
"1580","Noricum",1,2,3,5,-0.199131694714722
"1581","Pannonia Inferior",1,2,3,5,-0.152992558990188
"1582","Mauretania Tingitana",1,2,3,5,-0.032479174640009
"1583","Samnium (Regio IV)",1,2,3,5,0.0616392303163956
"1584","Umbria (Regio VI)",1,2,3,5,0.0777862517086019
"1585","Liguria (Regio IX)",1,2,3,5,0.120226260324693
"1586","Syria",1,2,3,5,0.279311323038771
"1587","Galatia",1,2,3,5,0.355432667715041
"1588","Bruttium et Lucania (Regio III)",1,2,3,5,0.367468357274665
"1589","Picenum (Regio V)",1,2,3,5,0.518560994176012
"1590","Numidia",1,2,3,5,0.628621924793358
"1591","Mauretania Caesariensis",1,2,3,5,0.686025920414882
"1592","Achaia",1,2,3,5,0.744761481427885
"1593","Etruria (Regio VII)",1,2,3,5,0.998608474577911
"1594","Macedonia",1,2,3,5,1.09959745599778
"1595","Asia",1,2,3,5,1.12799115434176
"1596","Sicilia",1,2,3,5,1.16648090361428
"1597","Dacia",1,2,3,5,1.60117606524371
"1598","Baetica",1,2,3,5,1.86177803781567
"1599","Latium et Campania (Regio I)",1,2,3,5,2.02230245405677
"1600","Africa Proconsularis",1,2,3,5,2.31364134681895
"1601","Germania Superior",1,2,4,1,-1.75169564779197
"1602","Lusitania",1,2,4,1,-1.44425929370968
"1603","Germania Inferior",1,2,4,1,-1.30851988844404
"1604","Narbonensis",1,2,4,1,-1.29912929929884
"1605","Pannonia Superior",1,2,4,1,-1.13385851717496
"1606","Transpadana (Regio XI)",1,2,4,1,-1.12199992588382
"1607","Aquitania",1,2,4,1,-1.05261924423275
"1608","Venetia et Histria (Regio X)",1,2,4,1,-0.889350498066679
"1609","Belgica",1,2,4,1,-0.822060658157432
"1610","Dalmatia",1,2,4,1,-0.767763041297758
"1611","Lugdunensis",1,2,4,1,-0.716162076945818
"1612","Britannia",1,2,4,1,-0.570356156601445
"1613","Aemilia (Regio VIII)",1,2,4,1,-0.554802491085779
"1614","Hispania Citerior",1,2,4,1,-0.552345733150405
"1615","Moesia Superior",1,2,4,1,-0.531044664212608
"1616","Sardinia",1,2,4,1,-0.484582628766986
"1617","Moesia Inferior",1,2,4,1,-0.423182245638573
"1618","Pannonia Inferior",1,2,4,1,-0.398608610594523
"1619","Apulia et Calabria (Regio II)",1,2,4,1,-0.3419474656275
"1620","Raetia",1,2,4,1,-0.244799102820513
"1621","Noricum",1,2,4,1,-0.210320795965485
"1622","Umbria (Regio VI)",1,2,4,1,-0.121614724836108
"1623","Mauretania Tingitana",1,2,4,1,0.0999918126966035
"1624","Liguria (Regio IX)",1,2,4,1,0.217399691420355
"1625","Samnium (Regio IV)",1,2,4,1,0.374575626866046
"1626","Syria",1,2,4,1,0.37938673248202
"1627","Galatia",1,2,4,1,0.388946764455809
"1628","Numidia",1,2,4,1,0.588597182910255
"1629","Bruttium et Lucania (Regio III)",1,2,4,1,0.606277381943536
"1630","Picenum (Regio V)",1,2,4,1,0.655009378659608
"1631","Etruria (Regio VII)",1,2,4,1,0.802830327851069
"1632","Mauretania Caesariensis",1,2,4,1,0.833649595023095
"1633","Achaia",1,2,4,1,0.936362857437874
"1634","Dacia",1,2,4,1,1.05386955617645
"1635","Macedonia",1,2,4,1,1.28057301746054
"1636","Sicilia",1,2,4,1,1.35502190609319
"1637","Asia",1,2,4,1,1.3580281431603
"1638","Baetica",1,2,4,1,1.50973215146404
"1639","Latium et Campania (Regio I)",1,2,4,1,1.71182178192658
"1640","Africa Proconsularis",1,2,4,1,2.58894880227631
"1641","Germania Superior",1,2,4,2,-1.98695168351662
"1642","Narbonensis",1,2,4,2,-1.71460212128242
"1643","Germania Inferior",1,2,4,2,-1.42114235582555
"1644","Pannonia Superior",1,2,4,2,-1.19895454638265
"1645","Transpadana (Regio XI)",1,2,4,2,-1.18881870942543
"1646","Lusitania",1,2,4,2,-1.07057532288151
"1647","Aquitania",1,2,4,2,-1.06689710779422
"1648","Belgica",1,2,4,2,-1.02677512841129
"1649","Lugdunensis",1,2,4,2,-0.927113464623868
"1650","Dalmatia",1,2,4,2,-0.783053757807923
"1651","Britannia",1,2,4,2,-0.702911847419504
"1652","Moesia Superior",1,2,4,2,-0.545203975110565
"1653","Sardinia",1,2,4,2,-0.502459641890765
"1654","Venetia et Histria (Regio X)",1,2,4,2,-0.43696460794023
"1655","Moesia Inferior",1,2,4,2,-0.370886880001239
"1656","Apulia et Calabria (Regio II)",1,2,4,2,-0.362041218797491
"1657","Pannonia Inferior",1,2,4,2,-0.343312092822386
"1658","Raetia",1,2,4,2,-0.283356348616568
"1659","Hispania Citerior",1,2,4,2,-0.229148067754444
"1660","Noricum",1,2,4,2,-0.128631842344446
"1661","Aemilia (Regio VIII)",1,2,4,2,-0.0232050134610713
"1662","Mauretania Tingitana",1,2,4,2,0.0999089010653845
"1663","Syria",1,2,4,2,0.217288206662683
"1664","Umbria (Regio VI)",1,2,4,2,0.234103698697436
"1665","Samnium (Regio IV)",1,2,4,2,0.270954654028295
"1666","Liguria (Regio IX)",1,2,4,2,0.339351917662701
"1667","Galatia",1,2,4,2,0.411724904934565
"1668","Numidia",1,2,4,2,0.509044185983581
"1669","Bruttium et Lucania (Regio III)",1,2,4,2,0.700040190712437
"1670","Picenum (Regio V)",1,2,4,2,0.712216195532708
"1671","Mauretania Caesariensis",1,2,4,2,0.803232657310456
"1672","Latium et Campania (Regio I)",1,2,4,2,0.851380243176395
"1673","Achaia",1,2,4,2,0.90611971982788
"1674","Dacia",1,2,4,2,1.10340940852365
"1675","Macedonia",1,2,4,2,1.13805641073071
"1676","Etruria (Regio VII)",1,2,4,2,1.25101296619947
"1677","Asia",1,2,4,2,1.32171527269503
"1678","Sicilia",1,2,4,2,1.32206389470607
"1679","Baetica",1,2,4,2,1.47921493705605
"1680","Africa Proconsularis",1,2,4,2,2.64216736860468
"1681","Germania Superior",1,2,4,3,-2.06611611478936
"1682","Narbonensis",1,2,4,3,-2.00358048482228
"1683","Germania Inferior",1,2,4,3,-1.35674297611515
"1684","Transpadana (Regio XI)",1,2,4,3,-1.25299160597687
"1685","Lusitania",1,2,4,3,-1.11346755757591
"1686","Aquitania",1,2,4,3,-1.10579698450909
"1687","Belgica",1,2,4,3,-0.998811166404864
"1688","Lugdunensis",1,2,4,3,-0.996028623289346
"1689","Pannonia Superior",1,2,4,3,-0.989540458934528
"1690","Britannia",1,2,4,3,-0.683175983728002
"1691","Venetia et Histria (Regio X)",1,2,4,3,-0.539976574545497
"1692","Sardinia",1,2,4,3,-0.53882557591842
"1693","Moesia Superior",1,2,4,3,-0.494246876193612
"1694","Apulia et Calabria (Regio II)",1,2,4,3,-0.473335571085266
"1695","Dalmatia",1,2,4,3,-0.403416002568457
"1696","Raetia",1,2,4,3,-0.285758210507334
"1697","Moesia Inferior",1,2,4,3,-0.180829356137483
"1698","Hispania Citerior",1,2,4,3,-0.140336822731808
"1699","Aemilia (Regio VIII)",1,2,4,3,-0.0701034077740503
"1700","Pannonia Inferior",1,2,4,3,-0.0564820557933568
"1701","Noricum",1,2,4,3,-0.0324375729089528
"1702","Samnium (Regio IV)",1,2,4,3,0.118429794242151
"1703","Mauretania Tingitana",1,2,4,3,0.120416621883302
"1704","Syria",1,2,4,3,0.262155621799709
"1705","Umbria (Regio VI)",1,2,4,3,0.263519082670743
"1706","Liguria (Regio IX)",1,2,4,3,0.322888565449115
"1707","Galatia",1,2,4,3,0.434900394268038
"1708","Latium et Campania (Regio I)",1,2,4,3,0.524188601435592
"1709","Bruttium et Lucania (Regio III)",1,2,4,3,0.542158817628176
"1710","Numidia",1,2,4,3,0.545061370731222
"1711","Picenum (Regio V)",1,2,4,3,0.620078732837772
"1712","Mauretania Caesariensis",1,2,4,3,0.767817347623365
"1713","Achaia",1,2,4,3,0.780808959752211
"1714","Macedonia",1,2,4,3,1.07059384373471
"1715","Asia",1,2,4,3,1.17696741589198
"1716","Etruria (Regio VII)",1,2,4,3,1.22948166840828
"1717","Sicilia",1,2,4,3,1.28306101393439
"1718","Baetica",1,2,4,3,1.57949847710792
"1719","Dacia",1,2,4,3,1.62936549808934
"1720","Africa Proconsularis",1,2,4,3,2.51060815482163
"1721","Germania Superior",1,2,4,4,-1.80903032589427
"1722","Lusitania",1,2,4,4,-1.64209049178441
"1723","Narbonensis",1,2,4,4,-1.50987900953435
"1724","Germania Inferior",1,2,4,4,-1.2767502186664
"1725","Transpadana (Regio XI)",1,2,4,4,-1.19078064311524
"1726","Aquitania",1,2,4,4,-1.14043039361114
"1727","Pannonia Superior",1,2,4,4,-0.992115148516213
"1728","Venetia et Histria (Regio X)",1,2,4,4,-0.920255672868444
"1729","Belgica",1,2,4,4,-0.890144348463806
"1730","Lugdunensis",1,2,4,4,-0.815159399924802
"1731","Britannia",1,2,4,4,-0.576902330663647
"1732","Sardinia",1,2,4,4,-0.565148998734864
"1733","Hispania Citerior",1,2,4,4,-0.55406940669965
"1734","Moesia Superior",1,2,4,4,-0.499480925250049
"1735","Dalmatia",1,2,4,4,-0.392986173805174
"1736","Apulia et Calabria (Regio II)",1,2,4,4,-0.32464368298955
"1737","Raetia",1,2,4,4,-0.261205127633808
"1738","Aemilia (Regio VIII)",1,2,4,4,-0.243502527935387
"1739","Moesia Inferior",1,2,4,4,-0.207803314797946
"1740","Noricum",1,2,4,4,-0.13128388707886
"1741","Pannonia Inferior",1,2,4,4,-0.0906220424570207
"1742","Mauretania Tingitana",1,2,4,4,0.0272614209659853
"1743","Umbria (Regio VI)",1,2,4,4,0.0506993759787006
"1744","Samnium (Regio IV)",1,2,4,4,0.0729349589165964
"1745","Liguria (Regio IX)",1,2,4,4,0.129378210622206
"1746","Syria",1,2,4,4,0.301833935716194
"1747","Bruttium et Lucania (Regio III)",1,2,4,4,0.432290477504882
"1748","Galatia",1,2,4,4,0.435570818221525
"1749","Picenum (Regio V)",1,2,4,4,0.570970759729812
"1750","Numidia",1,2,4,4,0.621384406412173
"1751","Achaia",1,2,4,4,0.744832630966778
"1752","Mauretania Caesariensis",1,2,4,4,0.767305549175517
"1753","Etruria (Regio VII)",1,2,4,4,1.02525733158091
"1754","Asia",1,2,4,4,1.12021698056262
"1755","Macedonia",1,2,4,4,1.15457844111707
"1756","Sicilia",1,2,4,4,1.2588513276391
"1757","Latium et Campania (Regio I)",1,2,4,4,1.49437196126678
"1758","Baetica",1,2,4,4,1.67660307444404
"1759","Dacia",1,2,4,4,1.74163569898587
"1760","Africa Proconsularis",1,2,4,4,2.40830671061829
"1761","Germania Superior",1,2,4,5,-1.85143029134279
"1762","Narbonensis",1,2,4,5,-1.50565808309847
"1763","Lusitania",1,2,4,5,-1.45530381512358
"1764","Germania Inferior",1,2,4,5,-1.33911330005751
"1765","Transpadana (Regio XI)",1,2,4,5,-1.20306426453883
"1766","Aquitania",1,2,4,5,-1.17414578358911
"1767","Pannonia Superior",1,2,4,5,-1.0273932899849
"1768","Belgica",1,2,4,5,-1.01382469940103
"1769","Lugdunensis",1,2,4,5,-0.864598213717515
"1770","Britannia",1,2,4,5,-0.836964782074544
"1771","Venetia et Histria (Regio X)",1,2,4,5,-0.729389064775104
"1772","Sardinia",1,2,4,5,-0.561490165606202
"1773","Moesia Superior",1,2,4,5,-0.516679170306727
"1774","Dalmatia",1,2,4,5,-0.440028412096265
"1775","Hispania Citerior",1,2,4,5,-0.439206733730904
"1776","Apulia et Calabria (Regio II)",1,2,4,5,-0.278082252819701
"1777","Raetia",1,2,4,5,-0.271031715228944
"1778","Moesia Inferior",1,2,4,5,-0.227080286913683
"1779","Aemilia (Regio VIII)",1,2,4,5,-0.178597838169486
"1780","Noricum",1,2,4,5,-0.124422525774955
"1781","Pannonia Inferior",1,2,4,5,-0.0904441445044172
"1782","Mauretania Tingitana",1,2,4,5,0.0247869113492402
"1783","Samnium (Regio IV)",1,2,4,5,0.0704632858973616
"1784","Umbria (Regio VI)",1,2,4,5,0.140902869374818
"1785","Liguria (Regio IX)",1,2,4,5,0.195189588967428
"1786","Syria",1,2,4,5,0.296086202347216
"1787","Galatia",1,2,4,5,0.419020168866947
"1788","Bruttium et Lucania (Regio III)",1,2,4,5,0.470648277357269
"1789","Numidia",1,2,4,5,0.596549972457907
"1790","Picenum (Regio V)",1,2,4,5,0.636957246167232
"1791","Mauretania Caesariensis",1,2,4,5,0.726404863122996
"1792","Achaia",1,2,4,5,0.753406645101104
"1793","Etruria (Regio VII)",1,2,4,5,1.06548330942156
"1794","Asia",1,2,4,5,1.09428452771107
"1795","Macedonia",1,2,4,5,1.10846601102585
"1796","Sicilia",1,2,4,5,1.20789856989119
"1797","Latium et Campania (Regio I)",1,2,4,5,1.5789630693064
"1798","Baetica",1,2,4,5,1.64718416842163
"1799","Dacia",1,2,4,5,1.68671590444802
"1800","Africa Proconsularis",1,2,4,5,2.40853724161943
"1801","Germania Superior",1,2,5,1,-1.85042539476568
"1802","Narbonensis",1,2,5,1,-1.6091704637314
"1803","Lusitania",1,2,5,1,-1.3442486789338
"1804","Germania Inferior",1,2,5,1,-1.33093245185813
"1805","Transpadana (Regio XI)",1,2,5,1,-1.20691694039308
"1806","Pannonia Superior",1,2,5,1,-1.11372369071371
"1807","Aquitania",1,2,5,1,-1.0499342086926
"1808","Belgica",1,2,5,1,-0.87230191468328
"1809","Lugdunensis",1,2,5,1,-0.830030722575941
"1810","Venetia et Histria (Regio X)",1,2,5,1,-0.74646419743603
"1811","Dalmatia",1,2,5,1,-0.721206469707358
"1812","Britannia",1,2,5,1,-0.607769947543827
"1813","Moesia Superior",1,2,5,1,-0.531900189390857
"1814","Sardinia",1,2,5,1,-0.495880087128374
"1815","Hispania Citerior",1,2,5,1,-0.438709209867135
"1816","Apulia et Calabria (Regio II)",1,2,5,1,-0.4002351279624
"1817","Moesia Inferior",1,2,5,1,-0.363303555569899
"1818","Pannonia Inferior",1,2,5,1,-0.33617695059392
"1819","Raetia",1,2,5,1,-0.270966100017215
"1820","Aemilia (Regio VIII)",1,2,5,1,-0.161180342177222
"1821","Noricum",1,2,5,1,-0.160422982742717
"1822","Umbria (Regio VI)",1,2,5,1,0.0772438947800885
"1823","Mauretania Tingitana",1,2,5,1,0.0806970501235162
"1824","Liguria (Regio IX)",1,2,5,1,0.238910160773671
"1825","Syria",1,2,5,1,0.273778835189571
"1826","Samnium (Regio IV)",1,2,5,1,0.334402577816644
"1827","Galatia",1,2,5,1,0.44345213124028
"1828","Bruttium et Lucania (Regio III)",1,2,5,1,0.634138470977192
"1829","Numidia",1,2,5,1,0.634562941756783
"1830","Picenum (Regio V)",1,2,5,1,0.652092399921508
"1831","Etruria (Regio VII)",1,2,5,1,0.780243275795024
"1832","Achaia",1,2,5,1,0.863150009159523
"1833","Mauretania Caesariensis",1,2,5,1,0.867506956839113
"1834","Dacia",1,2,5,1,1.12014941358041
"1835","Macedonia",1,2,5,1,1.1973601072204
"1836","Asia",1,2,5,1,1.29897844258238
"1837","Sicilia",1,2,5,1,1.3586202237804
"1838","Latium et Campania (Regio I)",1,2,5,1,1.40326459753443
"1839","Baetica",1,2,5,1,1.48744931272521
"1840","Africa Proconsularis",1,2,5,1,2.69589882468845
"1841","Germania Superior",1,2,5,2,-1.9711394972571
"1842","Narbonensis",1,2,5,2,-1.72744045125724
"1843","Germania Inferior",1,2,5,2,-1.36680181092286
"1844","Lusitania",1,2,5,2,-1.23627914787357
"1845","Transpadana (Regio XI)",1,2,5,2,-1.21509837247235
"1846","Pannonia Superior",1,2,5,2,-1.10303517826055
"1847","Aquitania",1,2,5,2,-1.07517785663057
"1848","Belgica",1,2,5,2,-0.983531073396408
"1849","Lugdunensis",1,2,5,2,-0.89991822827408
"1850","Dalmatia",1,2,5,2,-0.72844000373489
"1851","Venetia et Histria (Regio X)",1,2,5,2,-0.652667441062335
"1852","Britannia",1,2,5,2,-0.643410195986969
"1853","Moesia Superior",1,2,5,2,-0.535242571374688
"1854","Sardinia",1,2,5,2,-0.518222638156482
"1855","Apulia et Calabria (Regio II)",1,2,5,2,-0.371986270545265
"1856","Hispania Citerior",1,2,5,2,-0.335991436131877
"1857","Pannonia Inferior",1,2,5,2,-0.310076703979873
"1858","Moesia Inferior",1,2,5,2,-0.305841677892804
"1859","Raetia",1,2,5,2,-0.282579952814155
"1860","Noricum",1,2,5,2,-0.124180139325324
"1861","Aemilia (Regio VIII)",1,2,5,2,-0.0479316656616683
"1862","Umbria (Regio VI)",1,2,5,2,0.131536271379046
"1863","Mauretania Tingitana",1,2,5,2,0.134585154646647
"1864","Liguria (Regio IX)",1,2,5,2,0.314813614778535
"1865","Samnium (Regio IV)",1,2,5,2,0.316868315042347
"1866","Syria",1,2,5,2,0.320803322405386
"1867","Galatia",1,2,5,2,0.472005913477461
"1868","Numidia",1,2,5,2,0.511655764877383
"1869","Bruttium et Lucania (Regio III)",1,2,5,2,0.659388985464971
"1870","Picenum (Regio V)",1,2,5,2,0.703574273212294
"1871","Latium et Campania (Regio I)",1,2,5,2,0.754853871433405
"1872","Mauretania Caesariensis",1,2,5,2,0.810649975880376
"1873","Achaia",1,2,5,2,0.889637616398166
"1874","Etruria (Regio VII)",1,2,5,2,1.19397921045639
"1875","Macedonia",1,2,5,2,1.20153812973446
"1876","Asia",1,2,5,2,1.29226554254746
"1877","Dacia",1,2,5,2,1.31214508904213
"1878","Sicilia",1,2,5,2,1.34596940395858
"1879","Baetica",1,2,5,2,1.52296092432244
"1880","Africa Proconsularis",1,2,5,2,2.54576093395359
"1881","Germania Superior",1,2,5,3,-2.04436059635206
"1882","Narbonensis",1,2,5,3,-1.99368985171861
"1883","Lusitania",1,2,5,3,-1.31627533435448
"1884","Germania Inferior",1,2,5,3,-1.26663119101522
"1885","Transpadana (Regio XI)",1,2,5,3,-1.25750334748157
"1886","Aquitania",1,2,5,3,-1.04624784822948
"1887","Lugdunensis",1,2,5,3,-0.893583520854743
"1888","Venetia et Histria (Regio X)",1,2,5,3,-0.859476358538896
"1889","Belgica",1,2,5,3,-0.815888700985936
"1890","Pannonia Superior",1,2,5,3,-0.794523320760029
"1891","Apulia et Calabria (Regio II)",1,2,5,3,-0.604166827779742
"1892","Britannia",1,2,5,3,-0.54359133331106
"1893","Sardinia",1,2,5,3,-0.510584783999721
"1894","Moesia Superior",1,2,5,3,-0.455170806291213
"1895","Dalmatia",1,2,5,3,-0.327853965350966
"1896","Raetia",1,2,5,3,-0.268458677539533
"1897","Pannonia Inferior",1,2,5,3,-0.262919241067597
"1898","Hispania Citerior",1,2,5,3,-0.225242223708262
"1899","Moesia Inferior",1,2,5,3,-0.138916058103388
"1900","Aemilia (Regio VIII)",1,2,5,3,-0.0734007950464538
"1901","Noricum",1,2,5,3,-0.00605373511119255
"1902","Umbria (Regio VI)",1,2,5,3,0.0471240123650897
"1903","Latium et Campania (Regio I)",1,2,5,3,0.0802369145251316
"1904","Mauretania Tingitana",1,2,5,3,0.16573217621897
"1905","Samnium (Regio IV)",1,2,5,3,0.2283141800943
"1906","Liguria (Regio IX)",1,2,5,3,0.292259014088134
"1907","Syria",1,2,5,3,0.395850657191668
"1908","Galatia",1,2,5,3,0.489858411111341
"1909","Bruttium et Lucania (Regio III)",1,2,5,3,0.505179744067994
"1910","Numidia",1,2,5,3,0.512639929674502
"1911","Picenum (Regio V)",1,2,5,3,0.620439571437466
"1912","Achaia",1,2,5,3,0.777875608207344
"1913","Mauretania Caesariensis",1,2,5,3,0.810237063630501
"1914","Macedonia",1,2,5,3,1.16751708324995
"1915","Etruria (Regio VII)",1,2,5,3,1.2202924911962
"1916","Asia",1,2,5,3,1.23277024261736
"1917","Sicilia",1,2,5,3,1.38110664155893
"1918","Baetica",1,2,5,3,1.63100331547065
"1919","Dacia",1,2,5,3,1.70106018474451
"1920","Africa Proconsularis",1,2,5,3,2.44504127615011
"1921","Germania Superior",1,2,5,4,-2.02141461076164
"1922","Narbonensis",1,2,5,4,-2.0133953020993
"1923","Lusitania",1,2,5,4,-1.35183960767533
"1924","Transpadana (Regio XI)",1,2,5,4,-1.25592314241418
"1925","Germania Inferior",1,2,5,4,-1.23252330524984
"1926","Aquitania",1,2,5,4,-1.0927028928807
"1927","Lugdunensis",1,2,5,4,-0.919084057041305
"1928","Venetia et Histria (Regio X)",1,2,5,4,-0.904795020306911
"1929","Belgica",1,2,5,4,-0.896895103258071
"1930","Pannonia Superior",1,2,5,4,-0.812539271115515
"1931","Britannia",1,2,5,4,-0.577590102020518
"1932","Sardinia",1,2,5,4,-0.537672389832668
"1933","Apulia et Calabria (Regio II)",1,2,5,4,-0.457781165910365
"1934","Moesia Superior",1,2,5,4,-0.447369370369041
"1935","Hispania Citerior",1,2,5,4,-0.337086488719525
"1936","Dalmatia",1,2,5,4,-0.30712563470148
"1937","Raetia",1,2,5,4,-0.273001449604796
"1938","Aemilia (Regio VIII)",1,2,5,4,-0.0949029846158142
"1939","Moesia Inferior",1,2,5,4,-0.0655888977533302
"1940","Noricum",1,2,5,4,-0.0167802626182346
"1941","Pannonia Inferior",1,2,5,4,-0.0116531767879322
"1942","Umbria (Regio VI)",1,2,5,4,0.0649345343285325
"1943","Samnium (Regio IV)",1,2,5,4,0.0966281900246871
"1944","Mauretania Tingitana",1,2,5,4,0.177087119026304
"1945","Latium et Campania (Regio I)",1,2,5,4,0.242699387977276
"1946","Liguria (Regio IX)",1,2,5,4,0.277815547590458
"1947","Syria",1,2,5,4,0.423677061073495
"1948","Bruttium et Lucania (Regio III)",1,2,5,4,0.493354337403957
"1949","Numidia",1,2,5,4,0.497536951728296
"1950","Galatia",1,2,5,4,0.515014311266647
"1951","Picenum (Regio V)",1,2,5,4,0.609928690008461
"1952","Mauretania Caesariensis",1,2,5,4,0.732504677439319
"1953","Achaia",1,2,5,4,0.762631740091639
"1954","Asia",1,2,5,4,1.13245170858152
"1955","Macedonia",1,2,5,4,1.16062056398739
"1956","Etruria (Regio VII)",1,2,5,4,1.22714496036739
"1957","Sicilia",1,2,5,4,1.28689151817988
"1958","Baetica",1,2,5,4,1.66587516768848
"1959","Dacia",1,2,5,4,1.9988890387492
"1960","Africa Proconsularis",1,2,5,4,2.26197873022359
"1961","Germania Superior",1,2,5,5,-2.08236323211875
"1962","Narbonensis",1,2,5,5,-1.98485231273843
"1963","Germania Inferior",1,2,5,5,-1.31818250422084
"1964","Transpadana (Regio XI)",1,2,5,5,-1.26718505717604
"1965","Lusitania",1,2,5,5,-1.21139319157685
"1966","Aquitania",1,2,5,5,-1.10219585692807
"1967","Belgica",1,2,5,5,-0.960123142045242
"1968","Lugdunensis",1,2,5,5,-0.959110301816641
"1969","Pannonia Superior",1,2,5,5,-0.871419592264443
"1970","Venetia et Histria (Regio X)",1,2,5,5,-0.726764160349275
"1971","Britannia",1,2,5,5,-0.655590336054976
"1972","Sardinia",1,2,5,5,-0.535978152910922
"1973","Apulia et Calabria (Regio II)",1,2,5,5,-0.472275494157492
"1974","Moesia Superior",1,2,5,5,-0.47206399994925
"1975","Dalmatia",1,2,5,5,-0.380575743732456
"1976","Raetia",1,2,5,5,-0.28457824210437
"1977","Hispania Citerior",1,2,5,5,-0.226002636385236
"1978","Moesia Inferior",1,2,5,5,-0.135254946975736
"1979","Aemilia (Regio VIII)",1,2,5,5,-0.0677301054437988
"1980","Pannonia Inferior",1,2,5,5,-0.0566064656854047
"1981","Noricum",1,2,5,5,-0.0232804483191485
"1982","Samnium (Regio IV)",1,2,5,5,0.111549248011873
"1983","Umbria (Regio VI)",1,2,5,5,0.144771867448554
"1984","Mauretania Tingitana",1,2,5,5,0.14761732700603
"1985","Liguria (Regio IX)",1,2,5,5,0.32671753135202
"1986","Syria",1,2,5,5,0.39758505126081
"1987","Latium et Campania (Regio I)",1,2,5,5,0.44118757846537
"1988","Galatia",1,2,5,5,0.463174246907262
"1989","Numidia",1,2,5,5,0.470254365688907
"1990","Bruttium et Lucania (Regio III)",1,2,5,5,0.527093949125598
"1991","Picenum (Regio V)",1,2,5,5,0.646856913543224
"1992","Mauretania Caesariensis",1,2,5,5,0.728123148850477
"1993","Achaia",1,2,5,5,0.781274076376131
"1994","Macedonia",1,2,5,5,1.1203859197493
"1995","Asia",1,2,5,5,1.16410478548085
"1996","Etruria (Regio VII)",1,2,5,5,1.22770738118446
"1997","Sicilia",1,2,5,5,1.27873021147461
"1998","Baetica",1,2,5,5,1.63892860653585
"1999","Dacia",1,2,5,5,1.81392573906915
"2000","Africa Proconsularis",1,2,5,5,2.3635379754229
"2001","Germania Superior",2,1,1,1,-1.60526666985459
"2002","Lusitania",2,1,1,1,-1.59298083751129
"2003","Germania Inferior",2,1,1,1,-1.33666573116737
"2004","Pannonia Superior",2,1,1,1,-1.19982114624473
"2005","Transpadana (Regio XI)",2,1,1,1,-1.17727109547877
"2006","Aquitania",2,1,1,1,-1.17448226928574
"2007","Belgica",2,1,1,1,-1.09244749762743
"2008","Britannia",2,1,1,1,-0.895226097334703
"2009","Venetia et Histria (Regio X)",2,1,1,1,-0.863620387435325
"2010","Narbonensis",2,1,1,1,-0.784145223755952
"2011","Dalmatia",2,1,1,1,-0.738342497765094
"2012","Lugdunensis",2,1,1,1,-0.730535717246127
"2013","Hispania Citerior",2,1,1,1,-0.599823566031633
"2014","Moesia Superior",2,1,1,1,-0.590424189084773
"2015","Sardinia",2,1,1,1,-0.490261111430263
"2016","Moesia Inferior",2,1,1,1,-0.395306253552912
"2017","Aemilia (Regio VIII)",2,1,1,1,-0.315006356580511
"2018","Noricum",2,1,1,1,-0.2981413885052
"2019","Raetia",2,1,1,1,-0.268581716040212
"2020","Pannonia Inferior",2,1,1,1,-0.158961021179552
"2021","Apulia et Calabria (Regio II)",2,1,1,1,0.00287237596723118
"2022","Umbria (Regio VI)",2,1,1,1,0.00885285978678505
"2023","Mauretania Tingitana",2,1,1,1,0.0252902720297656
"2024","Liguria (Regio IX)",2,1,1,1,0.198600590450678
"2025","Galatia",2,1,1,1,0.413012004757225
"2026","Etruria (Regio VII)",2,1,1,1,0.41441582358815
"2027","Syria",2,1,1,1,0.416646481211087
"2028","Samnium (Regio IV)",2,1,1,1,0.41891228166748
"2029","Mauretania Caesariensis",2,1,1,1,0.618800075428404
"2030","Picenum (Regio V)",2,1,1,1,0.640428553373463
"2031","Numidia",2,1,1,1,0.642032796452787
"2032","Bruttium et Lucania (Regio III)",2,1,1,1,0.662211357824894
"2033","Achaia",2,1,1,1,0.913858712996429
"2034","Asia",2,1,1,1,1.01407126187263
"2035","Dacia",2,1,1,1,1.14785578104494
"2036","Macedonia",2,1,1,1,1.2670688738975
"2037","Sicilia",2,1,1,1,1.28035728258073
"2038","Baetica",2,1,1,1,1.5947938992479
"2039","Latium et Campania (Regio I)",2,1,1,1,2.21675800930667
"2040","Africa Proconsularis",2,1,1,1,2.41047147962742
"2041","Lusitania",2,1,1,2,-1.69050457179885
"2042","Germania Superior",2,1,1,2,-1.6731864245624
"2043","Germania Inferior",2,1,1,2,-1.32408331763718
"2044","Transpadana (Regio XI)",2,1,1,2,-1.22506590322201
"2045","Aquitania",2,1,1,2,-1.13111723247712
"2046","Belgica",2,1,1,2,-1.03809883748549
"2047","Pannonia Superior",2,1,1,2,-1.02970954836816
"2048","Narbonensis",2,1,1,2,-1.01334256890779
"2049","Venetia et Histria (Regio X)",2,1,1,2,-0.873529308470164
"2050","Britannia",2,1,1,2,-0.85681343777935
"2051","Lugdunensis",2,1,1,2,-0.741377462275043
"2052","Dalmatia",2,1,1,2,-0.625599472589215
"2053","Hispania Citerior",2,1,1,2,-0.587921833338633
"2054","Moesia Superior",2,1,1,2,-0.547031166211609
"2055","Sardinia",2,1,1,2,-0.505556110371326
"2056","Moesia Inferior",2,1,1,2,-0.33335001695024
"2057","Raetia",2,1,1,2,-0.267443205423912
"2058","Noricum",2,1,1,2,-0.240171653110149
"2059","Aemilia (Regio VIII)",2,1,1,2,-0.162143117236955
"2060","Apulia et Calabria (Regio II)",2,1,1,2,-0.153961851142437
"2061","Pannonia Inferior",2,1,1,2,-0.148535852291741
"2062","Mauretania Tingitana",2,1,1,2,-0.0403981548969173
"2063","Umbria (Regio VI)",2,1,1,2,0.0130109391193646
"2064","Liguria (Regio IX)",2,1,1,2,0.159444482093991
"2065","Samnium (Regio IV)",2,1,1,2,0.305089311148134
"2066","Syria",2,1,1,2,0.397694578253742
"2067","Galatia",2,1,1,2,0.412545431649606
"2068","Bruttium et Lucania (Regio III)",2,1,1,2,0.538359758905083
"2069","Picenum (Regio V)",2,1,1,2,0.59166858765207
"2070","Numidia",2,1,1,2,0.647808570355003
"2071","Etruria (Regio VII)",2,1,1,2,0.659928920895616
"2072","Mauretania Caesariensis",2,1,1,2,0.661585836105527
"2073","Achaia",2,1,1,2,0.760701806430798
"2074","Asia",2,1,1,2,1.06910436659991
"2075","Macedonia",2,1,1,2,1.17612827115794
"2076","Sicilia",2,1,1,2,1.24434683256273
"2077","Dacia",2,1,1,2,1.361161764873
"2078","Baetica",2,1,1,2,1.86235682782688
"2079","Latium et Campania (Regio I)",2,1,1,2,1.86994990032004
"2080","Africa Proconsularis",2,1,1,2,2.47805486059726
"2081","Germania Superior",2,1,1,3,-1.86341920100982
"2082","Lusitania",2,1,1,3,-1.62822377122756
"2083","Germania Inferior",2,1,1,3,-1.41224759128553
"2084","Transpadana (Regio XI)",2,1,1,3,-1.26745002410009
"2085","Aquitania",2,1,1,3,-1.24967653937584
"2086","Belgica",2,1,1,3,-1.19803293210104
"2087","Narbonensis",2,1,1,3,-1.0371679780836
"2088","Pannonia Superior",2,1,1,3,-1.00870635226897
"2089","Britannia",2,1,1,3,-0.922084046502474
"2090","Lugdunensis",2,1,1,3,-0.877392573641979
"2091","Venetia et Histria (Regio X)",2,1,1,3,-0.786502443873641
"2092","Sardinia",2,1,1,3,-0.5808606334696
"2093","Moesia Superior",2,1,1,3,-0.564580209188924
"2094","Dalmatia",2,1,1,3,-0.469993776438447
"2095","Hispania Citerior",2,1,1,3,-0.351682050189896
"2096","Raetia",2,1,1,3,-0.298613164403614
"2097","Moesia Inferior",2,1,1,3,-0.234480158278497
"2098","Apulia et Calabria (Regio II)",2,1,1,3,-0.165072906531261
"2099","Noricum",2,1,1,3,-0.160028754208763
"2100","Pannonia Inferior",2,1,1,3,-0.127276829401522
"2101","Aemilia (Regio VIII)",2,1,1,3,0.0143516765247755
"2102","Mauretania Tingitana",2,1,1,3,0.023936699088015
"2103","Umbria (Regio VI)",2,1,1,3,0.0893029039767278
"2104","Samnium (Regio IV)",2,1,1,3,0.230156439732163
"2105","Liguria (Regio IX)",2,1,1,3,0.27440785743438
"2106","Galatia",2,1,1,3,0.417017757941701
"2107","Syria",2,1,1,3,0.465335641357952
"2108","Numidia",2,1,1,3,0.474241247580719
"2109","Bruttium et Lucania (Regio III)",2,1,1,3,0.529037161574903
"2110","Mauretania Caesariensis",2,1,1,3,0.638403159681039
"2111","Picenum (Regio V)",2,1,1,3,0.658490748712085
"2112","Achaia",2,1,1,3,0.762158967660092
"2113","Asia",2,1,1,3,1.01023043929163
"2114","Etruria (Regio VII)",2,1,1,3,1.10609468142183
"2115","Macedonia",2,1,1,3,1.18423778644135
"2116","Latium et Campania (Regio I)",2,1,1,3,1.23342924733232
"2117","Sicilia",2,1,1,3,1.25077532033114
"2118","Dacia",2,1,1,3,1.69082785544774
"2119","Baetica",2,1,1,3,1.88596164729303
"2120","Africa Proconsularis",2,1,1,3,2.26509469675748
"2121","Germania Superior",2,1,1,4,-1.83462317210128
"2122","Lusitania",2,1,1,4,-1.63938967433851
"2123","Germania Inferior",2,1,1,4,-1.40987917509093
"2124","Transpadana (Regio XI)",2,1,1,4,-1.26087405390078
"2125","Aquitania",2,1,1,4,-1.24874215098536
"2126","Belgica",2,1,1,4,-1.18818675282215
"2127","Pannonia Superior",2,1,1,4,-1.01783978805665
"2128","Narbonensis",2,1,1,4,-0.991897337797744
"2129","Britannia",2,1,1,4,-0.924410257012941
"2130","Lugdunensis",2,1,1,4,-0.863960950525572
"2131","Venetia et Histria (Regio X)",2,1,1,4,-0.788509477351656
"2132","Sardinia",2,1,1,4,-0.578897859493993
"2133","Moesia Superior",2,1,1,4,-0.568985683065892
"2134","Dalmatia",2,1,1,4,-0.476607732942988
"2135","Hispania Citerior",2,1,1,4,-0.367127749568051
"2136","Raetia",2,1,1,4,-0.297267151687484
"2137","Moesia Inferior",2,1,1,4,-0.2495845355133
"2138","Noricum",2,1,1,4,-0.179407143629368
"2139","Apulia et Calabria (Regio II)",2,1,1,4,-0.159170775864403
"2140","Pannonia Inferior",2,1,1,4,-0.138817501913813
"2141","Aemilia (Regio VIII)",2,1,1,4,-0.00735884639391433
"2142","Mauretania Tingitana",2,1,1,4,0.0132725372146311
"2143","Umbria (Regio VI)",2,1,1,4,0.0732140641845395
"2144","Samnium (Regio IV)",2,1,1,4,0.225939941998594
"2145","Liguria (Regio IX)",2,1,1,4,0.265553948547392
"2146","Galatia",2,1,1,4,0.404162234705021
"2147","Syria",2,1,1,4,0.45971207869233
"2148","Numidia",2,1,1,4,0.471712017100095
"2149","Bruttium et Lucania (Regio III)",2,1,1,4,0.512859028995902
"2150","Mauretania Caesariensis",2,1,1,4,0.640389394532097
"2151","Picenum (Regio V)",2,1,1,4,0.647960236489141
"2152","Achaia",2,1,1,4,0.753161018733672
"2153","Asia",2,1,1,4,0.989194345249301
"2154","Etruria (Regio VII)",2,1,1,4,1.07933814923141
"2155","Macedonia",2,1,1,4,1.17185216631362
"2156","Sicilia",2,1,1,4,1.2325044046098
"2157","Latium et Campania (Regio I)",2,1,1,4,1.46530816698084
"2158","Dacia",2,1,1,4,1.65453848513745
"2159","Baetica",2,1,1,4,1.87833075887086
"2160","Africa Proconsularis",2,1,1,4,2.25253479247009
"2161","Germania Superior",2,1,1,5,-1.84514972589757
"2162","Lusitania",2,1,1,5,-1.58438703908634
"2163","Germania Inferior",2,1,1,5,-1.43530584422144
"2164","Aquitania",2,1,1,5,-1.26626432115253
"2165","Transpadana (Regio XI)",2,1,1,5,-1.25147054356542
"2166","Belgica",2,1,1,5,-1.22438774223372
"2167","Pannonia Superior",2,1,1,5,-1.0453156506029
"2168","Narbonensis",2,1,1,5,-0.977989428773109
"2169","Britannia",2,1,1,5,-0.94921434853665
"2170","Lugdunensis",2,1,1,5,-0.901283150684417
"2171","Venetia et Histria (Regio X)",2,1,1,5,-0.698193944995059
"2172","Sardinia",2,1,1,5,-0.593502170019376
"2173","Moesia Superior",2,1,1,5,-0.585976759551794
"2174","Dalmatia",2,1,1,5,-0.502355769312319
"2175","Hispania Citerior",2,1,1,5,-0.339030675243624
"2176","Raetia",2,1,1,5,-0.306773047119271
"2177","Moesia Inferior",2,1,1,5,-0.266861957303769
"2178","Noricum",2,1,1,5,-0.18624968111883
"2179","Apulia et Calabria (Regio II)",2,1,1,5,-0.159131531194094
"2180","Pannonia Inferior",2,1,1,5,-0.134255850389939
"2181","Mauretania Tingitana",2,1,1,5,-0.00361999579434793
"2182","Aemilia (Regio VIII)",2,1,1,5,-0.00259066485612781
"2183","Samnium (Regio IV)",2,1,1,5,0.225329841999887
"2184","Umbria (Regio VI)",2,1,1,5,0.241987362724978
"2185","Liguria (Regio IX)",2,1,1,5,0.26854021774471
"2186","Galatia",2,1,1,5,0.384410376271749
"2187","Syria",2,1,1,5,0.432456336496882
"2188","Numidia",2,1,1,5,0.478562592427127
"2189","Bruttium et Lucania (Regio III)",2,1,1,5,0.52321961057256
"2190","Mauretania Caesariensis",2,1,1,5,0.626132142475962
"2191","Picenum (Regio V)",2,1,1,5,0.648632677461008
"2192","Achaia",2,1,1,5,0.756029342417918
"2193","Asia",2,1,1,5,0.9990883485977
"2194","Etruria (Regio VII)",2,1,1,5,1.08209667452839
"2195","Macedonia",2,1,1,5,1.14390020759399
"2196","Sicilia",2,1,1,5,1.22257203392788
"2197","Latium et Campania (Regio I)",2,1,1,5,1.5135942540365
"2198","Dacia",2,1,1,5,1.57866204681743
"2199","Baetica",2,1,1,5,1.84808473911122
"2200","Africa Proconsularis",2,1,1,5,2.28601103644676
"2201","Lusitania",2,1,2,1,-1.65779077553989
"2202","Germania Superior",2,1,2,1,-1.59550328798644
"2203","Germania Inferior",2,1,2,1,-1.28056667261367
"2204","Pannonia Superior",2,1,2,1,-1.17761926147352
"2205","Transpadana (Regio XI)",2,1,2,1,-1.17549327615952
"2206","Aquitania",2,1,2,1,-1.03581971156889
"2207","Narbonensis",2,1,2,1,-1.00862079173143
"2208","Belgica",2,1,2,1,-0.987838516219455
"2209","Venetia et Histria (Regio X)",2,1,2,1,-0.960016628116934
"2210","Britannia",2,1,2,1,-0.847799720673692
"2211","Lugdunensis",2,1,2,1,-0.687359294790982
"2212","Dalmatia",2,1,2,1,-0.677136264001736
"2213","Hispania Citerior",2,1,2,1,-0.665854058222242
"2214","Moesia Superior",2,1,2,1,-0.548633250928136
"2215","Sardinia",2,1,2,1,-0.461943799849765
"2216","Moesia Inferior",2,1,2,1,-0.388248183989915
"2217","Aemilia (Regio VIII)",2,1,2,1,-0.383471409122628
"2218","Noricum",2,1,2,1,-0.282642382643863
"2219","Raetia",2,1,2,1,-0.239100792266006
"2220","Pannonia Inferior",2,1,2,1,-0.153184855701248
"2221","Apulia et Calabria (Regio II)",2,1,2,1,-0.0678758550982036
"2222","Umbria (Regio VI)",2,1,2,1,-0.015254529712834
"2223","Mauretania Tingitana",2,1,2,1,0.0234920985316879
"2224","Liguria (Regio IX)",2,1,2,1,0.139580180094658
"2225","Etruria (Regio VII)",2,1,2,1,0.377323320035505
"2226","Syria",2,1,2,1,0.39299745294282
"2227","Samnium (Regio IV)",2,1,2,1,0.412380108390339
"2228","Galatia",2,1,2,1,0.42099566483875
"2229","Picenum (Regio V)",2,1,2,1,0.56322390253443
"2230","Bruttium et Lucania (Regio III)",2,1,2,1,0.643632935528335
"2231","Mauretania Caesariensis",2,1,2,1,0.646441141507282
"2232","Numidia",2,1,2,1,0.730874938551617
"2233","Achaia",2,1,2,1,0.925113325173412
"2234","Asia",2,1,2,1,1.0691477615494
"2235","Dacia",2,1,2,1,1.16591129576474
"2236","Macedonia",2,1,2,1,1.26723090238376
"2237","Sicilia",2,1,2,1,1.32168574010799
"2238","Baetica",2,1,2,1,1.62507218455082
"2239","Latium et Campania (Regio I)",2,1,2,1,2.08001351216304
"2240","Africa Proconsularis",2,1,2,1,2.4926568537624
"2241","Germania Superior",2,1,2,2,-1.91391252652081
"2242","Lusitania",2,1,2,2,-1.46541993442893
"2243","Germania Inferior",2,1,2,2,-1.43197221593239
"2244","Belgica",2,1,2,2,-1.28918817233453
"2245","Transpadana (Regio XI)",2,1,2,2,-1.25430929046689
"2246","Aquitania",2,1,2,2,-1.23552320663531
"2247","Narbonensis",2,1,2,2,-1.1793541859764
"2248","Pannonia Superior",2,1,2,2,-1.01131923211764
"2249","Britannia",2,1,2,2,-0.958432177056128
"2250","Lugdunensis",2,1,2,2,-0.904237061597259
"2251","Venetia et Histria (Regio X)",2,1,2,2,-0.734486519445169
"2252","Dalmatia",2,1,2,2,-0.714450829122182
"2253","Moesia Superior",2,1,2,2,-0.57444755400689
"2254","Sardinia",2,1,2,2,-0.567784704310312
"2255","Hispania Citerior",2,1,2,2,-0.357221255323498
"2256","Raetia",2,1,2,2,-0.306717842866788
"2257","Moesia Inferior",2,1,2,2,-0.241650851906158
"2258","Noricum",2,1,2,2,-0.133699500535636
"2259","Pannonia Inferior",2,1,2,2,-0.087793048608655
"2260","Apulia et Calabria (Regio II)",2,1,2,2,-0.0566646608104658
"2261","Mauretania Tingitana",2,1,2,2,0.0518802670514508
"2262","Aemilia (Regio VIII)",2,1,2,2,0.0961957032772148
"2263","Umbria (Regio VI)",2,1,2,2,0.142598904618942
"2264","Samnium (Regio IV)",2,1,2,2,0.306466514425361
"2265","Liguria (Regio IX)",2,1,2,2,0.319851971071416
"2266","Numidia",2,1,2,2,0.425826784870672
"2267","Syria",2,1,2,2,0.484787418993464
"2268","Galatia",2,1,2,2,0.489735376159344
"2269","Mauretania Caesariensis",2,1,2,2,0.500089757233146
"2270","Bruttium et Lucania (Regio III)",2,1,2,2,0.667408001597733
"2271","Picenum (Regio V)",2,1,2,2,0.740834342701324
"2272","Achaia",2,1,2,2,0.82127823222727
"2273","Latium et Campania (Regio I)",2,1,2,2,1.04171401459961
"2274","Asia",2,1,2,2,1.07521538737436
"2275","Etruria (Regio VII)",2,1,2,2,1.16482421401217
"2276","Macedonia",2,1,2,2,1.21700775294758
"2277","Sicilia",2,1,2,2,1.26742357468773
"2278","Dacia",2,1,2,2,1.64671178952662
"2279","Baetica",2,1,2,2,1.67974428663702
"2280","Africa Proconsularis",2,1,2,2,2.27899047598961
"2281","Germania Superior",2,1,2,3,-1.81847598661274
"2282","Lusitania",2,1,2,3,-1.70323814295177
"2283","Narbonensis",2,1,2,3,-1.31760669266525
"2284","Germania Inferior",2,1,2,3,-1.29293730828615
"2285","Transpadana (Regio XI)",2,1,2,3,-1.26627607015811
"2286","Aquitania",2,1,2,3,-1.26277869296724
"2287","Belgica",2,1,2,3,-1.06525355952922
"2288","Venetia et Histria (Regio X)",2,1,2,3,-1.0027759543138
"2289","Pannonia Superior",2,1,2,3,-0.933460960145381
"2290","Britannia",2,1,2,3,-0.833205994118355
"2291","Lugdunensis",2,1,2,3,-0.810095280315665
"2292","Sardinia",2,1,2,3,-0.554459988057461
"2293","Hispania Citerior",2,1,2,3,-0.510249639028893
"2294","Moesia Superior",2,1,2,3,-0.499097619640461
"2295","Dalmatia",2,1,2,3,-0.309920770206406
"2296","Raetia",2,1,2,3,-0.264662412698731
"2297","Apulia et Calabria (Regio II)",2,1,2,3,-0.227656880579543
"2298","Moesia Inferior",2,1,2,3,-0.143801726066418
"2299","Noricum",2,1,2,3,-0.106864053156818
"2300","Aemilia (Regio VIII)",2,1,2,3,-0.0998503968748793
"2301","Pannonia Inferior",2,1,2,3,-0.0535726260890179
"2302","Mauretania Tingitana",2,1,2,3,0.068378892072507
"2303","Umbria (Regio VI)",2,1,2,3,0.0708281606035546
"2304","Liguria (Regio IX)",2,1,2,3,0.204746802957074
"2305","Samnium (Regio IV)",2,1,2,3,0.213874834049623
"2306","Syria",2,1,2,3,0.473557298104762
"2307","Bruttium et Lucania (Regio III)",2,1,2,3,0.476449259355298
"2308","Galatia",2,1,2,3,0.489769523455045
"2309","Picenum (Regio V)",2,1,2,3,0.61842538872911
"2310","Numidia",2,1,2,3,0.628897892944641
"2311","Mauretania Caesariensis",2,1,2,3,0.699341500534995
"2312","Achaia",2,1,2,3,0.733029797819211
"2313","Latium et Campania (Regio I)",2,1,2,3,0.901046033166511
"2314","Etruria (Regio VII)",2,1,2,3,0.981000260607544
"2315","Asia",2,1,2,3,0.992735077690368
"2316","Macedonia",2,1,2,3,1.19721631745453
"2317","Sicilia",2,1,2,3,1.29426006125841
"2318","Baetica",2,1,2,3,1.82353009234091
"2319","Dacia",2,1,2,3,1.88145744696785
"2320","Africa Proconsularis",2,1,2,3,2.32769611435036
"2321","Lusitania",2,1,2,4,-1.83205381164039
"2322","Germania Superior",2,1,2,4,-1.65580894951659
"2323","Germania Inferior",2,1,2,4,-1.33426249413171
"2324","Aquitania",2,1,2,4,-1.28668414224222
"2325","Transpadana (Regio XI)",2,1,2,4,-1.19697282680271
"2326","Belgica",2,1,2,4,-1.08920035248724
"2327","Pannonia Superior",2,1,2,4,-1.02427784495843
"2328","Venetia et Histria (Regio X)",2,1,2,4,-0.914743597803483
"2329","Britannia",2,1,2,4,-0.862567443406717
"2330","Lugdunensis",2,1,2,4,-0.754999069141731
"2331","Narbonensis",2,1,2,4,-0.727630190639958
"2332","Hispania Citerior",2,1,2,4,-0.598315223260743
"2333","Sardinia",2,1,2,4,-0.587588487146174
"2334","Moesia Superior",2,1,2,4,-0.554754451511371
"2335","Dalmatia",2,1,2,4,-0.437284526707246
"2336","Moesia Inferior",2,1,2,4,-0.277845880375274
"2337","Raetia",2,1,2,4,-0.273957571109244
"2338","Noricum",2,1,2,4,-0.219080907682345
"2339","Aemilia (Regio VIII)",2,1,2,4,-0.217146892022739
"2340","Apulia et Calabria (Regio II)",2,1,2,4,-0.165368761883579
"2341","Pannonia Inferior",2,1,2,4,-0.148760076011233
"2342","Mauretania Tingitana",2,1,2,4,-0.0259526339582205
"2343","Liguria (Regio IX)",2,1,2,4,0.154803163708869
"2344","Umbria (Regio VI)",2,1,2,4,0.165916723983392
"2345","Samnium (Regio IV)",2,1,2,4,0.201751280128295
"2346","Galatia",2,1,2,4,0.372693725383139
"2347","Bruttium et Lucania (Regio III)",2,1,2,4,0.386448842437753
"2348","Syria",2,1,2,4,0.429164642343346
"2349","Picenum (Regio V)",2,1,2,4,0.562560865721441
"2350","Numidia",2,1,2,4,0.638253742416738
"2351","Mauretania Caesariensis",2,1,2,4,0.685665598848497
"2352","Achaia",2,1,2,4,0.717393377842874
"2353","Etruria (Regio VII)",2,1,2,4,0.887418166875165
"2354","Asia",2,1,2,4,1.02716941074932
"2355","Macedonia",2,1,2,4,1.15886481208054
"2356","Sicilia",2,1,2,4,1.20860667220425
"2357","Dacia",2,1,2,4,1.57592737171583
"2358","Latium et Campania (Regio I)",2,1,2,4,1.77913386166123
"2359","Baetica",2,1,2,4,1.90673079708929
"2360","Africa Proconsularis",2,1,2,4,2.32675307924939
"2361","Lusitania",2,1,2,5,-1.83205381164037
"2362","Germania Superior",2,1,2,5,-1.6558089495166
"2363","Germania Inferior",2,1,2,5,-1.33426249413171
"2364","Aquitania",2,1,2,5,-1.28668414224222
"2365","Transpadana (Regio XI)",2,1,2,5,-1.19697282680271
"2366","Belgica",2,1,2,5,-1.08920035248724
"2367","Pannonia Superior",2,1,2,5,-1.02427784495844
"2368","Venetia et Histria (Regio X)",2,1,2,5,-0.914743597803478
"2369","Britannia",2,1,2,5,-0.862567443406717
"2370","Lugdunensis",2,1,2,5,-0.754999069141739
"2371","Narbonensis",2,1,2,5,-0.72763019063997
"2372","Hispania Citerior",2,1,2,5,-0.598315223260734
"2373","Sardinia",2,1,2,5,-0.587588487146172
"2374","Moesia Superior",2,1,2,5,-0.554754451511371
"2375","Dalmatia",2,1,2,5,-0.437284526707247
"2376","Moesia Inferior",2,1,2,5,-0.277845880375279
"2377","Raetia",2,1,2,5,-0.273957571109246
"2378","Noricum",2,1,2,5,-0.219080907682342
"2379","Aemilia (Regio VIII)",2,1,2,5,-0.21714689202274
"2380","Apulia et Calabria (Regio II)",2,1,2,5,-0.165368761883588
"2381","Pannonia Inferior",2,1,2,5,-0.148760076011234
"2382","Mauretania Tingitana",2,1,2,5,-0.0259526339582209
"2383","Liguria (Regio IX)",2,1,2,5,0.154803163708871
"2384","Umbria (Regio VI)",2,1,2,5,0.165916723983396
"2385","Samnium (Regio IV)",2,1,2,5,0.201751280128296
"2386","Galatia",2,1,2,5,0.372693725383138
"2387","Bruttium et Lucania (Regio III)",2,1,2,5,0.386448842437763
"2388","Syria",2,1,2,5,0.429164642343337
"2389","Picenum (Regio V)",2,1,2,5,0.562560865721445
"2390","Numidia",2,1,2,5,0.63825374241674
"2391","Mauretania Caesariensis",2,1,2,5,0.685665598848498
"2392","Achaia",2,1,2,5,0.717393377842878
"2393","Etruria (Regio VII)",2,1,2,5,0.887418166875166
"2394","Asia",2,1,2,5,1.02716941074932
"2395","Macedonia",2,1,2,5,1.15886481208053
"2396","Sicilia",2,1,2,5,1.20860667220426
"2397","Dacia",2,1,2,5,1.57592737171581
"2398","Latium et Campania (Regio I)",2,1,2,5,1.77913386166123
"2399","Baetica",2,1,2,5,1.90673079708928
"2400","Africa Proconsularis",2,1,2,5,2.32675307924941
"2401","Lusitania",2,1,3,1,-1.61059407395021
"2402","Germania Superior",2,1,3,1,-1.58906502999789
"2403","Narbonensis",2,1,3,1,-1.2530426183409
"2404","Germania Inferior",2,1,3,1,-1.2280475886222
"2405","Transpadana (Regio XI)",2,1,3,1,-1.17674285025817
"2406","Pannonia Superior",2,1,3,1,-1.11374553578933
"2407","Aquitania",2,1,3,1,-1.0256464511226
"2408","Venetia et Histria (Regio X)",2,1,3,1,-0.996173888767951
"2409","Belgica",2,1,3,1,-0.831973335842831
"2410","Britannia",2,1,3,1,-0.755706917904823
"2411","Hispania Citerior",2,1,3,1,-0.649613417746336
"2412","Lugdunensis",2,1,3,1,-0.633637706717459
"2413","Dalmatia",2,1,3,1,-0.598329340957929
"2414","Moesia Superior",2,1,3,1,-0.512300258576123
"2415","Sardinia",2,1,3,1,-0.469175911526117
"2416","Aemilia (Regio VIII)",2,1,3,1,-0.459511409212722
"2417","Moesia Inferior",2,1,3,1,-0.386794275683293
"2418","Pannonia Inferior",2,1,3,1,-0.336685139763866
"2419","Apulia et Calabria (Regio II)",2,1,3,1,-0.24514067628597
"2420","Noricum",2,1,3,1,-0.231303614340133
"2421","Raetia",2,1,3,1,-0.215846658368973
"2422","Umbria (Regio VI)",2,1,3,1,-0.0753916630221635
"2423","Mauretania Tingitana",2,1,3,1,0.0621611634214177
"2424","Liguria (Regio IX)",2,1,3,1,0.140049925912743
"2425","Etruria (Regio VII)",2,1,3,1,0.329676988803463
"2426","Syria",2,1,3,1,0.35680799685624
"2427","Galatia",2,1,3,1,0.426225666131001
"2428","Samnium (Regio IV)",2,1,3,1,0.436438575689872
"2429","Picenum (Regio V)",2,1,3,1,0.531967911737648
"2430","Bruttium et Lucania (Regio III)",2,1,3,1,0.570995514763631
"2431","Mauretania Caesariensis",2,1,3,1,0.752974009856351
"2432","Numidia",2,1,3,1,0.793925233886979
"2433","Achaia",2,1,3,1,0.928503734572431
"2434","Dacia",2,1,3,1,1.05665451440589
"2435","Asia",2,1,3,1,1.17777215701046
"2436","Macedonia",2,1,3,1,1.26146791227918
"2437","Sicilia",2,1,3,1,1.37567904443949
"2438","Baetica",2,1,3,1,1.65230972448043
"2439","Latium et Campania (Regio I)",2,1,3,1,1.92509807021667
"2440","Africa Proconsularis",2,1,3,1,2.61576021833409
"2441","Germania Superior",2,1,3,2,-1.81177977324636
"2442","Lusitania",2,1,3,2,-1.53961612719432
"2443","Germania Inferior",2,1,3,2,-1.37151409056599
"2444","Narbonensis",2,1,3,2,-1.24043097244839
"2445","Transpadana (Regio XI)",2,1,3,2,-1.20972274823949
"2446","Belgica",2,1,3,2,-1.19258951777053
"2447","Pannonia Superior",2,1,3,2,-1.18966623883375
"2448","Aquitania",2,1,3,2,-1.12330499303008
"2449","Britannia",2,1,3,2,-0.927528115064314
"2450","Lugdunensis",2,1,3,2,-0.810047570468764
"2451","Venetia et Histria (Regio X)",2,1,3,2,-0.789366321098496
"2452","Dalmatia",2,1,3,2,-0.70161376946728
"2453","Moesia Superior",2,1,3,2,-0.55432523518631
"2454","Sardinia",2,1,3,2,-0.551782496599926
"2455","Hispania Citerior",2,1,3,2,-0.547803357573665
"2456","Moesia Inferior",2,1,3,2,-0.293981342061359
"2457","Raetia",2,1,3,2,-0.263077050419031
"2458","Noricum",2,1,3,2,-0.1934157554811
"2459","Pannonia Inferior",2,1,3,2,-0.107338969079581
"2460","Aemilia (Regio VIII)",2,1,3,2,-0.0397982036053101
"2461","Apulia et Calabria (Regio II)",2,1,3,2,-0.0271117143588441
"2462","Mauretania Tingitana",2,1,3,2,0.0668613638557184
"2463","Umbria (Regio VI)",2,1,3,2,0.101286451948342
"2464","Liguria (Regio IX)",2,1,3,2,0.251394792141666
"2465","Samnium (Regio IV)",2,1,3,2,0.363104272865549
"2466","Syria",2,1,3,2,0.455095829356329
"2467","Galatia",2,1,3,2,0.474379758415784
"2468","Mauretania Caesariensis",2,1,3,2,0.55856792351454
"2469","Numidia",2,1,3,2,0.588860269888952
"2470","Bruttium et Lucania (Regio III)",2,1,3,2,0.626645166314047
"2471","Picenum (Regio V)",2,1,3,2,0.646741895867307
"2472","Achaia",2,1,3,2,0.882738812862314
"2473","Etruria (Regio VII)",2,1,3,2,1.04955627510262
"2474","Asia",2,1,3,2,1.10598799029207
"2475","Latium et Campania (Regio I)",2,1,3,2,1.22216499682297
"2476","Macedonia",2,1,3,2,1.23320585529525
"2477","Sicilia",2,1,3,2,1.30032423981829
"2478","Dacia",2,1,3,2,1.53213362810893
"2479","Baetica",2,1,3,2,1.66833313288737
"2480","Africa Proconsularis",2,1,3,2,2.35843170643484
"2481","Germania Superior",2,1,3,3,-1.83204915405038
"2482","Lusitania",2,1,3,3,-1.57064526153122
"2483","Germania Inferior",2,1,3,3,-1.35788261835946
"2484","Narbonensis",2,1,3,3,-1.30575043454341
"2485","Transpadana (Regio XI)",2,1,3,3,-1.24260163161796
"2486","Aquitania",2,1,3,3,-1.18116503489114
"2487","Belgica",2,1,3,3,-1.18001907796849
"2488","Pannonia Superior",2,1,3,3,-1.00421110173781
"2489","Britannia",2,1,3,3,-0.912793606725243
"2490","Venetia et Histria (Regio X)",2,1,3,3,-0.858084808008748
"2491","Lugdunensis",2,1,3,3,-0.821356448823384
"2492","Dalmatia",2,1,3,3,-0.636680791541457
"2493","Sardinia",2,1,3,3,-0.559122808412391
"2494","Moesia Superior",2,1,3,3,-0.529217485739993
"2495","Hispania Citerior",2,1,3,3,-0.449206478246991
"2496","Raetia",2,1,3,3,-0.270119905597335
"2497","Moesia Inferior",2,1,3,3,-0.235980205719904
"2498","Noricum",2,1,3,3,-0.149400245871874
"2499","Apulia et Calabria (Regio II)",2,1,3,3,-0.119999777714148
"2500","Pannonia Inferior",2,1,3,3,-0.0795865751634928
"2501","Aemilia (Regio VIII)",2,1,3,3,-0.0788232375510342
"2502","Mauretania Tingitana",2,1,3,3,0.0360191765717307
"2503","Umbria (Regio VI)",2,1,3,3,0.216275769757944
"2504","Liguria (Regio IX)",2,1,3,3,0.232782320247055
"2505","Samnium (Regio IV)",2,1,3,3,0.291085947795251
"2506","Syria",2,1,3,3,0.45131747932693
"2507","Galatia",2,1,3,3,0.485204493936323
"2508","Mauretania Caesariensis",2,1,3,3,0.542023551050319
"2509","Bruttium et Lucania (Regio III)",2,1,3,3,0.56498013223825
"2510","Numidia",2,1,3,3,0.616623502946833
"2511","Picenum (Regio V)",2,1,3,3,0.648055353338797
"2512","Achaia",2,1,3,3,0.81225273999722
"2513","Etruria (Regio VII)",2,1,3,3,0.994755367786641
"2514","Asia",2,1,3,3,1.06590912008729
"2515","Latium et Campania (Regio I)",2,1,3,3,1.15392256502579
"2516","Macedonia",2,1,3,3,1.20936571928718
"2517","Sicilia",2,1,3,3,1.29267316108189
"2518","Dacia",2,1,3,3,1.6612705516642
"2519","Baetica",2,1,3,3,1.72570810706714
"2520","Africa Proconsularis",2,1,3,3,2.37447163060907
"2521","Germania Superior",2,1,3,4,-1.77677656316491
"2522","Lusitania",2,1,3,4,-1.77621128755338
"2523","Narbonensis",2,1,3,4,-1.42305617170478
"2524","Germania Inferior",2,1,3,4,-1.25082519106725
"2525","Transpadana (Regio XI)",2,1,3,4,-1.24170946903334
"2526","Aquitania",2,1,3,4,-1.12631501830178
"2527","Venetia et Histria (Regio X)",2,1,3,4,-1.05219227220655
"2528","Belgica",2,1,3,4,-0.977555180103106
"2529","Pannonia Superior",2,1,3,4,-0.939395118791325
"2530","Britannia",2,1,3,4,-0.796064058839241
"2531","Lugdunensis",2,1,3,4,-0.776987869958077
"2532","Hispania Citerior",2,1,3,4,-0.572308782591068
"2533","Sardinia",2,1,3,4,-0.547553257541827
"2534","Moesia Superior",2,1,3,4,-0.476815004924492
"2535","Apulia et Calabria (Regio II)",2,1,3,4,-0.283030888086719
"2536","Dalmatia",2,1,3,4,-0.276738924966946
"2537","Raetia",2,1,3,4,-0.242448349088907
"2538","Aemilia (Regio VIII)",2,1,3,4,-0.178691667569946
"2539","Moesia Inferior",2,1,3,4,-0.165500587951746
"2540","Noricum",2,1,3,4,-0.118845630277343
"2541","Pannonia Inferior",2,1,3,4,-0.0588113521361755
"2542","Mauretania Tingitana",2,1,3,4,0.042477800672279
"2543","Liguria (Regio IX)",2,1,3,4,0.136550552816197
"2544","Umbria (Regio VI)",2,1,3,4,0.161077392692064
"2545","Samnium (Regio IV)",2,1,3,4,0.204816032743601
"2546","Syria",2,1,3,4,0.426471525425953
"2547","Bruttium et Lucania (Regio III)",2,1,3,4,0.455080684750517
"2548","Galatia",2,1,3,4,0.47052453845017
"2549","Picenum (Regio V)",2,1,3,4,0.534962818412514
"2550","Numidia",2,1,3,4,0.719756631827188
"2551","Mauretania Caesariensis",2,1,3,4,0.722201442818723
"2552","Achaia",2,1,3,4,0.737064848198311
"2553","Latium et Campania (Regio I)",2,1,3,4,0.928509694617746
"2554","Etruria (Regio VII)",2,1,3,4,0.929625409849141
"2555","Asia",2,1,3,4,1.04704369006122
"2556","Macedonia",2,1,3,4,1.18063358822298
"2557","Sicilia",2,1,3,4,1.31611501722594
"2558","Dacia",2,1,3,4,1.80292179905254
"2559","Baetica",2,1,3,4,1.80948785374455
"2560","Africa Proconsularis",2,1,3,4,2.43251132427728
"2561","Germania Superior",2,1,3,5,-1.77677656316486
"2562","Lusitania",2,1,3,5,-1.77621128755346
"2563","Narbonensis",2,1,3,5,-1.42305617170475
"2564","Germania Inferior",2,1,3,5,-1.25082519106722
"2565","Transpadana (Regio XI)",2,1,3,5,-1.24170946903333
"2566","Aquitania",2,1,3,5,-1.12631501830177
"2567","Venetia et Histria (Regio X)",2,1,3,5,-1.05219227220664
"2568","Belgica",2,1,3,5,-0.977555180103059
"2569","Pannonia Superior",2,1,3,5,-0.939395118791311
"2570","Britannia",2,1,3,5,-0.796064058839207
"2571","Lugdunensis",2,1,3,5,-0.776987869958039
"2572","Hispania Citerior",2,1,3,5,-0.572308782591116
"2573","Sardinia",2,1,3,5,-0.547553257541818
"2574","Moesia Superior",2,1,3,5,-0.476815004924484
"2575","Apulia et Calabria (Regio II)",2,1,3,5,-0.283030888086731
"2576","Dalmatia",2,1,3,5,-0.276738924966925
"2577","Raetia",2,1,3,5,-0.242448349088898
"2578","Aemilia (Regio VIII)",2,1,3,5,-0.178691667569982
"2579","Moesia Inferior",2,1,3,5,-0.165500587951745
"2580","Noricum",2,1,3,5,-0.118845630277347
"2581","Pannonia Inferior",2,1,3,5,-0.0588113521361792
"2582","Mauretania Tingitana",2,1,3,5,0.0424778006722748
"2583","Liguria (Regio IX)",2,1,3,5,0.136550552816163
"2584","Umbria (Regio VI)",2,1,3,5,0.161077392692034
"2585","Samnium (Regio IV)",2,1,3,5,0.204816032743594
"2586","Syria",2,1,3,5,0.426471525425948
"2587","Bruttium et Lucania (Regio III)",2,1,3,5,0.455080684750502
"2588","Galatia",2,1,3,5,0.47052453845017
"2589","Picenum (Regio V)",2,1,3,5,0.534962818412488
"2590","Numidia",2,1,3,5,0.719756631827215
"2591","Mauretania Caesariensis",2,1,3,5,0.722201442818735
"2592","Achaia",2,1,3,5,0.7370648481983
"2593","Latium et Campania (Regio I)",2,1,3,5,0.928509694617787
"2594","Etruria (Regio VII)",2,1,3,5,0.929625409849109
"2595","Asia",2,1,3,5,1.04704369006122
"2596","Macedonia",2,1,3,5,1.18063358822299
"2597","Sicilia",2,1,3,5,1.31611501722594
"2598","Dacia",2,1,3,5,1.80292179905254
"2599","Baetica",2,1,3,5,1.80948785374455
"2600","Africa Proconsularis",2,1,3,5,2.43251132427729
"2601","Germania Superior",2,1,4,1,-1.70569201484788
"2602","Lusitania",2,1,4,1,-1.56133726125641
"2603","Narbonensis",2,1,4,1,-1.3801078641178
"2604","Germania Inferior",2,1,4,1,-1.26942265020839
"2605","Transpadana (Regio XI)",2,1,4,1,-1.20468159618882
"2606","Pannonia Superior",2,1,4,1,-1.11020699001455
"2607","Aquitania",2,1,4,1,-1.04758795621957
"2608","Venetia et Histria (Regio X)",2,1,4,1,-0.96492429645924
"2609","Belgica",2,1,4,1,-0.916952441742956
"2610","Britannia",2,1,4,1,-0.780168376741592
"2611","Lugdunensis",2,1,4,1,-0.706033977524156
"2612","Dalmatia",2,1,4,1,-0.613110924818868
"2613","Hispania Citerior",2,1,4,1,-0.565999303861993
"2614","Moesia Superior",2,1,4,1,-0.521327265308368
"2615","Sardinia",2,1,4,1,-0.484297641954294
"2616","Aemilia (Regio VIII)",2,1,4,1,-0.390789217605602
"2617","Moesia Inferior",2,1,4,1,-0.346836759516677
"2618","Pannonia Inferior",2,1,4,1,-0.318372462910368
"2619","Apulia et Calabria (Regio II)",2,1,4,1,-0.246239471701953
"2620","Raetia",2,1,4,1,-0.233586219491784
"2621","Noricum",2,1,4,1,-0.178891196556895
"2622","Umbria (Regio VI)",2,1,4,1,-0.0284200048753818
"2623","Mauretania Tingitana",2,1,4,1,0.103189003851075
"2624","Liguria (Regio IX)",2,1,4,1,0.180309057875587
"2625","Syria",2,1,4,1,0.375416426738872
"2626","Samnium (Regio IV)",2,1,4,1,0.417965675995146
"2627","Galatia",2,1,4,1,0.457161270715958
"2628","Picenum (Regio V)",2,1,4,1,0.571054295181323
"2629","Bruttium et Lucania (Regio III)",2,1,4,1,0.612776650830199
"2630","Etruria (Regio VII)",2,1,4,1,0.678793399625835
"2631","Mauretania Caesariensis",2,1,4,1,0.719927174858769
"2632","Numidia",2,1,4,1,0.738576524523701
"2633","Achaia",2,1,4,1,0.898646818462828
"2634","Dacia",2,1,4,1,1.20734746781704
"2635","Asia",2,1,4,1,1.22876150675561
"2636","Macedonia",2,1,4,1,1.28700344802407
"2637","Sicilia",2,1,4,1,1.40702384827303
"2638","Latium et Campania (Regio I)",2,1,4,1,1.47173373162486
"2639","Baetica",2,1,4,1,1.62022511408349
"2640","Africa Proconsularis",2,1,4,1,2.59907447868616
"2641","Germania Superior",2,1,4,2,-1.85927080153652
"2642","Narbonensis",2,1,4,2,-1.53964537512303
"2643","Lusitania",2,1,4,2,-1.41121952432966
"2644","Germania Inferior",2,1,4,2,-1.35057692447025
"2645","Transpadana (Regio XI)",2,1,4,2,-1.23920220459889
"2646","Belgica",2,1,4,2,-1.17524916213961
"2647","Pannonia Superior",2,1,4,2,-1.16545049246438
"2648","Aquitania",2,1,4,2,-1.12023416518382
"2649","Britannia",2,1,4,2,-0.91002972085261
"2650","Lugdunensis",2,1,4,2,-0.874369344893067
"2651","Venetia et Histria (Regio X)",2,1,4,2,-0.736141731158525
"2652","Dalmatia",2,1,4,2,-0.656383357740481
"2653","Moesia Superior",2,1,4,2,-0.550268738294676
"2654","Sardinia",2,1,4,2,-0.548170358342621
"2655","Hispania Citerior",2,1,4,2,-0.453233856874739
"2656","Raetia",2,1,4,2,-0.272185087121708
"2657","Moesia Inferior",2,1,4,2,-0.253562671139688
"2658","Noricum",2,1,4,2,-0.169403913490173
"2659","Apulia et Calabria (Regio II)",2,1,4,2,-0.115386430114942
"2660","Pannonia Inferior",2,1,4,2,-0.0631655984140762
"2661","Aemilia (Regio VIII)",2,1,4,2,-0.0355714498709651
"2662","Mauretania Tingitana",2,1,4,2,0.121332291861583
"2663","Umbria (Regio VI)",2,1,4,2,0.226860131555779
"2664","Liguria (Regio IX)",2,1,4,2,0.291981385749341
"2665","Samnium (Regio IV)",2,1,4,2,0.348498658511968
"2666","Syria",2,1,4,2,0.409898623562298
"2667","Galatia",2,1,4,2,0.491951358591758
"2668","Mauretania Caesariensis",2,1,4,2,0.603452676494674
"2669","Numidia",2,1,4,2,0.606232356697164
"2670","Picenum (Regio V)",2,1,4,2,0.614163434926575
"2671","Bruttium et Lucania (Regio III)",2,1,4,2,0.630174102258536
"2672","Achaia",2,1,4,2,0.868937668080125
"2673","Etruria (Regio VII)",2,1,4,2,1.06834100291257
"2674","Latium et Campania (Regio I)",2,1,4,2,1.07790331245717
"2675","Asia",2,1,4,2,1.09627679246403
"2676","Macedonia",2,1,4,2,1.20037439466315
"2677","Sicilia",2,1,4,2,1.29983668892913
"2678","Dacia",2,1,4,2,1.53483734269469
"2679","Baetica",2,1,4,2,1.61571067089691
"2680","Africa Proconsularis",2,1,4,2,2.39195801484698
"2681","Germania Superior",2,1,4,3,-1.90985620488462
"2682","Narbonensis",2,1,4,3,-1.6661460780987
"2683","Lusitania",2,1,4,3,-1.4188626313772
"2684","Germania Inferior",2,1,4,3,-1.32323626702238
"2685","Transpadana (Regio XI)",2,1,4,3,-1.28258898339845
"2686","Aquitania",2,1,4,3,-1.15008137845054
"2687","Belgica",2,1,4,3,-1.14396733197041
"2688","Pannonia Superior",2,1,4,3,-0.947295309181931
"2689","Britannia",2,1,4,3,-0.878069905608157
"2690","Lugdunensis",2,1,4,3,-0.87803451787469
"2691","Venetia et Histria (Regio X)",2,1,4,3,-0.829381833574615
"2692","Dalmatia",2,1,4,3,-0.571076701468142
"2693","Sardinia",2,1,4,3,-0.541336406907169
"2694","Moesia Superior",2,1,4,3,-0.505904945246452
"2695","Hispania Citerior",2,1,4,3,-0.323329623078405
"2696","Raetia",2,1,4,3,-0.27305840400846
"2697","Apulia et Calabria (Regio II)",2,1,4,3,-0.229605235714295
"2698","Moesia Inferior",2,1,4,3,-0.174365854934028
"2699","Noricum",2,1,4,3,-0.0959415338023174
"2700","Aemilia (Regio VIII)",2,1,4,3,-0.0484415278724722
"2701","Pannonia Inferior",2,1,4,3,-0.0343245719892696
"2702","Mauretania Tingitana",2,1,4,3,0.116778307902471
"2703","Umbria (Regio VI)",2,1,4,3,0.22105197097282
"2704","Samnium (Regio IV)",2,1,4,3,0.279285226803071
"2705","Liguria (Regio IX)",2,1,4,3,0.291645991542896
"2706","Syria",2,1,4,3,0.423559294340687
"2707","Galatia",2,1,4,3,0.519896211784088
"2708","Bruttium et Lucania (Regio III)",2,1,4,3,0.580027889321319
"2709","Mauretania Caesariensis",2,1,4,3,0.590397903428094
"2710","Numidia",2,1,4,3,0.610552391055125
"2711","Picenum (Regio V)",2,1,4,3,0.624408093869656
"2712","Latium et Campania (Regio I)",2,1,4,3,0.70814667935459
"2713","Achaia",2,1,4,3,0.806094838934844
"2714","Etruria (Regio VII)",2,1,4,3,1.06995051273825
"2715","Asia",2,1,4,3,1.07606266101863
"2716","Macedonia",2,1,4,3,1.19342848181937
"2717","Sicilia",2,1,4,3,1.30900738691645
"2718","Baetica",2,1,4,3,1.69418782627076
"2719","Dacia",2,1,4,3,1.71911632256987
"2720","Africa Proconsularis",2,1,4,3,2.39130725581971
"2721","Lusitania",2,1,4,4,-1.85208209856191
"2722","Germania Superior",2,1,4,4,-1.73063445126064
"2723","Narbonensis",2,1,4,4,-1.44724567226805
"2724","Transpadana (Regio XI)",2,1,4,4,-1.23243016062241
"2725","Germania Inferior",2,1,4,4,-1.18964993964889
"2726","Venetia et Histria (Regio X)",2,1,4,4,-1.15862042189911
"2727","Aquitania",2,1,4,4,-1.12676474669762
"2728","Belgica",2,1,4,4,-0.944751690798726
"2729","Pannonia Superior",2,1,4,4,-0.90127470622182
"2730","Lugdunensis",2,1,4,4,-0.758254452431857
"2731","Britannia",2,1,4,4,-0.746782119399548
"2732","Hispania Citerior",2,1,4,4,-0.626341829485275
"2733","Sardinia",2,1,4,4,-0.54503738489939
"2734","Moesia Superior",2,1,4,4,-0.461790610504477
"2735","Apulia et Calabria (Regio II)",2,1,4,4,-0.280355000788496
"2736","Raetia",2,1,4,4,-0.237220573365993
"2737","Dalmatia",2,1,4,4,-0.228104342246309
"2738","Aemilia (Regio VIII)",2,1,4,4,-0.192454975893787
"2739","Moesia Inferior",2,1,4,4,-0.111327057534634
"2740","Noricum",2,1,4,4,-0.110620564119254
"2741","Pannonia Inferior",2,1,4,4,-0.025052614802432
"2742","Mauretania Tingitana",2,1,4,4,0.0636989306400473
"2743","Liguria (Regio IX)",2,1,4,4,0.103030726853332
"2744","Samnium (Regio IV)",2,1,4,4,0.135853464322693
"2745","Umbria (Regio VI)",2,1,4,4,0.140968361921475
"2746","Syria",2,1,4,4,0.429856425208064
"2747","Bruttium et Lucania (Regio III)",2,1,4,4,0.446688647011847
"2748","Galatia",2,1,4,4,0.500900043478529
"2749","Picenum (Regio V)",2,1,4,4,0.519584072840531
"2750","Achaia",2,1,4,4,0.721706523367172
"2751","Mauretania Caesariensis",2,1,4,4,0.725829559428909
"2752","Numidia",2,1,4,4,0.742494667909921
"2753","Latium et Campania (Regio I)",2,1,4,4,0.767820591465096
"2754","Etruria (Regio VII)",2,1,4,4,0.94261567202277
"2755","Asia",2,1,4,4,1.02377091417281
"2756","Macedonia",2,1,4,4,1.20727167660358
"2757","Sicilia",2,1,4,4,1.31493074457472
"2758","Baetica",2,1,4,4,1.81157396858701
"2759","Dacia",2,1,4,4,1.91668598186474
"2760","Africa Proconsularis",2,1,4,4,2.39151444117738
"2761","Lusitania",2,1,4,5,-1.78339278727955
"2762","Germania Superior",2,1,4,5,-1.73878270702512
"2763","Narbonensis",2,1,4,5,-1.64402920081326
"2764","Transpadana (Regio XI)",2,1,4,5,-1.23015921682996
"2765","Venetia et Histria (Regio X)",2,1,4,5,-1.14494611491201
"2766","Germania Inferior",2,1,4,5,-1.14349695002379
"2767","Aquitania",2,1,4,5,-1.09091505191624
"2768","Belgica",2,1,4,5,-0.881643287127984
"2769","Pannonia Superior",2,1,4,5,-0.875100609236976
"2770","Lugdunensis",2,1,4,5,-0.771320725845496
"2771","Britannia",2,1,4,5,-0.703672376964528
"2772","Hispania Citerior",2,1,4,5,-0.58880528568072
"2773","Sardinia",2,1,4,5,-0.518752131913861
"2774","Moesia Superior",2,1,4,5,-0.425222932097288
"2775","Apulia et Calabria (Regio II)",2,1,4,5,-0.333145987572076
"2776","Raetia",2,1,4,5,-0.228321486270405
"2777","Aemilia (Regio VIII)",2,1,4,5,-0.204316148601603
"2778","Dalmatia",2,1,4,5,-0.166061846358749
"2779","Moesia Inferior",2,1,4,5,-0.0815814769226409
"2780","Noricum",2,1,4,5,-0.0692996407813022
"2781","Pannonia Inferior",2,1,4,5,0.00996512463653366
"2782","Samnium (Regio IV)",2,1,4,5,0.0591677583383671
"2783","Liguria (Regio IX)",2,1,4,5,0.0613010723925732
"2784","Mauretania Tingitana",2,1,4,5,0.0722987782033581
"2785","Umbria (Regio VI)",2,1,4,5,0.171453140773159
"2786","Syria",2,1,4,5,0.308906158934507
"2787","Latium et Campania (Regio I)",2,1,4,5,0.437205061547563
"2788","Bruttium et Lucania (Regio III)",2,1,4,5,0.476350536847579
"2789","Picenum (Regio V)",2,1,4,5,0.486649945643906
"2790","Galatia",2,1,4,5,0.51321117111662
"2791","Achaia",2,1,4,5,0.719394219546199
"2792","Mauretania Caesariensis",2,1,4,5,0.74815815717057
"2793","Numidia",2,1,4,5,0.81265386055336
"2794","Etruria (Regio VII)",2,1,4,5,0.972827118676151
"2795","Asia",2,1,4,5,1.0446835426762
"2796","Macedonia",2,1,4,5,1.1916599977205
"2797","Sicilia",2,1,4,5,1.34418011981808
"2798","Baetica",2,1,4,5,1.80672194790781
"2799","Dacia",2,1,4,5,1.91358924069464
"2800","Africa Proconsularis",2,1,4,5,2.47258901097588
"2801","Germania Superior",2,1,5,1,-1.79847355923576
"2802","Narbonensis",2,1,5,1,-1.58465881435041
"2803","Germania Inferior",2,1,5,1,-1.33646694622361
"2804","Lusitania",2,1,5,1,-1.26931609986435
"2805","Transpadana (Regio XI)",2,1,5,1,-1.24829721076238
"2806","Pannonia Superior",2,1,5,1,-1.16359551982756
"2807","Aquitania",2,1,5,1,-0.980874575007172
"2808","Lugdunensis",2,1,5,1,-0.975216555341251
"2809","Belgica",2,1,5,1,-0.917916679512036
"2810","Britannia",2,1,5,1,-0.663952895969449
"2811","Dalmatia",2,1,5,1,-0.633049030770008
"2812","Venetia et Histria (Regio X)",2,1,5,1,-0.621877572271918
"2813","Moesia Superior",2,1,5,1,-0.591443093561598
"2814","Sardinia",2,1,5,1,-0.523289491372117
"2815","Apulia et Calabria (Regio II)",2,1,5,1,-0.443487763165388
"2816","Hispania Citerior",2,1,5,1,-0.396950573252809
"2817","Moesia Inferior",2,1,5,1,-0.369013976907741
"2818","Pannonia Inferior",2,1,5,1,-0.336530410463491
"2819","Raetia",2,1,5,1,-0.286973307986809
"2820","Noricum",2,1,5,1,-0.184515029220241
"2821","Aemilia (Regio VIII)",2,1,5,1,-0.144051238134888
"2822","Mauretania Tingitana",2,1,5,1,0.0725422552124396
"2823","Umbria (Regio VI)",2,1,5,1,0.12895797187716
"2824","Liguria (Regio IX)",2,1,5,1,0.278345354463288
"2825","Galatia",2,1,5,1,0.394400047854415
"2826","Syria",2,1,5,1,0.407679168939397
"2827","Samnium (Regio IV)",2,1,5,1,0.437094866462631
"2828","Picenum (Regio V)",2,1,5,1,0.493790155422397
"2829","Numidia",2,1,5,1,0.505611626980082
"2830","Bruttium et Lucania (Regio III)",2,1,5,1,0.55032165314336
"2831","Achaia",2,1,5,1,0.78727678713739
"2832","Etruria (Regio VII)",2,1,5,1,0.895935478404128
"2833","Mauretania Caesariensis",2,1,5,1,0.933462039246122
"2834","Dacia",2,1,5,1,1.0231150687947
"2835","Macedonia",2,1,5,1,1.08025894332199
"2836","Asia",2,1,5,1,1.24233611065854
"2837","Sicilia",2,1,5,1,1.26292055457733
"2838","Baetica",2,1,5,1,1.48987058104804
"2839","Latium et Campania (Regio I)",2,1,5,1,1.88669602803741
"2840","Africa Proconsularis",2,1,5,1,2.59933565162018
"2841","Germania Superior",2,1,5,2,-1.87702318774461
"2842","Narbonensis",2,1,5,2,-1.68460949963748
"2843","Lusitania",2,1,5,2,-1.4618216853465
"2844","Germania Inferior",2,1,5,2,-1.30391264236257
"2845","Transpadana (Regio XI)",2,1,5,2,-1.24603531724217
"2846","Pannonia Superior",2,1,5,2,-1.06998841627417
"2847","Aquitania",2,1,5,2,-1.06433423162573
"2848","Belgica",2,1,5,2,-1.00628686993131
"2849","Venetia et Histria (Regio X)",2,1,5,2,-0.856356545850263
"2850","Lugdunensis",2,1,5,2,-0.83988179469608
"2851","Britannia",2,1,5,2,-0.646962305934662
"2852","Dalmatia",2,1,5,2,-0.593161143276841
"2853","Moesia Superior",2,1,5,2,-0.523878425541942
"2854","Sardinia",2,1,5,2,-0.520836332492758
"2855","Hispania Citerior",2,1,5,2,-0.418406156690956
"2856","Apulia et Calabria (Regio II)",2,1,5,2,-0.296847801187173
"2857","Pannonia Inferior",2,1,5,2,-0.271567386929262
"2858","Raetia",2,1,5,2,-0.265855552939547
"2859","Moesia Inferior",2,1,5,2,-0.241944972713901
"2860","Noricum",2,1,5,2,-0.123139639788547
"2861","Aemilia (Regio VIII)",2,1,5,2,-0.0514405903834142
"2862","Mauretania Tingitana",2,1,5,2,0.13262836776824
"2863","Umbria (Regio VI)",2,1,5,2,0.157874715526458
"2864","Liguria (Regio IX)",2,1,5,2,0.244672710162822
"2865","Samnium (Regio IV)",2,1,5,2,0.291629287031302
"2866","Syria",2,1,5,2,0.340256455596093
"2867","Galatia",2,1,5,2,0.497758594344176
"2868","Picenum (Regio V)",2,1,5,2,0.602668666312874
"2869","Numidia",2,1,5,2,0.613395357037002
"2870","Bruttium et Lucania (Regio III)",2,1,5,2,0.628195245256984
"2871","Mauretania Caesariensis",2,1,5,2,0.671211591222236
"2872","Latium et Campania (Regio I)",2,1,5,2,0.800041900391333
"2873","Achaia",2,1,5,2,0.871201129478958
"2874","Etruria (Regio VII)",2,1,5,2,1.09947706878831
"2875","Asia",2,1,5,2,1.1814101289552
"2876","Macedonia",2,1,5,2,1.24010213770585
"2877","Sicilia",2,1,5,2,1.39505152505866
"2878","Dacia",2,1,5,2,1.44502666459698
"2879","Baetica",2,1,5,2,1.63401091859873
"2880","Africa Proconsularis",2,1,5,2,2.51767803475767
"2881","Germania Superior",2,1,5,3,-1.94697688887479
"2882","Narbonensis",2,1,5,3,-1.8873900447896
"2883","Lusitania",2,1,5,3,-1.42529408634848
"2884","Transpadana (Regio XI)",2,1,5,3,-1.28958259728316
"2885","Germania Inferior",2,1,5,3,-1.25359293161144
"2886","Aquitania",2,1,5,3,-1.10481461911129
"2887","Belgica",2,1,5,3,-1.04233746777258
"2888","Venetia et Histria (Regio X)",2,1,5,3,-0.95522683539709
"2889","Lugdunensis",2,1,5,3,-0.881099553453906
"2890","Pannonia Superior",2,1,5,3,-0.820937303521833
"2891","Britannia",2,1,5,3,-0.652157373186712
"2892","Sardinia",2,1,5,3,-0.527975773943011
"2893","Dalmatia",2,1,5,3,-0.49765567096318
"2894","Moesia Superior",2,1,5,3,-0.465800485269117
"2895","Apulia et Calabria (Regio II)",2,1,5,3,-0.323548215608562
"2896","Hispania Citerior",2,1,5,3,-0.306671042327475
"2897","Raetia",2,1,5,3,-0.271481945622136
"2898","Moesia Inferior",2,1,5,3,-0.104853240641209
"2899","Aemilia (Regio VIII)",2,1,5,3,-0.0466102555849818
"2900","Noricum",2,1,5,3,-0.0394903282653351
"2901","Pannonia Inferior",2,1,5,3,-0.00371901216505894
"2902","Mauretania Tingitana",2,1,5,3,0.153652918750571
"2903","Umbria (Regio VI)",2,1,5,3,0.20327844683055
"2904","Latium et Campania (Regio I)",2,1,5,3,0.220373448477316
"2905","Samnium (Regio IV)",2,1,5,3,0.232273106440627
"2906","Liguria (Regio IX)",2,1,5,3,0.25891980694236
"2907","Syria",2,1,5,3,0.410911970569186
"2908","Galatia",2,1,5,3,0.547443366846628
"2909","Mauretania Caesariensis",2,1,5,3,0.581948409154271
"2910","Bruttium et Lucania (Regio III)",2,1,5,3,0.585281898200949
"2911","Picenum (Regio V)",2,1,5,3,0.602525154645618
"2912","Numidia",2,1,5,3,0.60259207653063
"2913","Achaia",2,1,5,3,0.800854727135508
"2914","Asia",2,1,5,3,1.08446107187518
"2915","Etruria (Regio VII)",2,1,5,3,1.11128328631313
"2916","Macedonia",2,1,5,3,1.21911083156933
"2917","Sicilia",2,1,5,3,1.36462770009324
"2918","Baetica",2,1,5,3,1.68491425992733
"2919","Dacia",2,1,5,3,1.81078906492756
"2920","Africa Proconsularis",2,1,5,3,2.37197412651096
"2921","Germania Superior",2,1,5,4,-1.93195180729258
"2922","Narbonensis",2,1,5,4,-1.89028251501548
"2923","Lusitania",2,1,5,4,-1.44212148740608
"2924","Transpadana (Regio XI)",2,1,5,4,-1.29665396129579
"2925","Germania Inferior",2,1,5,4,-1.25114338113086
"2926","Aquitania",2,1,5,4,-1.09254077123172
"2927","Belgica",2,1,5,4,-1.00928178928013
"2928","Venetia et Histria (Regio X)",2,1,5,4,-0.951381474944106
"2929","Lugdunensis",2,1,5,4,-0.878775784326881
"2930","Pannonia Superior",2,1,5,4,-0.823486340356646
"2931","Britannia",2,1,5,4,-0.637931069457011
"2932","Sardinia",2,1,5,4,-0.525780308162387
"2933","Dalmatia",2,1,5,4,-0.48784386683219
"2934","Moesia Superior",2,1,5,4,-0.462039540964265
"2935","Apulia et Calabria (Regio II)",2,1,5,4,-0.36697790788883
"2936","Hispania Citerior",2,1,5,4,-0.313030732947761
"2937","Raetia",2,1,5,4,-0.268960445666989
"2938","Moesia Inferior",2,1,5,4,-0.120628793731135
"2939","Aemilia (Regio VIII)",2,1,5,4,-0.0712780904186131
"2940","Noricum",2,1,5,4,-0.0434782215453357
"2941","Pannonia Inferior",2,1,5,4,-0.0143723265323494
"2942","Mauretania Tingitana",2,1,5,4,0.146723820598777
"2943","Umbria (Regio VI)",2,1,5,4,0.192699877283387
"2944","Latium et Campania (Regio I)",2,1,5,4,0.224855875816708
"2945","Samnium (Regio IV)",2,1,5,4,0.227138866733328
"2946","Liguria (Regio IX)",2,1,5,4,0.250189181331153
"2947","Syria",2,1,5,4,0.393772714190492
"2948","Galatia",2,1,5,4,0.536181568855055
"2949","Bruttium et Lucania (Regio III)",2,1,5,4,0.574298841327886
"2950","Picenum (Regio V)",2,1,5,4,0.585998647492481
"2951","Numidia",2,1,5,4,0.618583534143535
"2952","Mauretania Caesariensis",2,1,5,4,0.718499699445017
"2953","Achaia",2,1,5,4,0.790464151194017
"2954","Asia",2,1,5,4,1.08950261969511
"2955","Etruria (Regio VII)",2,1,5,4,1.09139971085175
"2956","Macedonia",2,1,5,4,1.21219876569027
"2957","Sicilia",2,1,5,4,1.37002622979679
"2958","Baetica",2,1,5,4,1.69410980897794
"2959","Dacia",2,1,5,4,1.75406435036117
"2960","Africa Proconsularis",2,1,5,4,2.40923235264227
"2961","Narbonensis",2,1,5,5,-1.97190460523888
"2962","Germania Superior",2,1,5,5,-1.89151820024247
"2963","Lusitania",2,1,5,5,-1.54597138677886
"2964","Transpadana (Regio XI)",2,1,5,5,-1.2887721733904
"2965","Germania Inferior",2,1,5,5,-1.15384636237746
"2966","Venetia et Histria (Regio X)",2,1,5,5,-1.08430057001173
"2967","Aquitania",2,1,5,5,-1.03205167315186
"2968","Lugdunensis",2,1,5,5,-0.841800331177274
"2969","Belgica",2,1,5,5,-0.82232716114655
"2970","Pannonia Superior",2,1,5,5,-0.75783074989708
"2971","Apulia et Calabria (Regio II)",2,1,5,5,-0.640001653862168
"2972","Britannia",2,1,5,5,-0.539164546069724
"2973","Sardinia",2,1,5,5,-0.503951239512604
"2974","Moesia Superior",2,1,5,5,-0.41143145327154
"2975","Hispania Citerior",2,1,5,5,-0.372883732614809
"2976","Raetia",2,1,5,5,-0.241242368933695
"2977","Dalmatia",2,1,5,5,-0.15053221063614
"2978","Aemilia (Regio VIII)",2,1,5,5,-0.144073126907732
"2979","Moesia Inferior",2,1,5,5,-0.0551390065495399
"2980","Noricum",2,1,5,5,-0.00525513189767299
"2981","Pannonia Inferior",2,1,5,5,-0.00338124158754914
"2982","Latium et Campania (Regio I)",2,1,5,5,0.0230540553950112
"2983","Umbria (Regio VI)",2,1,5,5,0.152013851648736
"2984","Mauretania Tingitana",2,1,5,5,0.156022858901
"2985","Samnium (Regio IV)",2,1,5,5,0.166975695195628
"2986","Liguria (Regio IX)",2,1,5,5,0.181467667278888
"2987","Syria",2,1,5,5,0.381891898057677
"2988","Bruttium et Lucania (Regio III)",2,1,5,5,0.480981167423689
"2989","Picenum (Regio V)",2,1,5,5,0.496389012880728
"2990","Galatia",2,1,5,5,0.513062976891257
"2991","Numidia",2,1,5,5,0.674708046026806
"2992","Achaia",2,1,5,5,0.726209595073324
"2993","Mauretania Caesariensis",2,1,5,5,0.784595692508556
"2994","Etruria (Regio VII)",2,1,5,5,1.06087683788087
"2995","Asia",2,1,5,5,1.07807797079391
"2996","Macedonia",2,1,5,5,1.1685107934063
"2997","Sicilia",2,1,5,5,1.37388102736777
"2998","Baetica",2,1,5,5,1.74568832251084
"2999","Dacia",2,1,5,5,1.84035733695071
"3000","Africa Proconsularis",2,1,5,5,2.45261411906405
"3001","Germania Superior",2,2,1,1,-1.61937212025839
"3002","Germania Inferior",2,2,1,1,-1.44698326206711
"3003","Lusitania",2,2,1,1,-1.39697994128438
"3004","Belgica",2,2,1,1,-1.25569003688968
"3005","Pannonia Superior",2,2,1,1,-1.23245090101338
"3006","Aquitania",2,2,1,1,-1.22772279756867
"3007","Transpadana (Regio XI)",2,2,1,1,-1.19032543122558
"3008","Dalmatia",2,2,1,1,-1.01864101044797
"3009","Britannia",2,2,1,1,-0.999332724387284
"3010","Lugdunensis",2,2,1,1,-0.777810175107404
"3011","Moesia Superior",2,2,1,1,-0.632769859164267
"3012","Narbonensis",2,2,1,1,-0.610273497408234
"3013","Venetia et Histria (Regio X)",2,2,1,1,-0.599706799235283
"3014","Sardinia",2,2,1,1,-0.527856479365547
"3015","Moesia Inferior",2,2,1,1,-0.4632588074178
"3016","Hispania Citerior",2,2,1,1,-0.406125974891923
"3017","Noricum",2,2,1,1,-0.335290183532109
"3018","Raetia",2,2,1,1,-0.301135995649751
"3019","Pannonia Inferior",2,2,1,1,-0.210765587312559
"3020","Aemilia (Regio VIII)",2,2,1,1,0.00489421017568782
"3021","Mauretania Tingitana",2,2,1,1,0.0120843375853717
"3022","Umbria (Regio VI)",2,2,1,1,0.0411217199956217
"3023","Apulia et Calabria (Regio II)",2,2,1,1,0.0750827940066232
"3024","Liguria (Regio IX)",2,2,1,1,0.333307051873205
"3025","Galatia",2,2,1,1,0.379729670219938
"3026","Syria",2,2,1,1,0.429885580916935
"3027","Samnium (Regio IV)",2,2,1,1,0.443746242424907
"3028","Etruria (Regio VII)",2,2,1,1,0.456758782983519
"3029","Numidia",2,2,1,1,0.475229808686795
"3030","Mauretania Caesariensis",2,2,1,1,0.692040107696851
"3031","Bruttium et Lucania (Regio III)",2,2,1,1,0.720077212314603
"3032","Picenum (Regio V)",2,2,1,1,0.836011895372379
"3033","Achaia",2,2,1,1,0.897470351044956
"3034","Asia",2,2,1,1,0.917376642755935
"3035","Dacia",2,2,1,1,0.930994689374964
"3036","Sicilia",2,2,1,1,1.22378480532927
"3037","Macedonia",2,2,1,1,1.23016604993221
"3038","Baetica",2,2,1,1,1.3610539592265
"3039","Africa Proconsularis",2,2,1,1,2.38210859585045
"3040","Latium et Campania (Regio I)",2,2,1,1,2.4095670764606
"3041","Lusitania",2,2,1,2,-1.95262450599965
"3042","Germania Superior",2,2,1,2,-1.38227286882367
"3043","Germania Inferior",2,2,1,2,-1.25465358624052
"3044","Transpadana (Regio XI)",2,2,1,2,-1.12632960231452
"3045","Aquitania",2,2,1,2,-1.07621205052111
"3046","Venetia et Histria (Regio X)",2,2,1,2,-1.02069605546516
"3047","Pannonia Superior",2,2,1,2,-1.0043087852949
"3048","Belgica",2,2,1,2,-0.904221295597756
"3049","Britannia",2,2,1,2,-0.789576833585374
"3050","Hispania Citerior",2,2,1,2,-0.738091851508907
"3051","Dalmatia",2,2,1,2,-0.615562718239877
"3052","Lugdunensis",2,2,1,2,-0.576363071641976
"3053","Moesia Superior",2,2,1,2,-0.553579605976335
"3054","Sardinia",2,2,1,2,-0.479108714609594
"3055","Moesia Inferior",2,2,1,2,-0.424801666906893
"3056","Noricum",2,2,1,2,-0.321807254685271
"3057","Narbonensis",2,2,1,2,-0.288747538288514
"3058","Aemilia (Regio VIII)",2,2,1,2,-0.255801267402375
"3059","Pannonia Inferior",2,2,1,2,-0.251454051309215
"3060","Raetia",2,2,1,2,-0.250452209616946
"3061","Apulia et Calabria (Regio II)",2,2,1,2,-0.150118754578922
"3062","Umbria (Regio VI)",2,2,1,2,-0.114062645645877
"3063","Mauretania Tingitana",2,2,1,2,-0.0856891796602334
"3064","Liguria (Regio IX)",2,2,1,2,0.0852204805146262
"3065","Etruria (Regio VII)",2,2,1,2,0.259257595188223
"3066","Samnium (Regio IV)",2,2,1,2,0.262424665782899
"3067","Galatia",2,2,1,2,0.293818847307632
"3068","Syria",2,2,1,2,0.39510125480512
"3069","Bruttium et Lucania (Regio III)",2,2,1,2,0.396976838597029
"3070","Picenum (Regio V)",2,2,1,2,0.498038380836518
"3071","Numidia",2,2,1,2,0.674339278349278
"3072","Achaia",2,2,1,2,0.734428575386973
"3073","Mauretania Caesariensis",2,2,1,2,0.749341344718001
"3074","Asia",2,2,1,2,1.02783123216505
"3075","Dacia",2,2,1,2,1.07891375113422
"3076","Macedonia",2,2,1,2,1.1571204209351
"3077","Sicilia",2,2,1,2,1.18094586077104
"3078","Baetica",2,2,1,2,1.68660767465885
"3079","Africa Proconsularis",2,2,1,2,2.40278127993621
"3080","Latium et Campania (Regio I)",2,2,1,2,2.73338863282682
"3081","Germania Superior",2,2,1,3,-1.89717926630982
"3082","Germania Inferior",2,2,1,3,-1.51827012283904
"3083","Lusitania",2,2,1,3,-1.47975386019855
"3084","Belgica",2,2,1,3,-1.34730625321361
"3085","Aquitania",2,2,1,3,-1.28844866351245
"3086","Transpadana (Regio XI)",2,2,1,3,-1.2778701163046
"3087","Pannonia Superior",2,2,1,3,-1.05068362882226
"3088","Britannia",2,2,1,3,-1.02604407202578
"3089","Lugdunensis",2,2,1,3,-0.911759376621353
"3090","Narbonensis",2,2,1,3,-0.901156057233383
"3091","Dalmatia",2,2,1,3,-0.716572633869866
"3092","Sardinia",2,2,1,3,-0.61820862743209
"3093","Moesia Superior",2,2,1,3,-0.606046683177707
"3094","Venetia et Histria (Regio X)",2,2,1,3,-0.543719645336376
"3095","Raetia",2,2,1,3,-0.321279802171405
"3096","Moesia Inferior",2,2,1,3,-0.297231769509465
"3097","Noricum",2,2,1,3,-0.210152689399017
"3098","Hispania Citerior",2,2,1,3,-0.198347100036203
"3099","Pannonia Inferior",2,2,1,3,-0.178105194352142
"3100","Apulia et Calabria (Regio II)",2,2,1,3,-0.0686142423144359
"3101","Mauretania Tingitana",2,2,1,3,0.0175185439565207
"3102","Umbria (Regio VI)",2,2,1,3,0.110746104195754
"3103","Samnium (Regio IV)",2,2,1,3,0.262509056097358
"3104","Aemilia (Regio VIII)",2,2,1,3,0.324230059359899
"3105","Numidia",2,2,1,3,0.325415270750976
"3106","Galatia",2,2,1,3,0.387920190533071
"3107","Liguria (Regio IX)",2,2,1,3,0.402340953552224
"3108","Syria",2,2,1,3,0.495683857519211
"3109","Bruttium et Lucania (Regio III)",2,2,1,3,0.569880530881182
"3110","Mauretania Caesariensis",2,2,1,3,0.604917386521759
"3111","Picenum (Regio V)",2,2,1,3,0.770862352364607
"3112","Achaia",2,2,1,3,0.772916080501428
"3113","Asia",2,2,1,3,0.936162662156562
"3114","Etruria (Regio VII)",2,2,1,3,1.14934610249934
"3115","Macedonia",2,2,1,3,1.1581871646033
"3116","Sicilia",2,2,1,3,1.20471362338331
"3117","Latium et Campania (Regio I)",2,2,1,3,1.51222173477177
"3118","Dacia",2,2,1,3,1.55235855303185
"3119","Baetica",2,2,1,3,1.717683604532
"3120","Africa Proconsularis",2,2,1,3,2.18113597346742
"3121","Germania Superior",2,2,1,4,-1.82127303096491
"3122","Lusitania",2,2,1,4,-1.51916866342158
"3123","Germania Inferior",2,2,1,4,-1.50768359831184
"3124","Belgica",2,2,1,4,-1.30522763498257
"3125","Aquitania",2,2,1,4,-1.28256930191133
"3126","Transpadana (Regio XI)",2,2,1,4,-1.2682652617247
"3127","Pannonia Superior",2,2,1,4,-1.06007783866973
"3128","Britannia",2,2,1,4,-1.02147509836375
"3129","Lugdunensis",2,2,1,4,-0.872588812996553
"3130","Narbonensis",2,2,1,4,-0.740207657886351
"3131","Dalmatia",2,2,1,4,-0.724097322831023
"3132","Sardinia",2,2,1,4,-0.608777342480735
"3133","Moesia Superior",2,2,1,4,-0.608004378871439
"3134","Venetia et Histria (Regio X)",2,2,1,4,-0.549904363390516
"3135","Moesia Inferior",2,2,1,4,-0.337931693445156
"3136","Raetia",2,2,1,4,-0.312996317225477
"3137","Noricum",2,2,1,4,-0.239605150686221
"3138","Hispania Citerior",2,2,1,4,-0.238610126550701
"3139","Pannonia Inferior",2,2,1,4,-0.214913142852481
"3140","Apulia et Calabria (Regio II)",2,2,1,4,-0.115853444059797
"3141","Mauretania Tingitana",2,2,1,4,-0.0105461445973675
"3142","Umbria (Regio VI)",2,2,1,4,0.0614152294968156
"3143","Samnium (Regio IV)",2,2,1,4,0.238882206166193
"3144","Aemilia (Regio VIII)",2,2,1,4,0.262119010307029
"3145","Numidia",2,2,1,4,0.327026355900396
"3146","Galatia",2,2,1,4,0.348995066934283
"3147","Liguria (Regio IX)",2,2,1,4,0.375892921663296
"3148","Syria",2,2,1,4,0.472216871396701
"3149","Bruttium et Lucania (Regio III)",2,2,1,4,0.533744723238166
"3150","Mauretania Caesariensis",2,2,1,4,0.681952902298811
"3151","Achaia",2,2,1,4,0.742931178369243
"3152","Picenum (Regio V)",2,2,1,4,0.800136148248939
"3153","Asia",2,2,1,4,0.913048246544571
"3154","Etruria (Regio VII)",2,2,1,4,1.07074832031741
"3155","Macedonia",2,2,1,4,1.1268936122033
"3156","Sicilia",2,2,1,4,1.16449177503418
"3157","Dacia",2,2,1,4,1.41386779722237
"3158","Latium et Campania (Regio I)",2,2,1,4,1.74777053498356
"3159","Baetica",2,2,1,4,1.8424999508589
"3160","Africa Proconsularis",2,2,1,4,2.2351434750401
"3161","Germania Superior",2,2,1,5,-1.82339991610446
"3162","Germania Inferior",2,2,1,5,-1.52492858634799
"3163","Lusitania",2,2,1,5,-1.4740465166624
"3164","Belgica",2,2,1,5,-1.33199951993698
"3165","Aquitania",2,2,1,5,-1.29592340334963
"3166","Transpadana (Regio XI)",2,2,1,5,-1.25506470090345
"3167","Pannonia Superior",2,2,1,5,-1.08368787410391
"3168","Britannia",2,2,1,5,-1.0390528070502
"3169","Lugdunensis",2,2,1,5,-0.904112823706719
"3170","Dalmatia",2,2,1,5,-0.743299715240898
"3171","Narbonensis",2,2,1,5,-0.724079020423542
"3172","Moesia Superior",2,2,1,5,-0.62211656948097
"3173","Sardinia",2,2,1,5,-0.620641101447039
"3174","Venetia et Histria (Regio X)",2,2,1,5,-0.473596735553713
"3175","Moesia Inferior",2,2,1,5,-0.352676996864411
"3176","Raetia",2,2,1,5,-0.320756782224393
"3177","Noricum",2,2,1,5,-0.245922013503571
"3178","Hispania Citerior",2,2,1,5,-0.219919090525794
"3179","Pannonia Inferior",2,2,1,5,-0.208725104196449
"3180","Apulia et Calabria (Regio II)",2,2,1,5,-0.117544477620825
"3181","Mauretania Tingitana",2,2,1,5,-0.0276691146397775
"3182","Umbria (Regio VI)",2,2,1,5,0.232525707211935
"3183","Samnium (Regio IV)",2,2,1,5,0.236133990709618
"3184","Aemilia (Regio VIII)",2,2,1,5,0.257348412621099
"3185","Galatia",2,2,1,5,0.329542055294467
"3186","Numidia",2,2,1,5,0.339087305671933
"3187","Liguria (Regio IX)",2,2,1,5,0.371932154014727
"3188","Syria",2,2,1,5,0.443657594287448
"3189","Bruttium et Lucania (Regio III)",2,2,1,5,0.54021082964848
"3190","Mauretania Caesariensis",2,2,1,5,0.668565981645493
"3191","Achaia",2,2,1,5,0.742962899759821
"3192","Picenum (Regio V)",2,2,1,5,0.794860306027982
"3193","Asia",2,2,1,5,0.922970378946771
"3194","Etruria (Regio VII)",2,2,1,5,1.0672073707339
"3195","Macedonia",2,2,1,5,1.09835772058454
"3196","Sicilia",2,2,1,5,1.15385238453874
"3197","Dacia",2,2,1,5,1.34162527962645
"3198","Latium et Campania (Regio I)",2,2,1,5,1.79019575645131
"3199","Baetica",2,2,1,5,1.8122576939097
"3200","Africa Proconsularis",2,2,1,5,2.26586904820271
"3201","Germania Superior",2,2,2,1,-1.56155683048745
"3202","Lusitania",2,2,2,1,-1.4691926979377
"3203","Germania Inferior",2,2,2,1,-1.34741488082038
"3204","Pannonia Superior",2,2,2,1,-1.17320626617784
"3205","Transpadana (Regio XI)",2,2,2,1,-1.1577600815825
"3206","Aquitania",2,2,2,1,-1.01945919665136
"3207","Belgica",2,2,2,1,-1.01009933533429
"3208","Dalmatia",2,2,2,1,-0.926265859553706
"3209","Britannia",2,2,2,1,-0.865270327594274
"3210","Narbonensis",2,2,2,1,-0.831566676141613
"3211","Venetia et Histria (Regio X)",2,2,2,1,-0.785273169957426
"3212","Lugdunensis",2,2,2,1,-0.673048871818908
"3213","Moesia Superior",2,2,2,1,-0.575747367754531
"3214","Hispania Citerior",2,2,2,1,-0.498648900829187
"3215","Moesia Inferior",2,2,2,1,-0.494009148962957
"3216","Sardinia",2,2,2,1,-0.457005298456033
"3217","Pannonia Inferior",2,2,2,1,-0.404363398004559
"3218","Aemilia (Regio VIII)",2,2,2,1,-0.316402627875566
"3219","Noricum",2,2,2,1,-0.271510371948193
"3220","Raetia",2,2,2,1,-0.253985341078538
"3221","Apulia et Calabria (Regio II)",2,2,2,1,-0.124613730200165
"3222","Umbria (Regio VI)",2,2,2,1,-0.0540043141754564
"3223","Mauretania Tingitana",2,2,2,1,-0.00334868614005563
"3224","Liguria (Regio IX)",2,2,2,1,0.202854560878376
"3225","Galatia",2,2,2,1,0.363533984651053
"3226","Syria",2,2,2,1,0.366979513327722
"3227","Etruria (Regio VII)",2,2,2,1,0.393906290582357
"3228","Samnium (Regio IV)",2,2,2,1,0.459343912466427
"3229","Numidia",2,2,2,1,0.602818684573662
"3230","Bruttium et Lucania (Regio III)",2,2,2,1,0.663926277112863
"3231","Picenum (Regio V)",2,2,2,1,0.707364042529763
"3232","Mauretania Caesariensis",2,2,2,1,0.768161186402081
"3233","Dacia",2,2,2,1,0.779471921378542
"3234","Achaia",2,2,2,1,0.911253988887267
"3235","Asia",2,2,2,1,1.09963782819258
"3236","Macedonia",2,2,2,1,1.22730070317772
"3237","Sicilia",2,2,2,1,1.31042529037289
"3238","Baetica",2,2,2,1,1.39773929461919
"3239","Latium et Campania (Regio I)",2,2,2,1,2.48239246395635
"3240","Africa Proconsularis",2,2,2,1,2.53664343637384
"3241","Germania Superior",2,2,2,2,-1.75987284080617
"3242","Germania Inferior",2,2,2,2,-1.4663442376518
"3243","Lusitania",2,2,2,2,-1.38231776832358
"3244","Belgica",2,2,2,2,-1.28714776735793
"3245","Pannonia Superior",2,2,2,2,-1.24560022799518
"3246","Transpadana (Regio XI)",2,2,2,2,-1.22401920980506
"3247","Aquitania",2,2,2,2,-1.08414775079211
"3248","Britannia",2,2,2,2,-1.00548173526803
"3249","Dalmatia",2,2,2,2,-0.986690088979263
"3250","Narbonensis",2,2,2,2,-0.951715764949359
"3251","Lugdunensis",2,2,2,2,-0.848024640130812
"3252","Moesia Superior",2,2,2,2,-0.619995659741686
"3253","Venetia et Histria (Regio X)",2,2,2,2,-0.594791401550629
"3254","Sardinia",2,2,2,2,-0.548350609491665
"3255","Moesia Inferior",2,2,2,2,-0.41349500356172
"3256","Hispania Citerior",2,2,2,2,-0.37138807006998
"3257","Raetia",2,2,2,2,-0.300875458254974
"3258","Noricum",2,2,2,2,-0.25370232805974
"3259","Pannonia Inferior",2,2,2,2,-0.172377846486616
"3260","Apulia et Calabria (Regio II)",2,2,2,2,0.0204918340167912
"3261","Mauretania Tingitana",2,2,2,2,0.0212628530665288
"3262","Aemilia (Regio VIII)",2,2,2,2,0.0781704874671001
"3263","Umbria (Regio VI)",2,2,2,2,0.0964854567153644
"3264","Liguria (Regio IX)",2,2,2,2,0.335601944827314
"3265","Galatia",2,2,2,2,0.414141313276782
"3266","Samnium (Regio IV)",2,2,2,2,0.420029622468972
"3267","Syria",2,2,2,2,0.433664172627751
"3268","Numidia",2,2,2,2,0.474360966904066
"3269","Mauretania Caesariensis",2,2,2,2,0.683565385443357
"3270","Bruttium et Lucania (Regio III)",2,2,2,2,0.730397647255994
"3271","Etruria (Regio VII)",2,2,2,2,0.776769699369818
"3272","Picenum (Regio V)",2,2,2,2,0.790178935135446
"3273","Achaia",2,2,2,2,0.865557796439167
"3274","Asia",2,2,2,2,1.01919500353346
"3275","Dacia",2,2,2,2,1.12300422189206
"3276","Macedonia",2,2,2,2,1.2160219930943
"3277","Sicilia",2,2,2,2,1.26489920113991
"3278","Baetica",2,2,2,2,1.38545346648378
"3279","Latium et Campania (Regio I)",2,2,2,2,1.94191155404913
"3280","Africa Proconsularis",2,2,2,2,2.42517485406922
"3281","Germania Superior",2,2,2,3,-1.80522638990183
"3282","Lusitania",2,2,2,3,-1.49318493193786
"3283","Germania Inferior",2,2,2,3,-1.4656885690406
"3284","Transpadana (Regio XI)",2,2,2,3,-1.26710123964825
"3285","Aquitania",2,2,2,3,-1.26493079435922
"3286","Belgica",2,2,2,3,-1.24712765222165
"3287","Pannonia Superior",2,2,2,3,-1.05114928588894
"3288","Britannia",2,2,2,3,-0.976349893673637
"3289","Lugdunensis",2,2,2,3,-0.877190743212879
"3290","Narbonensis",2,2,2,3,-0.853986325151072
"3291","Dalmatia",2,2,2,3,-0.680309235432708
"3292","Venetia et Histria (Regio X)",2,2,2,3,-0.629811202193063
"3293","Moesia Superior",2,2,2,3,-0.598236386429938
"3294","Sardinia",2,2,2,3,-0.580241571044962
"3295","Moesia Inferior",2,2,2,3,-0.323377936318559
"3296","Raetia",2,2,2,3,-0.311831723297495
"3297","Hispania Citerior",2,2,2,3,-0.276434124443589
"3298","Noricum",2,2,2,3,-0.206213452026025
"3299","Pannonia Inferior",2,2,2,3,-0.177723460316625
"3300","Apulia et Calabria (Regio II)",2,2,2,3,-0.15797225403006
"3301","Mauretania Tingitana",2,2,2,3,-0.0117991610645774
"3302","Aemilia (Regio VIII)",2,2,2,3,0.013275655971791
"3303","Umbria (Regio VI)",2,2,2,3,0.0798358341707949
"3304","Samnium (Regio IV)",2,2,2,3,0.237964332358215
"3305","Liguria (Regio IX)",2,2,2,3,0.312614190488231
"3306","Galatia",2,2,2,3,0.355636462899782
"3307","Numidia",2,2,2,3,0.429510990661287
"3308","Syria",2,2,2,3,0.436686362055465
"3309","Bruttium et Lucania (Regio III)",2,2,2,3,0.534941507136332
"3310","Mauretania Caesariensis",2,2,2,3,0.715537055476171
"3311","Achaia",2,2,2,3,0.737842009516406
"3312","Picenum (Regio V)",2,2,2,3,0.755445695685124
"3313","Asia",2,2,2,3,0.949993368810532
"3314","Etruria (Regio VII)",2,2,2,3,1.05323069053871
"3315","Macedonia",2,2,2,3,1.13211901387274
"3316","Sicilia",2,2,2,3,1.19699113623026
"3317","Dacia",2,2,2,3,1.41516821177283
"3318","Baetica",2,2,2,3,1.71291158706072
"3319","Latium et Campania (Regio I)",2,2,2,3,1.85532495169134
"3320","Africa Proconsularis",2,2,2,3,2.3308572752368
"3321","Germania Superior",2,2,2,4,-1.76717291686109
"3322","Lusitania",2,2,2,4,-1.54714002432953
"3323","Germania Inferior",2,2,2,4,-1.50187201364634
"3324","Belgica",2,2,2,4,-1.33631687090373
"3325","Aquitania",2,2,2,4,-1.3047914154915
"3326","Transpadana (Regio XI)",2,2,2,4,-1.21690625564076
"3327","Pannonia Superior",2,2,2,4,-1.09759212363075
"3328","Britannia",2,2,2,4,-1.01022707669721
"3329","Lugdunensis",2,2,2,4,-0.892601231964969
"3330","Dalmatia",2,2,2,4,-0.741242598120279
"3331","Moesia Superior",2,2,2,4,-0.638764386480544
"3332","Sardinia",2,2,2,4,-0.620015099400738
"3333","Venetia et Histria (Regio X)",2,2,2,4,-0.570639563285294
"3334","Narbonensis",2,2,2,4,-0.510355208891104
"3335","Moesia Inferior",2,2,2,4,-0.351107051095334
"3336","Raetia",2,2,2,4,-0.327134240148199
"3337","Hispania Citerior",2,2,2,4,-0.290388203284998
"3338","Noricum",2,2,2,4,-0.246338277250747
"3339","Pannonia Inferior",2,2,2,4,-0.190448198740214
"3340","Apulia et Calabria (Regio II)",2,2,2,4,-0.0620017571096512
"3341","Mauretania Tingitana",2,2,2,4,-0.0331814445117929
"3342","Aemilia (Regio VIII)",2,2,2,4,0.0328641182812306
"3343","Samnium (Regio IV)",2,2,2,4,0.233152335629972
"3344","Umbria (Regio VI)",2,2,2,4,0.250470198354591
"3345","Liguria (Regio IX)",2,2,2,4,0.323956111702238
"3346","Galatia",2,2,2,4,0.3256312416075
"3347","Numidia",2,2,2,4,0.389099518290502
"3348","Syria",2,2,2,4,0.449946994390829
"3349","Bruttium et Lucania (Regio III)",2,2,2,4,0.524022323160024
"3350","Mauretania Caesariensis",2,2,2,4,0.621217338239774
"3351","Picenum (Regio V)",2,2,2,4,0.723859131807137
"3352","Achaia",2,2,2,4,0.745957478617692
"3353","Asia",2,2,2,4,0.968895094375317
"3354","Etruria (Regio VII)",2,2,2,4,1.07098862796645
"3355","Macedonia",2,2,2,4,1.13191944146322
"3356","Sicilia",2,2,2,4,1.15806990303179
"3357","Dacia",2,2,2,4,1.38035846840052
"3358","Baetica",2,2,2,4,1.68918969781964
"3359","Latium et Campania (Regio I)",2,2,2,4,2.00240128233856
"3360","Africa Proconsularis",2,2,2,4,2.23423665200779
"3361","Germania Superior",2,2,2,5,-1.69351522954901
"3362","Lusitania",2,2,2,5,-1.56465628866657
"3363","Germania Inferior",2,2,2,5,-1.48567212249413
"3364","Aquitania",2,2,2,5,-1.29340496220972
"3365","Belgica",2,2,2,5,-1.2928498349805
"3366","Transpadana (Regio XI)",2,2,2,5,-1.20409412030886
"3367","Pannonia Superior",2,2,2,5,-1.09919905978712
"3368","Britannia",2,2,2,5,-1.00242562957291
"3369","Lugdunensis",2,2,2,5,-0.855025434858811
"3370","Dalmatia",2,2,2,5,-0.744027085086062
"3371","Moesia Superior",2,2,2,5,-0.636103253966212
"3372","Sardinia",2,2,2,5,-0.608137043182404
"3373","Venetia et Histria (Regio X)",2,2,2,5,-0.562659791892972
"3374","Moesia Inferior",2,2,2,5,-0.384798538548829
"3375","Narbonensis",2,2,2,5,-0.370717665109351
"3376","Hispania Citerior",2,2,2,5,-0.321148887074499
"3377","Raetia",2,2,2,5,-0.317908015218847
"3378","Noricum",2,2,2,5,-0.271077067434595
"3379","Pannonia Inferior",2,2,2,5,-0.222328510393395
"3380","Apulia et Calabria (Regio II)",2,2,2,5,-0.107085585307625
"3381","Mauretania Tingitana",2,2,2,5,-0.0580022249649433
"3382","Aemilia (Regio VIII)",2,2,2,5,-0.0236188219437313
"3383","Umbria (Regio VI)",2,2,2,5,0.208587424106321
"3384","Samnium (Regio IV)",2,2,2,5,0.209877647131751
"3385","Galatia",2,2,2,5,0.288273159156477
"3386","Liguria (Regio IX)",2,2,2,5,0.301491066916559
"3387","Numidia",2,2,2,5,0.382187364890713
"3388","Syria",2,2,2,5,0.426528855213666
"3389","Bruttium et Lucania (Regio III)",2,2,2,5,0.4874605757793
"3390","Mauretania Caesariensis",2,2,2,5,0.688582401706525
"3391","Achaia",2,2,2,5,0.713395150517885
"3392","Picenum (Regio V)",2,2,2,5,0.75022150009305
"3393","Asia",2,2,2,5,0.938362127003707
"3394","Etruria (Regio VII)",2,2,2,5,0.995956260495027
"3395","Macedonia",2,2,2,5,1.09291069906764
"3396","Sicilia",2,2,2,5,1.11210119742555
"3397","Dacia",2,2,2,5,1.25081649926419
"3398","Baetica",2,2,2,5,1.81953548682551
"3399","Latium et Campania (Regio I)",2,2,2,5,2.18905972836754
"3400","Africa Proconsularis",2,2,2,5,2.26310802858968
"3401","Germania Superior",2,2,3,1,-1.5453235538358
"3402","Lusitania",2,2,3,1,-1.33608187753114
"3403","Germania Inferior",2,2,3,1,-1.28477747125934
"3404","Transpadana (Regio XI)",2,2,3,1,-1.16606779575476
"3405","Narbonensis",2,2,3,1,-1.14177633139825
"3406","Pannonia Superior",2,2,3,1,-1.12467726154304
"3407","Aquitania",2,2,3,1,-0.977429936278402
"3408","Belgica",2,2,3,1,-0.842322732753092
"3409","Dalmatia",2,2,3,1,-0.839795806560582
"3410","Britannia",2,2,3,1,-0.796355131443879
"3411","Venetia et Histria (Regio X)",2,2,3,1,-0.719517907472446
"3412","Lugdunensis",2,2,3,1,-0.658914310607828
"3413","Moesia Superior",2,2,3,1,-0.537743686573877
"3414","Moesia Inferior",2,2,3,1,-0.503238168252743
"3415","Hispania Citerior",2,2,3,1,-0.489971129653894
"3416","Sardinia",2,2,3,1,-0.450560140321347
"3417","Aemilia (Regio VIII)",2,2,3,1,-0.434042893864159
"3418","Pannonia Inferior",2,2,3,1,-0.406072368826254
"3419","Apulia et Calabria (Regio II)",2,2,3,1,-0.290880687260403
"3420","Noricum",2,2,3,1,-0.252486718146403
"3421","Raetia",2,2,3,1,-0.236635685734746
"3422","Umbria (Regio VI)",2,2,3,1,-0.0898513741245276
"3423","Mauretania Tingitana",2,2,3,1,0.0172104286988891
"3424","Liguria (Regio IX)",2,2,3,1,0.204762366798976
"3425","Syria",2,2,3,1,0.292789773224832
"3426","Etruria (Regio VII)",2,2,3,1,0.315942335083708
"3427","Galatia",2,2,3,1,0.328856232551589
"3428","Samnium (Regio IV)",2,2,3,1,0.437336617018341
"3429","Bruttium et Lucania (Regio III)",2,2,3,1,0.554225560587989
"3430","Picenum (Regio V)",2,2,3,1,0.604048410542865
"3431","Dacia",2,2,3,1,0.649098770743301
"3432","Numidia",2,2,3,1,0.662056054059845
"3433","Achaia",2,2,3,1,0.862333075916407
"3434","Mauretania Caesariensis",2,2,3,1,1.06173436330674
"3435","Asia",2,2,3,1,1.09140694256204
"3436","Macedonia",2,2,3,1,1.13505425584584
"3437","Sicilia",2,2,3,1,1.27573323050337
"3438","Baetica",2,2,3,1,1.37997198729866
"3439","Africa Proconsularis",2,2,3,1,2.56319632184057
"3440","Latium et Campania (Regio I)",2,2,3,1,2.68876624261294
"3441","Germania Superior",2,2,3,2,-1.63835620480821
"3442","Lusitania",2,2,3,2,-1.50194558559587
"3443","Germania Inferior",2,2,3,2,-1.38149292799904
"3444","Pannonia Superior",2,2,3,2,-1.18600975711272
"3445","Transpadana (Regio XI)",2,2,3,2,-1.18509792692718
"3446","Belgica",2,2,3,2,-1.08041678668584
"3447","Aquitania",2,2,3,2,-1.0735233473407
"3448","Narbonensis",2,2,3,2,-0.958985186997068
"3449","Dalmatia",2,2,3,2,-0.91986729923676
"3450","Britannia",2,2,3,2,-0.889905531770976
"3451","Venetia et Histria (Regio X)",2,2,3,2,-0.749027316489665
"3452","Lugdunensis",2,2,3,2,-0.699998390465679
"3453","Moesia Superior",2,2,3,2,-0.575527463214922
"3454","Hispania Citerior",2,2,3,2,-0.506695612974908
"3455","Sardinia",2,2,3,2,-0.501831015746033
"3456","Moesia Inferior",2,2,3,2,-0.449483046286655
"3457","Pannonia Inferior",2,2,3,2,-0.390444609351332
"3458","Raetia",2,2,3,2,-0.260203317499773
"3459","Noricum",2,2,3,2,-0.24765099264212
"3460","Apulia et Calabria (Regio II)",2,2,3,2,-0.12158102565735
"3461","Aemilia (Regio VIII)",2,2,3,2,-0.0941657159692549
"3462","Umbria (Regio VI)",2,2,3,2,-0.00896205215195108
"3463","Mauretania Tingitana",2,2,3,2,0.000866585667235262
"3464","Liguria (Regio IX)",2,2,3,2,0.238328511202848
"3465","Galatia",2,2,3,2,0.398871311364925
"3466","Syria",2,2,3,2,0.400639621435256
"3467","Samnium (Regio IV)",2,2,3,2,0.436796963310289
"3468","Bruttium et Lucania (Regio III)",2,2,3,2,0.618114597313535
"3469","Numidia",2,2,3,2,0.620175083968635
"3470","Etruria (Regio VII)",2,2,3,2,0.635315806693036
"3471","Picenum (Regio V)",2,2,3,2,0.715488192641512
"3472","Mauretania Caesariensis",2,2,3,2,0.774484774435917
"3473","Achaia",2,2,3,2,0.852007546236981
"3474","Dacia",2,2,3,2,0.968717210649511
"3475","Asia",2,2,3,2,1.12804533926504
"3476","Macedonia",2,2,3,2,1.22010928281227
"3477","Sicilia",2,2,3,2,1.31706079923297
"3478","Baetica",2,2,3,2,1.42283843380309
"3479","Latium et Campania (Regio I)",2,2,3,2,2.10109210426335
"3480","Africa Proconsularis",2,2,3,2,2.57221894862759
"3481","Germania Superior",2,2,3,3,-1.79277886506973
"3482","Lusitania",2,2,3,3,-1.64713550247443
"3483","Germania Inferior",2,2,3,3,-1.34045304292781
"3484","Narbonensis",2,2,3,3,-1.30721782731685
"3485","Transpadana (Regio XI)",2,2,3,3,-1.25226197837703
"3486","Aquitania",2,2,3,3,-1.15319146108487
"3487","Belgica",2,2,3,3,-1.10468666798248
"3488","Pannonia Superior",2,2,3,3,-0.993959593033117
"3489","Venetia et Histria (Regio X)",2,2,3,3,-0.892758736075594
"3490","Britannia",2,2,3,3,-0.874285799602172
"3491","Lugdunensis",2,2,3,3,-0.812228330890491
"3492","Sardinia",2,2,3,3,-0.554286862836919
"3493","Dalmatia",2,2,3,3,-0.550546285990581
"3494","Moesia Superior",2,2,3,3,-0.522620291518045
"3495","Hispania Citerior",2,2,3,3,-0.467899386051631
"3496","Raetia",2,2,3,3,-0.267611910370926
"3497","Moesia Inferior",2,2,3,3,-0.236796747759738
"3498","Apulia et Calabria (Regio II)",2,2,3,3,-0.218010464973133
"3499","Noricum",2,2,3,3,-0.146668006986315
"3500","Aemilia (Regio VIII)",2,2,3,3,-0.11750880749341
"3501","Pannonia Inferior",2,2,3,3,-0.0896827138229193
"3502","Mauretania Tingitana",2,2,3,3,0.0291919991181442
"3503","Umbria (Regio VI)",2,2,3,3,0.205266386501276
"3504","Liguria (Regio IX)",2,2,3,3,0.208662980718192
"3505","Samnium (Regio IV)",2,2,3,3,0.2361126195356
"3506","Syria",2,2,3,3,0.434377879820845
"3507","Galatia",2,2,3,3,0.439259996085965
"3508","Bruttium et Lucania (Regio III)",2,2,3,3,0.501514015650315
"3509","Picenum (Regio V)",2,2,3,3,0.617733095146409
"3510","Numidia",2,2,3,3,0.677370724840317
"3511","Mauretania Caesariensis",2,2,3,3,0.729733940475136
"3512","Achaia",2,2,3,3,0.753268989960794
"3513","Etruria (Regio VII)",2,2,3,3,0.964221272794081
"3514","Asia",2,2,3,3,1.04414837279896
"3515","Macedonia",2,2,3,3,1.1801474379214
"3516","Latium et Campania (Regio I)",2,2,3,3,1.27731421318843
"3517","Sicilia",2,2,3,3,1.3111316473957
"3518","Baetica",2,2,3,3,1.60991411517859
"3519","Dacia",2,2,3,3,1.64478450570519
"3520","Africa Proconsularis",2,2,3,3,2.47843508980286
"3521","Germania Superior",2,2,3,4,-1.79277886506979
"3522","Lusitania",2,2,3,4,-1.64713550247429
"3523","Germania Inferior",2,2,3,4,-1.34045304292786
"3524","Narbonensis",2,2,3,4,-1.3072178273169
"3525","Transpadana (Regio XI)",2,2,3,4,-1.25226197837705
"3526","Aquitania",2,2,3,4,-1.15319146108489
"3527","Belgica",2,2,3,4,-1.10468666798254
"3528","Pannonia Superior",2,2,3,4,-0.993959593033138
"3529","Venetia et Histria (Regio X)",2,2,3,4,-0.892758736075464
"3530","Britannia",2,2,3,4,-0.874285799602217
"3531","Lugdunensis",2,2,3,4,-0.812228330890541
"3532","Sardinia",2,2,3,4,-0.554286862836927
"3533","Dalmatia",2,2,3,4,-0.550546285990607
"3534","Moesia Superior",2,2,3,4,-0.522620291518059
"3535","Hispania Citerior",2,2,3,4,-0.467899386051556
"3536","Raetia",2,2,3,4,-0.267611910370938
"3537","Moesia Inferior",2,2,3,4,-0.236796747759747
"3538","Apulia et Calabria (Regio II)",2,2,3,4,-0.218010464973134
"3539","Noricum",2,2,3,4,-0.146668006986309
"3540","Aemilia (Regio VIII)",2,2,3,4,-0.117508807493367
"3541","Pannonia Inferior",2,2,3,4,-0.0896827138229176
"3542","Mauretania Tingitana",2,2,3,4,0.029191999118146
"3543","Umbria (Regio VI)",2,2,3,4,0.205266386501318
"3544","Liguria (Regio IX)",2,2,3,4,0.208662980718235
"3545","Samnium (Regio IV)",2,2,3,4,0.236112619535609
"3546","Syria",2,2,3,4,0.434377879820838
"3547","Galatia",2,2,3,4,0.43925999608596
"3548","Bruttium et Lucania (Regio III)",2,2,3,4,0.501514015650343
"3549","Picenum (Regio V)",2,2,3,4,0.617733095146449
"3550","Numidia",2,2,3,4,0.677370724840287
"3551","Mauretania Caesariensis",2,2,3,4,0.729733940475127
"3552","Achaia",2,2,3,4,0.753268989960806
"3553","Etruria (Regio VII)",2,2,3,4,0.964221272794121
"3554","Asia",2,2,3,4,1.04414837279895
"3555","Macedonia",2,2,3,4,1.18014743792138
"3556","Latium et Campania (Regio I)",2,2,3,4,1.27731421318838
"3557","Sicilia",2,2,3,4,1.31113164739569
"3558","Baetica",2,2,3,4,1.60991411517857
"3559","Dacia",2,2,3,4,1.64478450570516
"3560","Africa Proconsularis",2,2,3,4,2.47843508980287
"3561","Lusitania",2,2,3,5,-1.80739315561593
"3562","Germania Superior",2,2,3,5,-1.67221735945387
"3563","Germania Inferior",2,2,3,5,-1.32426521128558
"3564","Transpadana (Regio XI)",2,2,3,5,-1.19719904437351
"3565","Aquitania",2,2,3,5,-1.15147122432555
"3566","Belgica",2,2,3,5,-1.07168618018677
"3567","Pannonia Superior",2,2,3,5,-1.03086529914866
"3568","Narbonensis",2,2,3,5,-0.93437959378636
"3569","Venetia et Histria (Regio X)",2,2,3,5,-0.911041275709407
"3570","Britannia",2,2,3,5,-0.85692744511489
"3571","Lugdunensis",2,2,3,5,-0.733880668401125
"3572","Hispania Citerior",2,2,3,5,-0.58932730450214
"3573","Sardinia",2,2,3,5,-0.571633700812923
"3574","Dalmatia",2,2,3,5,-0.56878743928924
"3575","Moesia Superior",2,2,3,5,-0.527972897620413
"3576","Moesia Inferior",2,2,3,5,-0.296649119697924
"3577","Raetia",2,2,3,5,-0.253173385184667
"3578","Aemilia (Regio VIII)",2,2,3,5,-0.223346994392495
"3579","Noricum",2,2,3,5,-0.218976316785781
"3580","Apulia et Calabria (Regio II)",2,2,3,5,-0.165903391484011
"3581","Pannonia Inferior",2,2,3,5,-0.146762901371172
"3582","Mauretania Tingitana",2,2,3,5,-0.02604433452941
"3583","Liguria (Regio IX)",2,2,3,5,0.149336904318489
"3584","Umbria (Regio VI)",2,2,3,5,0.175176192277342
"3585","Samnium (Regio IV)",2,2,3,5,0.224355453858347
"3586","Galatia",2,2,3,5,0.376567089329168
"3587","Bruttium et Lucania (Regio III)",2,2,3,5,0.403604571620873
"3588","Syria",2,2,3,5,0.42374013489635
"3589","Picenum (Regio V)",2,2,3,5,0.514017160913067
"3590","Numidia",2,2,3,5,0.686243434816422
"3591","Mauretania Caesariensis",2,2,3,5,0.68643066581072
"3592","Achaia",2,2,3,5,0.746230272148225
"3593","Etruria (Regio VII)",2,2,3,5,0.910165097603834
"3594","Asia",2,2,3,5,1.0725523519545
"3595","Macedonia",2,2,3,5,1.16136803058313
"3596","Sicilia",2,2,3,5,1.25163097856213
"3597","Dacia",2,2,3,5,1.57040462584844
"3598","Latium et Campania (Regio I)",2,2,3,5,1.73941066723163
"3599","Baetica",2,2,3,5,1.81875132483809
"3600","Africa Proconsularis",2,2,3,5,2.36991928646107
"3601","Germania Superior",2,2,4,1,-1.58315183621678
"3602","Lusitania",2,2,4,1,-1.31000334633508
"3603","Germania Inferior",2,2,4,1,-1.30011503845258
"3604","Transpadana (Regio XI)",2,2,4,1,-1.21418438960535
"3605","Narbonensis",2,2,4,1,-1.20904449288669
"3606","Pannonia Superior",2,2,4,1,-1.13397475512564
"3607","Aquitania",2,2,4,1,-0.996715091279075
"3608","Belgica",2,2,4,1,-0.973561847754965
"3609","Dalmatia",2,2,4,1,-0.865435360752818
"3610","Britannia",2,2,4,1,-0.756045626167599
"3611","Venetia et Histria (Regio X)",2,2,4,1,-0.695283011461871
"3612","Lugdunensis",2,2,4,1,-0.686743685738605
"3613","Moesia Superior",2,2,4,1,-0.525736718428515
"3614","Moesia Inferior",2,2,4,1,-0.487129072415018
"3615","Hispania Citerior",2,2,4,1,-0.482919832866912
"3616","Sardinia",2,2,4,1,-0.440034781279665
"3617","Aemilia (Regio VIII)",2,2,4,1,-0.420627751769289
"3618","Pannonia Inferior",2,2,4,1,-0.378346528860424
"3619","Apulia et Calabria (Regio II)",2,2,4,1,-0.314372870491953
"3620","Noricum",2,2,4,1,-0.249254881961569
"3621","Raetia",2,2,4,1,-0.238682631123604
"3622","Umbria (Regio VI)",2,2,4,1,-0.0832758567730887
"3623","Mauretania Tingitana",2,2,4,1,0.0339126163742034
"3624","Liguria (Regio IX)",2,2,4,1,0.212741023843673
"3625","Etruria (Regio VII)",2,2,4,1,0.28772236953582
"3626","Syria",2,2,4,1,0.29615625558233
"3627","Galatia",2,2,4,1,0.360902413329452
"3628","Samnium (Regio IV)",2,2,4,1,0.531917008363847
"3629","Bruttium et Lucania (Regio III)",2,2,4,1,0.589172983651616
"3630","Picenum (Regio V)",2,2,4,1,0.615535016418458
"3631","Dacia",2,2,4,1,0.697416747098828
"3632","Numidia",2,2,4,1,0.703278074267663
"3633","Achaia",2,2,4,1,0.869982816648905
"3634","Asia",2,2,4,1,1.09797832963954
"3635","Macedonia",2,2,4,1,1.14020257688607
"3636","Mauretania Caesariensis",2,2,4,1,1.15891398235525
"3637","Sicilia",2,2,4,1,1.28547072862735
"3638","Baetica",2,2,4,1,1.51146693770923
"3639","Latium et Campania (Regio I)",2,2,4,1,2.36914698826807
"3640","Africa Proconsularis",2,2,4,1,2.58272253914678
"3641","Germania Superior",2,2,4,2,-1.72881579955549
"3642","Germania Inferior",2,2,4,2,-1.46017029287974
"3643","Narbonensis",2,2,4,2,-1.24054211652657
"3644","Pannonia Superior",2,2,4,2,-1.22054423165422
"3645","Transpadana (Regio XI)",2,2,4,2,-1.22046643463429
"3646","Belgica",2,2,4,2,-1.20367880132062
"3647","Lusitania",2,2,4,2,-1.16532100120961
"3648","Aquitania",2,2,4,2,-1.05900403831805
"3649","Dalmatia",2,2,4,2,-0.963350896912317
"3650","Britannia",2,2,4,2,-0.866236976718729
"3651","Lugdunensis",2,2,4,2,-0.832731338397632
"3652","Moesia Superior",2,2,4,2,-0.602157722841345
"3653","Sardinia",2,2,4,2,-0.515740495529928
"3654","Moesia Inferior",2,2,4,2,-0.478368567619332
"3655","Pannonia Inferior",2,2,4,2,-0.395062274936368
"3656","Venetia et Histria (Regio X)",2,2,4,2,-0.388523655210354
"3657","Hispania Citerior",2,2,4,2,-0.286168812959948
"3658","Raetia",2,2,4,2,-0.282321770088299
"3659","Noricum",2,2,4,2,-0.241862645104903
"3660","Apulia et Calabria (Regio II)",2,2,4,2,-0.23750935719533
"3661","Aemilia (Regio VIII)",2,2,4,2,-0.050586017454628
"3662","Mauretania Tingitana",2,2,4,2,0.0300398882919912
"3663","Umbria (Regio VI)",2,2,4,2,0.129243210996465
"3664","Syria",2,2,4,2,0.32208401200988
"3665","Galatia",2,2,4,2,0.339918163270043
"3666","Liguria (Regio IX)",2,2,4,2,0.35061913898255
"3667","Numidia",2,2,4,2,0.44692021715446
"3668","Samnium (Regio IV)",2,2,4,2,0.504899173852685
"3669","Bruttium et Lucania (Regio III)",2,2,4,2,0.571870443830369
"3670","Picenum (Regio V)",2,2,4,2,0.697482381730206
"3671","Achaia",2,2,4,2,0.803065516293344
"3672","Dacia",2,2,4,2,0.803127235904549
"3673","Etruria (Regio VII)",2,2,4,2,0.954648185222799
"3674","Asia",2,2,4,2,1.03075588963861
"3675","Macedonia",2,2,4,2,1.04246833565655
"3676","Mauretania Caesariensis",2,2,4,2,1.1051707326854
"3677","Sicilia",2,2,4,2,1.18677920697004
"3678","Baetica",2,2,4,2,1.45173558385994
"3679","Latium et Campania (Regio I)",2,2,4,2,2.28580859777309
"3680","Africa Proconsularis",2,2,4,2,2.38252733294473
"3681","Germania Superior",2,2,4,3,-1.85218195601478
"3682","Germania Inferior",2,2,4,3,-1.4939929948407
"3683","Narbonensis",2,2,4,3,-1.34241335111726
"3684","Belgica",2,2,4,3,-1.28291985366125
"3685","Transpadana (Regio XI)",2,2,4,3,-1.27876758630741
"3686","Lusitania",2,2,4,3,-1.19410789304629
"3687","Aquitania",2,2,4,3,-1.14585238092387
"3688","Pannonia Superior",2,2,4,3,-1.05211877285445
"3689","Dalmatia",2,2,4,3,-0.943639366198195
"3690","Britannia",2,2,4,3,-0.891700374082054
"3691","Lugdunensis",2,2,4,3,-0.857607441583871
"3692","Moesia Superior",2,2,4,3,-0.57808573366442
"3693","Sardinia",2,2,4,3,-0.526325138910652
"3694","Venetia et Histria (Regio X)",2,2,4,3,-0.470964339104999
"3695","Moesia Inferior",2,2,4,3,-0.399753137384349
"3696","Pannonia Inferior",2,2,4,3,-0.368003708018701
"3697","Raetia",2,2,4,3,-0.291008710725207
"3698","Apulia et Calabria (Regio II)",2,2,4,3,-0.279179562836334
"3699","Noricum",2,2,4,3,-0.167367709866565
"3700","Hispania Citerior",2,2,4,3,-0.123488515812375
"3701","Aemilia (Regio VIII)",2,2,4,3,-0.00429695675633685
"3702","Mauretania Tingitana",2,2,4,3,0.0352260263931491
"3703","Umbria (Regio VI)",2,2,4,3,0.179806855415784
"3704","Syria",2,2,4,3,0.376791415414219
"3705","Liguria (Regio IX)",2,2,4,3,0.380974034591659
"3706","Galatia",2,2,4,3,0.396839022131108
"3707","Numidia",2,2,4,3,0.46650479711599
"3708","Samnium (Regio IV)",2,2,4,3,0.474644591517544
"3709","Bruttium et Lucania (Regio III)",2,2,4,3,0.586049686613179
"3710","Picenum (Regio V)",2,2,4,3,0.765366787772874
"3711","Achaia",2,2,4,3,0.804045155685748
"3712","Mauretania Caesariensis",2,2,4,3,0.873672460909683
"3713","Etruria (Regio VII)",2,2,4,3,1.03192449899583
"3714","Dacia",2,2,4,3,1.05505306213199
"3715","Asia",2,2,4,3,1.08712607705951
"3716","Macedonia",2,2,4,3,1.10262312857764
"3717","Sicilia",2,2,4,3,1.25124263059515
"3718","Baetica",2,2,4,3,1.56342660000637
"3719","Latium et Campania (Regio I)",2,2,4,3,1.63709314343205
"3720","Africa Proconsularis",2,2,4,3,2.4753655093506
"3721","Germania Superior",2,2,4,4,-1.90145473099052
"3722","Narbonensis",2,2,4,4,-1.57135802807312
"3723","Germania Inferior",2,2,4,4,-1.42947350050586
"3724","Lusitania",2,2,4,4,-1.31423563172842
"3725","Transpadana (Regio XI)",2,2,4,4,-1.30892744235515
"3726","Belgica",2,2,4,4,-1.24542136157841
"3727","Aquitania",2,2,4,4,-1.15014769524534
"3728","Pannonia Superior",2,2,4,4,-1.03096936010871
"3729","Lugdunensis",2,2,4,4,-0.911044636479649
"3730","Britannia",2,2,4,4,-0.869515649474375
"3731","Dalmatia",2,2,4,4,-0.62035801577578
"3732","Venetia et Histria (Regio X)",2,2,4,4,-0.580307082538135
"3733","Sardinia",2,2,4,4,-0.550347572716702
"3734","Moesia Superior",2,2,4,4,-0.540376568801696
"3735","Apulia et Calabria (Regio II)",2,2,4,4,-0.310986001396158
"3736","Raetia",2,2,4,4,-0.284010160499696
"3737","Moesia Inferior",2,2,4,4,-0.267881331122763
"3738","Hispania Citerior",2,2,4,4,-0.222969557994556
"3739","Noricum",2,2,4,4,-0.127730808175132
"3740","Pannonia Inferior",2,2,4,4,-0.0967365134949212
"3741","Aemilia (Regio VIII)",2,2,4,4,-0.0475141875335189
"3742","Mauretania Tingitana",2,2,4,4,0.0702084282668307
"3743","Umbria (Regio VI)",2,2,4,4,0.242713216880487
"3744","Liguria (Regio IX)",2,2,4,4,0.337991521345773
"3745","Samnium (Regio IV)",2,2,4,4,0.362357888127212
"3746","Syria",2,2,4,4,0.389660296069987
"3747","Galatia",2,2,4,4,0.41075670657422
"3748","Bruttium et Lucania (Regio III)",2,2,4,4,0.513829096999328
"3749","Numidia",2,2,4,4,0.579739372286122
"3750","Picenum (Regio V)",2,2,4,4,0.64690854029351
"3751","Achaia",2,2,4,4,0.752295084392504
"3752","Mauretania Caesariensis",2,2,4,4,0.86544427140504
"3753","Asia",2,2,4,4,1.02132529153293
"3754","Etruria (Regio VII)",2,2,4,4,1.04440285931682
"3755","Macedonia",2,2,4,4,1.07948260968232
"3756","Latium et Campania (Regio I)",2,2,4,4,1.24874708353659
"3757","Sicilia",2,2,4,4,1.2565505370703
"3758","Dacia",2,2,4,4,1.46107653472459
"3759","Baetica",2,2,4,4,1.64192805662257
"3760","Africa Proconsularis",2,2,4,4,2.45634844146148
"3761","Germania Superior",2,2,4,5,-1.71264820605035
"3762","Lusitania",2,2,4,5,-1.56403604846441
"3763","Germania Inferior",2,2,4,5,-1.3924633300709
"3764","Transpadana (Regio XI)",2,2,4,5,-1.24267947504383
"3765","Belgica",2,2,4,5,-1.23057255020643
"3766","Aquitania",2,2,4,5,-1.1766983460403
"3767","Narbonensis",2,2,4,5,-1.13928390701856
"3768","Pannonia Superior",2,2,4,5,-1.06504964129248
"3769","Britannia",2,2,4,5,-0.854963394721165
"3770","Lugdunensis",2,2,4,5,-0.806010593114153
"3771","Venetia et Histria (Regio X)",2,2,4,5,-0.721216239040248
"3772","Dalmatia",2,2,4,5,-0.642838161266444
"3773","Sardinia",2,2,4,5,-0.564791273856276
"3774","Moesia Superior",2,2,4,5,-0.55651993409867
"3775","Hispania Citerior",2,2,4,5,-0.456092732143697
"3776","Moesia Inferior",2,2,4,5,-0.301139754478021
"3777","Raetia",2,2,4,5,-0.272320701907308
"3778","Noricum",2,2,4,5,-0.199369313485531
"3779","Apulia et Calabria (Regio II)",2,2,4,5,-0.177549985542719
"3780","Aemilia (Regio VIII)",2,2,4,5,-0.136603210023779
"3781","Pannonia Inferior",2,2,4,5,-0.122997819004264
"3782","Mauretania Tingitana",2,2,4,5,-0.0064294295053889
"3783","Umbria (Regio VI)",2,2,4,5,0.174553795612661
"3784","Liguria (Regio IX)",2,2,4,5,0.22986795694716
"3785","Samnium (Regio IV)",2,2,4,5,0.337700569494745
"3786","Galatia",2,2,4,5,0.388203007341103
"3787","Syria",2,2,4,5,0.416083371062393
"3788","Bruttium et Lucania (Regio III)",2,2,4,5,0.442219936516711
"3789","Numidia",2,2,4,5,0.590317263900838
"3790","Picenum (Regio V)",2,2,4,5,0.628037689122057
"3791","Achaia",2,2,4,5,0.71702174070104
"3792","Mauretania Caesariensis",2,2,4,5,0.820078014961311
"3793","Etruria (Regio VII)",2,2,4,5,0.894405815080128
"3794","Asia",2,2,4,5,0.946497404566192
"3795","Macedonia",2,2,4,5,1.08762897278365
"3796","Sicilia",2,2,4,5,1.18365645413321
"3797","Dacia",2,2,4,5,1.46099686181153
"3798","Baetica",2,2,4,5,1.65467168547256
"3799","Latium et Campania (Regio I)",2,2,4,5,2.04902425482265
"3800","Africa Proconsularis",2,2,4,5,2.32130925204498
"3801","Germania Superior",2,2,5,1,-1.6954179335362
"3802","Narbonensis",2,2,5,1,-1.44397783129785
"3803","Germania Inferior",2,2,5,1,-1.32414988028544
"3804","Transpadana (Regio XI)",2,2,5,1,-1.22922382928168
"3805","Pannonia Superior",2,2,5,1,-1.14058251338164
"3806","Lusitania",2,2,5,1,-1.12829335614685
"3807","Belgica",2,2,5,1,-0.971375714685351
"3808","Aquitania",2,2,5,1,-0.95367624026644
"3809","Lugdunensis",2,2,5,1,-0.919220896062891
"3810","Dalmatia",2,2,5,1,-0.859225667086417
"3811","Britannia",2,2,5,1,-0.619544337667087
"3812","Venetia et Histria (Regio X)",2,2,5,1,-0.57001379619652
"3813","Moesia Superior",2,2,5,1,-0.559216471338175
"3814","Moesia Inferior",2,2,5,1,-0.471251146004097
"3815","Sardinia",2,2,5,1,-0.465701352443776
"3816","Apulia et Calabria (Regio II)",2,2,5,1,-0.442967973132405
"3817","Aemilia (Regio VIII)",2,2,5,1,-0.389543316730166
"3818","Hispania Citerior",2,2,5,1,-0.381936563524768
"3819","Pannonia Inferior",2,2,5,1,-0.354052385416783
"3820","Raetia",2,2,5,1,-0.27628371672212
"3821","Noricum",2,2,5,1,-0.201980829150517
"3822","Mauretania Tingitana",2,2,5,1,0.0503601035099757
"3823","Umbria (Regio VI)",2,2,5,1,0.105432584208275
"3824","Liguria (Regio IX)",2,2,5,1,0.239458103804752
"3825","Syria",2,2,5,1,0.348652740960055
"3826","Galatia",2,2,5,1,0.349365769549581
"3827","Etruria (Regio VII)",2,2,5,1,0.542420422285394
"3828","Picenum (Regio V)",2,2,5,1,0.556010863414405
"3829","Numidia",2,2,5,1,0.586193925683773
"3830","Bruttium et Lucania (Regio III)",2,2,5,1,0.589754726987572
"3831","Samnium (Regio IV)",2,2,5,1,0.608215184677813
"3832","Dacia",2,2,5,1,0.670729702048407
"3833","Achaia",2,2,5,1,0.793279054170551
"3834","Macedonia",2,2,5,1,1.05959155834937
"3835","Mauretania Caesariensis",2,2,5,1,1.11943579326833
"3836","Asia",2,2,5,1,1.24490045467009
"3837","Sicilia",2,2,5,1,1.27362027863495
"3838","Baetica",2,2,5,1,1.35202815143295
"3839","Latium et Campania (Regio I)",2,2,5,1,2.2423118232135
"3840","Africa Proconsularis",2,2,5,1,2.66587450948742
"3841","Germania Superior",2,2,5,2,-1.80384021466366
"3842","Narbonensis",2,2,5,2,-1.52754657719297
"3843","Germania Inferior",2,2,5,2,-1.40837682596186
"3844","Transpadana (Regio XI)",2,2,5,2,-1.28900429787157
"3845","Lusitania",2,2,5,2,-1.25195213336499
"3846","Pannonia Superior",2,2,5,2,-1.18129763235925
"3847","Belgica",2,2,5,2,-1.15496360664431
"3848","Aquitania",2,2,5,2,-1.04592935684575
"3849","Dalmatia",2,2,5,2,-0.918676803479822
"3850","Lugdunensis",2,2,5,2,-0.849082201514265
"3851","Britannia",2,2,5,2,-0.656733958423534
"3852","Venetia et Histria (Regio X)",2,2,5,2,-0.583982822031676
"3853","Moesia Superior",2,2,5,2,-0.57611502795553
"3854","Sardinia",2,2,5,2,-0.512106828708249
"3855","Moesia Inferior",2,2,5,2,-0.396166996078334
"3856","Pannonia Inferior",2,2,5,2,-0.357238740132179
"3857","Hispania Citerior",2,2,5,2,-0.338580053657167
"3858","Apulia et Calabria (Regio II)",2,2,5,2,-0.332610215186843
"3859","Raetia",2,2,5,2,-0.285908814761807
"3860","Noricum",2,2,5,2,-0.216343669184773
"3861","Aemilia (Regio VIII)",2,2,5,2,-0.0419021138457248
"3862","Mauretania Tingitana",2,2,5,2,0.0824569717796068
"3863","Umbria (Regio VI)",2,2,5,2,0.0911380196685986
"3864","Liguria (Regio IX)",2,2,5,2,0.350852290822874
"3865","Galatia",2,2,5,2,0.413659147633114
"3866","Syria",2,2,5,2,0.472647107674784
"3867","Numidia",2,2,5,2,0.472868327633115
"3868","Samnium (Regio IV)",2,2,5,2,0.579587716433036
"3869","Bruttium et Lucania (Regio III)",2,2,5,2,0.601156230862189
"3870","Picenum (Regio V)",2,2,5,2,0.684665119304985
"3871","Achaia",2,2,5,2,0.811670396303167
"3872","Etruria (Regio VII)",2,2,5,2,0.921061856168548
"3873","Dacia",2,2,5,2,1.01320014387969
"3874","Asia",2,2,5,2,1.05608973768118
"3875","Macedonia",2,2,5,2,1.12614011007753
"3876","Mauretania Caesariensis",2,2,5,2,1.13216734162578
"3877","Sicilia",2,2,5,2,1.27148910302065
"3878","Baetica",2,2,5,2,1.51887460730395
"3879","Latium et Campania (Regio I)",2,2,5,2,1.71973364025491
"3880","Africa Proconsularis",2,2,5,2,2.40890102173653
"3881","Germania Superior",2,2,5,3,-1.84807271378666
"3882","Narbonensis",2,2,5,3,-1.57352387626887
"3883","Germania Inferior",2,2,5,3,-1.44319195610449
"3884","Transpadana (Regio XI)",2,2,5,3,-1.3166718535217
"3885","Belgica",2,2,5,3,-1.20956765700029
"3886","Pannonia Superior",2,2,5,3,-1.18150820078466
"3887","Lusitania",2,2,5,3,-1.15187828345581
"3888","Aquitania",2,2,5,3,-1.09473982712332
"3889","Dalmatia",2,2,5,3,-0.937080733220501
"3890","Lugdunensis",2,2,5,3,-0.884243738569024
"3891","Britannia",2,2,5,3,-0.692646435725644
"3892","Moesia Superior",2,2,5,3,-0.584114652636938
"3893","Venetia et Histria (Regio X)",2,2,5,3,-0.519560352451642
"3894","Sardinia",2,2,5,3,-0.514557893897378
"3895","Moesia Inferior",2,2,5,3,-0.386465860635226
"3896","Pannonia Inferior",2,2,5,3,-0.360488626256859
"3897","Apulia et Calabria (Regio II)",2,2,5,3,-0.338815162506075
"3898","Raetia",2,2,5,3,-0.297213163400879
"3899","Noricum",2,2,5,3,-0.19865591942722
"3900","Hispania Citerior",2,2,5,3,-0.176617395797899
"3901","Aemilia (Regio VIII)",2,2,5,3,0.0168262377372448
"3902","Mauretania Tingitana",2,2,5,3,0.0977528143111217
"3903","Umbria (Regio VI)",2,2,5,3,0.105677625161616
"3904","Liguria (Regio IX)",2,2,5,3,0.403367769945445
"3905","Galatia",2,2,5,3,0.417246111346923
"3906","Numidia",2,2,5,3,0.432451027518221
"3907","Syria",2,2,5,3,0.481459938540729
"3908","Samnium (Regio IV)",2,2,5,3,0.601129791268196
"3909","Bruttium et Lucania (Regio III)",2,2,5,3,0.623251510849981
"3910","Picenum (Regio V)",2,2,5,3,0.737782871407191
"3911","Achaia",2,2,5,3,0.817703644513334
"3912","Etruria (Regio VII)",2,2,5,3,0.931174724991416
"3913","Asia",2,2,5,3,1.00332509617098
"3914","Dacia",2,2,5,3,1.00715450259176
"3915","Mauretania Caesariensis",2,2,5,3,1.12364084749822
"3916","Macedonia",2,2,5,3,1.13027350316391
"3917","Sicilia",2,2,5,3,1.27133256147038
"3918","Baetica",2,2,5,3,1.50731811206967
"3919","Latium et Campania (Regio I)",2,2,5,3,1.62600446045681
"3920","Africa Proconsularis",2,2,5,3,2.37474115155794
"3921","Germania Superior",2,2,5,4,-1.81999680660767
"3922","Narbonensis",2,2,5,4,-1.61319591085376
"3923","Germania Inferior",2,2,5,4,-1.39099915902834
"3924","Transpadana (Regio XI)",2,2,5,4,-1.33516017658602
"3925","Lusitania",2,2,5,4,-1.2568406565133
"3926","Belgica",2,2,5,4,-1.17869984876831
"3927","Aquitania",2,2,5,4,-1.09448406508493
"3928","Pannonia Superior",2,2,5,4,-1.0320999325826
"3929","Lugdunensis",2,2,5,4,-0.876427838802195
"3930","Dalmatia",2,2,5,4,-0.862135842573359
"3931","Britannia",2,2,5,4,-0.677114103387077
"3932","Venetia et Histria (Regio X)",2,2,5,4,-0.633816062891448
"3933","Moesia Superior",2,2,5,4,-0.549278165476897
"3934","Sardinia",2,2,5,4,-0.523797046360538
"3935","Apulia et Calabria (Regio II)",2,2,5,4,-0.357994798491427
"3936","Moesia Inferior",2,2,5,4,-0.332089457167505
"3937","Raetia",2,2,5,4,-0.293536268100557
"3938","Hispania Citerior",2,2,5,4,-0.282224925154385
"3939","Noricum",2,2,5,4,-0.185478664111838
"3940","Pannonia Inferior",2,2,5,4,-0.13464852777557
"3941","Aemilia (Regio VIII)",2,2,5,4,-0.114247559531171
"3942","Mauretania Tingitana",2,2,5,4,0.0594059466079505
"3943","Umbria (Regio VI)",2,2,5,4,0.110833621854272
"3944","Liguria (Regio IX)",2,2,5,4,0.34526552840163
"3945","Galatia",2,2,5,4,0.422859229878868
"3946","Samnium (Regio IV)",2,2,5,4,0.484448248721194
"3947","Numidia",2,2,5,4,0.485161306597597
"3948","Syria",2,2,5,4,0.488741718485973
"3949","Bruttium et Lucania (Regio III)",2,2,5,4,0.531445708572477
"3950","Picenum (Regio V)",2,2,5,4,0.647408009308154
"3951","Achaia",2,2,5,4,0.733852107221779
"3952","Etruria (Regio VII)",2,2,5,4,0.867230571289807
"3953","Asia",2,2,5,4,0.966171265743329
"3954","Macedonia",2,2,5,4,1.08616584569259
"3955","Mauretania Caesariensis",2,2,5,4,1.11571329404556
"3956","Sicilia",2,2,5,4,1.19915562392232
"3957","Dacia",2,2,5,4,1.22689858956337
"3958","Baetica",2,2,5,4,1.57799536620525
"3959","Latium et Campania (Regio I)",2,2,5,4,1.86267567214966
"3960","Africa Proconsularis",2,2,5,4,2.33283816158711
"3961","Germania Superior",2,2,5,5,-1.91130517330515
"3962","Narbonensis",2,2,5,5,-1.84975122068452
"3963","Lusitania",2,2,5,5,-1.46025392502636
"3964","Transpadana (Regio XI)",2,2,5,5,-1.32440981548689
"3965","Germania Inferior",2,2,5,5,-1.27835706058011
"3966","Aquitania",2,2,5,5,-1.10149374610275
"3967","Belgica",2,2,5,5,-1.08565543525557
"3968","Venetia et Histria (Regio X)",2,2,5,5,-0.897702636420863
"3969","Lugdunensis",2,2,5,5,-0.888020012640375
"3970","Pannonia Superior",2,2,5,5,-0.859474281557103
"3971","Britannia",2,2,5,5,-0.586200883503923
"3972","Sardinia",2,2,5,5,-0.526717955856446
"3973","Dalmatia",2,2,5,5,-0.473410148975202
"3974","Moesia Superior",2,2,5,5,-0.468102083233359
"3975","Apulia et Calabria (Regio II)",2,2,5,5,-0.403144331903795
"3976","Hispania Citerior",2,2,5,5,-0.343775908079498
"3977","Raetia",2,2,5,5,-0.272532298030484
"3978","Moesia Inferior",2,2,5,5,-0.132228046816899
"3979","Aemilia (Regio VIII)",2,2,5,5,-0.0872852415482912
"3980","Noricum",2,2,5,5,-0.0649493354772172
"3981","Pannonia Inferior",2,2,5,5,-0.0158994481498505
"3982","Mauretania Tingitana",2,2,5,5,0.135902839562169
"3983","Umbria (Regio VI)",2,2,5,5,0.163444929905744
"3984","Samnium (Regio IV)",2,2,5,5,0.251319407246742
"3985","Liguria (Regio IX)",2,2,5,5,0.253027708082928
"3986","Syria",2,2,5,5,0.389702479353868
"3987","Galatia",2,2,5,5,0.497471242234341
"3988","Bruttium et Lucania (Regio III)",2,2,5,5,0.522887552809078
"3989","Latium et Campania (Regio I)",2,2,5,5,0.550092183772248
"3990","Picenum (Regio V)",2,2,5,5,0.583369365217594
"3991","Numidia",2,2,5,5,0.618634881493633
"3992","Achaia",2,2,5,5,0.743608273752597
"3993","Mauretania Caesariensis",2,2,5,5,0.868719283088762
"3994","Asia",2,2,5,5,1.04092879995149
"3995","Etruria (Regio VII)",2,2,5,5,1.07791518060885
"3996","Macedonia",2,2,5,5,1.15972431615085
"3997","Sicilia",2,2,5,5,1.3181890407879
"3998","Baetica",2,2,5,5,1.69794805761373
"3999","Dacia",2,2,5,5,1.76441745145715
"4000","Africa Proconsularis",2,2,5,5,2.39336599554499
